method,M,T,BA
b,8,100,0.16666666666666666
b,8,500,0.16666666666666666
b,8,1000,0.16666666666666666
b,16,100,0.16666666666666666
b,16,500,0.16666666666666666
b,16,1000,0.16666666666666666
b,32,100,0.16666666666666666
b,32,500,0.16666666666666666
b,32,1000,0.16666666666666666
b_RBF,8,100,0.16666666666666666
b_RBF,8,500,0.16666666666666666
b_RBF,8,1000,0.16666666666666666
b_RBF,16,100,0.16666666666666666
b_RBF,16,500,0.16666666666666666
b_RBF,16,1000,0.16666666666666666
b_RBF,32,100,0.16666666666666666
b_RBF,32,500,0.16666666666666666
b_RBF,32,1000,0.16666666666666666
b_full,8,100,0.16666666666666666
b_full,8,500,0.16666666666666666
b_full,8,1000,0.16666666666666666
b_full,16,100,0.16666666666666666
b_full,16,500,0.16666666666666666
b_full,16,1000,0.16666666666666666
b_full,32,100,0.16666666666666666
b_full,32,500,0.16666666666666666
b_full,32,1000,0.16666666666666666
b_trees,8,100,0.16666666666666666
b_trees,8,500,0.16666666666666666
b_trees,8,1000,0.16666666666666666
b_trees,16,100,0.16666666666666666
b_trees,16,500,0.16666666666666666
b_trees,16,1000,0.16666666666666666
b_trees,32,100,0.16666666666666666
b_trees,32,500,0.16666666666666666
b_trees,32,1000,0.16666666666666666
distribution,8,100,0.9666666666666667
distribution,8,500,1.0
distribution,8,1000,1.0
distribution,16,100,1.0
distribution,16,500,1.0
distribution,16,1000,1.0
distribution,32,100,1.0
distribution,32,500,1.0
distribution,32,1000,1.0
mean,8,100,0.9333333333333333
mean,8,500,1.0
mean,8,1000,0.9666666666666667
mean,16,100,1.0
mean,16,500,1.0
mean,16,1000,0.9666666666666667
mean,32,100,1.0
mean,32,500,1.0
mean,32,1000,1.0
mean_RBF,8,100,1.0
mean_RBF,8,500,1.0
mean_RBF,8,1000,1.0
mean_RBF,16,100,1.0
mean_RBF,16,500,1.0
mean_RBF,16,1000,1.0
mean_RBF,32,100,1.0
mean_RBF,32,500,1.0
mean_RBF,32,1000,1.0
mean_complete,8,100,0.9333333333333333
mean_complete,8,500,1.0
mean_complete,8,1000,0.9666666666666667
mean_complete,16,100,1.0
mean_complete,16,500,1.0
mean_complete,16,1000,0.9666666666666667
mean_complete,32,100,1.0
mean_complete,32,500,1.0
mean_complete,32,1000,1.0
mean_full,8,100,0.9666666666666667
mean_full,8,500,1.0
mean_full,8,1000,0.9666666666666667
mean_full,16,100,1.0
mean_full,16,500,1.0
mean_full,16,1000,0.9666666666666667
mean_full,32,100,1.0
mean_full,32,500,1.0
mean_full,32,1000,1.0
mean_trees,8,100,0.9666666666666667
mean_trees,8,500,1.0
mean_trees,8,1000,1.0
mean_trees,16,100,1.0
mean_trees,16,500,1.0
mean_trees,16,1000,1.0
mean_trees,32,100,1.0
mean_trees,32,500,1.0
mean_trees,32,1000,1.0
pearson_two,8,100,0.16666666666666666
pearson_two,8,500,0.16666666666666666
pearson_two,8,1000,0.16666666666666666
pearson_two,16,100,0.16666666666666666
pearson_two,16,500,0.16666666666666666
pearson_two,16,1000,0.16666666666666666
pearson_two,32,100,0.16666666666666666
pearson_two,32,500,0.16666666666666666
pearson_two,32,1000,0.16666666666666666
pearson_two_RBF,8,100,0.16666666666666666
pearson_two_RBF,8,500,0.16666666666666666
pearson_two_RBF,8,1000,0.16666666666666666
pearson_two_RBF,16,100,0.16666666666666666
pearson_two_RBF,16,500,0.16666666666666666
pearson_two_RBF,16,1000,0.16666666666666666
pearson_two_RBF,32,100,0.16666666666666666
pearson_two_RBF,32,500,0.13333333333333333
pearson_two_RBF,32,1000,0.16666666666666666
pearson_two_full,8,100,0.16666666666666666
pearson_two_full,8,500,0.16666666666666666
pearson_two_full,8,1000,0.16666666666666666
pearson_two_full,16,100,0.16666666666666666
pearson_two_full,16,500,0.16666666666666666
pearson_two_full,16,1000,0.16666666666666666
pearson_two_full,32,100,0.16666666666666666
pearson_two_full,32,500,0.16666666666666666
pearson_two_full,32,1000,0.16666666666666666
pearson_two_trees,8,100,0.16666666666666666
pearson_two_trees,8,500,0.16666666666666666
pearson_two_trees,8,1000,0.16666666666666666
pearson_two_trees,16,100,0.16666666666666666
pearson_two_trees,16,500,0.16666666666666666
pearson_two_trees,16,1000,0.16666666666666666
pearson_two_trees,32,100,0.16666666666666666
pearson_two_trees,32,500,0.16666666666666666
pearson_two_trees,32,1000,0.16666666666666666
z,8,100,1.0
z,8,500,1.0
z,8,1000,1.0
z,16,100,1.0
z,16,500,1.0
z,16,1000,1.0
z,32,100,1.0
z,32,500,1.0
z,32,1000,1.0
z_complete,8,100,1.0
z_complete,8,500,1.0
z_complete,8,1000,1.0
z_complete,16,100,1.0
z_complete,16,500,1.0
z_complete,16,1000,1.0
z_complete,32,100,1.0
z_complete,32,500,1.0
z_complete,32,1000,1.0
z_shuffled_complete,8,100,0.26666666666666666
z_shuffled_complete,8,500,0.16666666666666666
z_shuffled_complete,8,1000,0.3
z_shuffled_complete,16,100,0.13333333333333333
z_shuffled_complete,16,500,0.1
z_shuffled_complete,16,1000,0.0
z_shuffled_complete,32,100,0.13333333333333333
z_shuffled_complete,32,500,0.2
z_shuffled_complete,32,1000,0.2
z_standard,8,100,0.8666666666666667
z_standard,8,500,0.9666666666666667
z_standard,8,1000,0.9666666666666667
z_standard,16,100,0.9333333333333333
z_standard,16,500,1.0
z_standard,16,1000,1.0
z_standard,32,100,1.0
z_standard,32,500,1.0
z_standard,32,1000,1.0
z_validity,8,100,0.4666666666666667
z_validity,8,500,0.5
z_validity,8,1000,0.5333333333333333
z_validity,16,100,0.43333333333333335
z_validity,16,500,0.36666666666666664
z_validity,16,1000,0.5666666666666667
z_validity,32,100,0.3333333333333333
z_validity,32,500,0.36666666666666664
z_validity,32,1000,0.3333333333333333
