method,n,independent_parent_blocks,BA,parent_min,parent_max,chance
mean,270,5,0.9851851851851853,0.9629629629629629,1.0,0.16666666666666666
distribution,270,5,0.9962962962962963,0.9814814814814815,1.0,0.16666666666666666
z,270,5,1.0,1.0,1.0,0.16666666666666666
z_validity,270,5,0.43333333333333335,0.3888888888888889,0.48148148148148145,0.16666666666666666
b,270,5,0.16666666666666666,0.16666666666666666,0.16666666666666666,0.16666666666666666
pearson_two,270,5,0.16666666666666666,0.16666666666666666,0.16666666666666666,0.16666666666666666
z_complete,270,5,1.0,1.0,1.0,0.16666666666666666
z_standard,270,5,0.9703703703703704,0.9259259259259259,1.0,0.16666666666666666
mean_complete,270,5,0.9851851851851853,0.9629629629629629,1.0,0.16666666666666666
z_shuffled_complete,270,5,0.16666666666666663,0.12962962962962962,0.2037037037037037,0.16666666666666666
mean_full,270,5,0.9888888888888889,0.9629629629629629,1.0,0.16666666666666666
mean_RBF,270,5,1.0,1.0,1.0,0.16666666666666666
mean_trees,270,5,0.9962962962962963,0.9814814814814815,1.0,0.16666666666666666
b_full,270,5,0.16666666666666666,0.16666666666666666,0.16666666666666666,0.16666666666666666
b_RBF,270,5,0.16666666666666666,0.16666666666666666,0.16666666666666666,0.16666666666666666
b_trees,270,5,0.16666666666666666,0.16666666666666666,0.16666666666666666,0.16666666666666666
pearson_two_full,270,5,0.16666666666666666,0.16666666666666666,0.16666666666666666,0.16666666666666666
pearson_two_RBF,270,5,0.16296296296296295,0.14814814814814814,0.16666666666666666,0.16666666666666666
pearson_two_trees,270,5,0.16666666666666666,0.16666666666666666,0.16666666666666666,0.16666666666666666
