method,scope,n,balanced_accuracy,low,high,chance
mean,all7,84,0.9523809523809523,0.8928571428571429,1.0,0.14285714285714285
mean,CML5,60,0.9333333333333332,0.8500000000000001,1.0,0.2
distribution,all7,84,0.9761904761904763,0.9404761904761906,1.0,0.14285714285714285
distribution,CML5,60,0.9666666666666668,0.9166666666666669,1.0,0.2
z,all7,84,0.988095238095238,0.9642857142857143,1.0,0.14285714285714285
z,CML5,60,0.9833333333333332,0.9500000000000001,1.0,0.2
validity,all7,84,0.4880952380952381,0.4166666666666666,0.5595238095238094,0.14285714285714285
validity,CML5,60,0.6833333333333333,0.5833333333333334,0.7833333333333333,0.2
profile_validity,all7,84,0.5238095238095238,0.42857142857142855,0.6309523809523808,0.14285714285714285
profile_validity,CML5,60,0.7,0.5833333333333334,0.8000000000000002,0.2
z_validity,all7,84,0.5833333333333334,0.4880952380952381,0.6666666666666666,0.14285714285714285
z_validity,CML5,60,0.7833333333333334,0.6833333333333335,0.8666666666666667,0.2
strength_only,all7,84,0.3333333333333333,0.23809523809523805,0.4404761904761904,0.14285714285714285
strength_only,CML5,60,0.2833333333333333,0.15,0.4170833333333312,0.2
mean_without_PCA,all7,84,0.9642857142857143,0.9285714285714285,1.0,0.14285714285714285
mean_without_PCA,CML5,60,0.95,0.9,1.0,0.2
