feature_index,SPI-1,SPI-2,ks_statistic,n_VAR(1)-Symmetric,n_VAR(1)-Unidirectional
0,xcorr_max_sig-True,xcorr-sq_max_sig-True,0.820084047033696,96,96
1,xcorr_max_sig-True,xcorr_mean_sig-True,0.2702349718560124,96,96
2,xcorr_max_sig-True,xcorr-sq_mean_sig-True,0.3819580846162819,96,96
3,xcorr_max_sig-True,xcorr_mean_sig-False,0.10714086016942861,96,96
4,xcorr_max_sig-True,xcorr-sq_mean_sig-False,0.1561805673172667,96,96
5,xcorr_max_sig-True,je_gaussian,0.826045284301463,96,96
6,xcorr_max_sig-True,je_kozachenko,0.9462372433919812,96,96
7,xcorr_max_sig-True,je_kernel_W-0.5,0.8609885113214638,96,96
8,xcorr_max_sig-True,ce_gaussian,0.826045284301463,96,96
9,xcorr_max_sig-True,ce_kozachenko,0.9471600453272417,96,96
10,xcorr_max_sig-True,ce_kernel_W-0.5,0.870529691905815,96,96
11,xcorr_max_sig-True,cce_gaussian,0.7491644485582809,96,96
12,xcorr_max_sig-True,cce_kozachenko,0.736375660736099,96,96
13,xcorr_max_sig-True,cce_kernel_W-0.5,0.8817678488700332,96,96
14,xcorr_max_sig-True,di_gaussian,0.6746370553507295,96,96
15,xcorr_max_sig-True,di_kozachenko,0.7978432307351234,96,96
16,xcorr_max_sig-True,di_kernel_W-0.5,0.726470969985884,96,96
17,xcorr_max_sig-True,mi_gaussian,0.8260452843014628,96,96
18,xcorr_max_sig-True,mi_kraskov_NN-4,0.9217167419516566,96,96
19,xcorr_max_sig-True,mi_kraskov_NN-4_DCE,0.930812526039854,96,96
20,xcorr_max_sig-True,mi_kernel_W-0.25,0.8739351202601634,96,96
21,xcorr_max_sig-True,tlmi_gaussian,0.8187594160162412,96,96
22,xcorr_max_sig-True,tlmi_kraskov_NN-4,0.9833303979307437,96,96
23,xcorr_max_sig-True,tlmi_kraskov_NN-4_DCE,0.9851291726479955,96,96
24,xcorr_max_sig-True,tlmi_kernel_W-0.25,0.8623729303509353,96,96
25,xcorr_max_sig-True,te_kraskov_NN-4_k-max-10_tau-max-4,0.7069901726805254,96,96
26,xcorr_max_sig-True,te_kraskov_NN-4_DCE_k-max-10_tau-max-4,0.7583855141980583,96,96
27,xcorr_max_sig-True,te_kraskov_NN-4_DCE_k-2_kt-1_l-1_lt-1,0.7230136781430446,96,96
28,xcorr_max_sig-True,te_kraskov_NN-4_DCE_k-1_kt-1_l-1_lt-1,0.7955565028461689,96,96
29,xcorr_max_sig-True,te_kraskov_NN-4_k-1_kt-1_l-1_lt-1,0.7881072618583508,96,96
30,xcorr_max_sig-True,te_kernel_W-0.25_k-1,0.20000259930035746,96,96
31,xcorr_max_sig-True,gc_gaussian_k-max-10_tau-max-2,0.8777651697568702,96,96
32,xcorr_max_sig-True,gc_gaussian_k-1_kt-1_l-1_lt-1,0.9696521133945267,96,96
33,xcorr_max_sig-True,te_symbolic_k-1_kt-1_l-1_lt-1,0.9696521133945267,96,96
34,xcorr_max_sig-True,te_symbolic_k-10_kt-1_l-1_lt-1,0.9250079932496905,96,96
35,xcorr-sq_max_sig-True,xcorr_mean_sig-True,0.10612326590659722,96,96
36,xcorr-sq_max_sig-True,xcorr-sq_mean_sig-True,0.4778743154566582,96,96
37,xcorr-sq_max_sig-True,xcorr_mean_sig-False,0.11022229918615933,96,96
38,xcorr-sq_max_sig-True,xcorr-sq_mean_sig-False,0.22728491705240678,96,96
39,xcorr-sq_max_sig-True,je_gaussian,0.8155929674072797,96,96
40,xcorr-sq_max_sig-True,je_kozachenko,0.9481461558026487,96,96
41,xcorr-sq_max_sig-True,je_kernel_W-0.5,0.8524135827261851,96,96
42,xcorr-sq_max_sig-True,ce_gaussian,0.8155929674072797,96,96
43,xcorr-sq_max_sig-True,ce_kozachenko,0.9514509439109261,96,96
44,xcorr-sq_max_sig-True,ce_kernel_W-0.5,0.8635202309315317,96,96
45,xcorr-sq_max_sig-True,cce_gaussian,0.7152052308551619,96,96
46,xcorr-sq_max_sig-True,cce_kozachenko,0.7363733337054202,96,96
47,xcorr-sq_max_sig-True,cce_kernel_W-0.5,0.8870905841111772,96,96
48,xcorr-sq_max_sig-True,di_gaussian,0.6621595415920155,96,96
49,xcorr-sq_max_sig-True,di_kozachenko,0.7950051741058985,96,96
50,xcorr-sq_max_sig-True,di_kernel_W-0.5,0.7269319684559401,96,96
51,xcorr-sq_max_sig-True,mi_gaussian,0.8155929674072794,96,96
52,xcorr-sq_max_sig-True,mi_kraskov_NN-4,0.9396991632581645,96,96
53,xcorr-sq_max_sig-True,mi_kraskov_NN-4_DCE,0.9455898185906734,96,96
54,xcorr-sq_max_sig-True,mi_kernel_W-0.25,0.8583275786515167,96,96
55,xcorr-sq_max_sig-True,tlmi_gaussian,0.8010982058850752,96,96
56,xcorr-sq_max_sig-True,tlmi_kraskov_NN-4,0.9879288350160886,96,96
57,xcorr-sq_max_sig-True,tlmi_kraskov_NN-4_DCE,0.9871338808334761,96,96
58,xcorr-sq_max_sig-True,tlmi_kernel_W-0.25,0.8577288381596717,96,96
59,xcorr-sq_max_sig-True,te_kraskov_NN-4_k-max-10_tau-max-4,0.7061651643796609,96,96
60,xcorr-sq_max_sig-True,te_kraskov_NN-4_DCE_k-max-10_tau-max-4,0.7530462734244043,96,96
61,xcorr-sq_max_sig-True,te_kraskov_NN-4_DCE_k-2_kt-1_l-1_lt-1,0.7289778072962483,96,96
62,xcorr-sq_max_sig-True,te_kraskov_NN-4_DCE_k-1_kt-1_l-1_lt-1,0.7910204144256882,96,96
63,xcorr-sq_max_sig-True,te_kraskov_NN-4_k-1_kt-1_l-1_lt-1,0.7849967234744447,96,96
64,xcorr-sq_max_sig-True,te_kernel_W-0.25_k-1,0.1990562900942735,96,96
65,xcorr-sq_max_sig-True,gc_gaussian_k-max-10_tau-max-2,0.889338811644892,96,96
66,xcorr-sq_max_sig-True,gc_gaussian_k-1_kt-1_l-1_lt-1,0.9768302997592432,96,96
67,xcorr-sq_max_sig-True,te_symbolic_k-1_kt-1_l-1_lt-1,0.9768302997592432,96,96
68,xcorr-sq_max_sig-True,te_symbolic_k-10_kt-1_l-1_lt-1,0.9378802291216598,96,96
69,xcorr_mean_sig-True,xcorr-sq_mean_sig-True,0.4316955816224286,96,96
70,xcorr_mean_sig-True,xcorr_mean_sig-False,0.23562602279185788,96,96
71,xcorr_mean_sig-True,xcorr-sq_mean_sig-False,0.28852197368381216,96,96
72,xcorr_mean_sig-True,je_gaussian,0.11594891898027565,96,96
73,xcorr_mean_sig-True,je_kozachenko,0.26824891754219804,96,96
74,xcorr_mean_sig-True,je_kernel_W-0.5,0.13401670253073064,96,96
75,xcorr_mean_sig-True,ce_gaussian,0.11594891898027565,96,96
76,xcorr_mean_sig-True,ce_kozachenko,0.3012321523894115,96,96
77,xcorr_mean_sig-True,ce_kernel_W-0.5,0.13757535584772632,96,96
78,xcorr_mean_sig-True,cce_gaussian,0.2550252348281262,96,96
79,xcorr_mean_sig-True,cce_kozachenko,0.19493114598990724,96,96
80,xcorr_mean_sig-True,cce_kernel_W-0.5,0.2443385198297695,96,96
81,xcorr_mean_sig-True,di_gaussian,0.42560630812796735,96,96
82,xcorr_mean_sig-True,di_kozachenko,0.583162604957258,96,96
83,xcorr_mean_sig-True,di_kernel_W-0.5,0.47997812093059633,96,96
84,xcorr_mean_sig-True,mi_gaussian,0.11594891898027604,96,96
85,xcorr_mean_sig-True,mi_kraskov_NN-4,0.18391071832959227,96,96
86,xcorr_mean_sig-True,mi_kraskov_NN-4_DCE,0.22011668653781458,96,96
87,xcorr_mean_sig-True,mi_kernel_W-0.25,0.15735287496767547,96,96
88,xcorr_mean_sig-True,tlmi_gaussian,0.3463545470187745,96,96
89,xcorr_mean_sig-True,tlmi_kraskov_NN-4,0.5126348258138806,96,96
90,xcorr_mean_sig-True,tlmi_kraskov_NN-4_DCE,0.5385194712590358,96,96
91,xcorr_mean_sig-True,tlmi_kernel_W-0.25,0.43999956341402424,96,96
92,xcorr_mean_sig-True,te_kraskov_NN-4_k-max-10_tau-max-4,0.46424794835013766,96,96
93,xcorr_mean_sig-True,te_kraskov_NN-4_DCE_k-max-10_tau-max-4,0.3290703751627521,96,96
94,xcorr_mean_sig-True,te_kraskov_NN-4_DCE_k-2_kt-1_l-1_lt-1,0.3717737011812223,96,96
95,xcorr_mean_sig-True,te_kraskov_NN-4_DCE_k-1_kt-1_l-1_lt-1,0.4802756448855973,96,96
96,xcorr_mean_sig-True,te_kraskov_NN-4_k-1_kt-1_l-1_lt-1,0.5299453750829088,96,96
97,xcorr_mean_sig-True,te_kernel_W-0.25_k-1,0.28547328067206146,96,96
98,xcorr_mean_sig-True,gc_gaussian_k-max-10_tau-max-2,0.49116816234777266,96,96
99,xcorr_mean_sig-True,gc_gaussian_k-1_kt-1_l-1_lt-1,0.5369339071873049,96,96
100,xcorr_mean_sig-True,te_symbolic_k-1_kt-1_l-1_lt-1,0.5369339071873049,96,96
101,xcorr_mean_sig-True,te_symbolic_k-10_kt-1_l-1_lt-1,0.516001922797142,96,96
102,xcorr-sq_mean_sig-True,xcorr_mean_sig-False,0.23744535276869894,96,96
103,xcorr-sq_mean_sig-True,xcorr-sq_mean_sig-False,0.4460999759113554,96,96
104,xcorr-sq_mean_sig-True,je_gaussian,0.08470214136164955,96,96
105,xcorr-sq_mean_sig-True,je_kozachenko,0.514156952481388,96,96
106,xcorr-sq_mean_sig-True,je_kernel_W-0.5,0.1489319937900377,96,96
107,xcorr-sq_mean_sig-True,ce_gaussian,0.08470214136164955,96,96
108,xcorr-sq_mean_sig-True,ce_kozachenko,0.5385462876355683,96,96
109,xcorr-sq_mean_sig-True,ce_kernel_W-0.5,0.1460971418530517,96,96
110,xcorr-sq_mean_sig-True,cce_gaussian,0.27863728763957607,96,96
111,xcorr-sq_mean_sig-True,cce_kozachenko,0.3714745252324128,96,96
112,xcorr-sq_mean_sig-True,cce_kernel_W-0.5,0.5899450899640831,96,96
113,xcorr-sq_mean_sig-True,di_gaussian,0.2425591737010797,96,96
114,xcorr-sq_mean_sig-True,di_kozachenko,0.5315272909177449,96,96
115,xcorr-sq_mean_sig-True,di_kernel_W-0.5,0.47394413902403537,96,96
116,xcorr-sq_mean_sig-True,mi_gaussian,0.08470214136164902,96,96
117,xcorr-sq_mean_sig-True,mi_kraskov_NN-4,0.36429593891439216,96,96
118,xcorr-sq_mean_sig-True,mi_kraskov_NN-4_DCE,0.40467776691990626,96,96
119,xcorr-sq_mean_sig-True,mi_kernel_W-0.25,0.19624323891468676,96,96
120,xcorr-sq_mean_sig-True,tlmi_gaussian,0.15372757375223722,96,96
121,xcorr-sq_mean_sig-True,tlmi_kraskov_NN-4,0.6706089179576672,96,96
122,xcorr-sq_mean_sig-True,tlmi_kraskov_NN-4_DCE,0.6844784950427643,96,96
123,xcorr-sq_mean_sig-True,tlmi_kernel_W-0.25,0.2962695139372732,96,96
124,xcorr-sq_mean_sig-True,te_kraskov_NN-4_k-max-10_tau-max-4,0.5260805702197673,96,96
125,xcorr-sq_mean_sig-True,te_kraskov_NN-4_DCE_k-max-10_tau-max-4,0.5218129842326633,96,96
126,xcorr-sq_mean_sig-True,te_kraskov_NN-4_DCE_k-2_kt-1_l-1_lt-1,0.5270789391079671,96,96
127,xcorr-sq_mean_sig-True,te_kraskov_NN-4_DCE_k-1_kt-1_l-1_lt-1,0.5935264648623101,96,96
128,xcorr-sq_mean_sig-True,te_kraskov_NN-4_k-1_kt-1_l-1_lt-1,0.6201137573236275,96,96
129,xcorr-sq_mean_sig-True,te_kernel_W-0.25_k-1,0.16472541919522188,96,96
130,xcorr-sq_mean_sig-True,gc_gaussian_k-max-10_tau-max-2,0.40854499367024616,96,96
131,xcorr-sq_mean_sig-True,gc_gaussian_k-1_kt-1_l-1_lt-1,0.4698955268169626,96,96
132,xcorr-sq_mean_sig-True,te_symbolic_k-1_kt-1_l-1_lt-1,0.4698955268169626,96,96
133,xcorr-sq_mean_sig-True,te_symbolic_k-10_kt-1_l-1_lt-1,0.4036245846784192,96,96
134,xcorr_mean_sig-False,xcorr-sq_mean_sig-False,0.2633045392422585,96,96
135,xcorr_mean_sig-False,je_gaussian,0.06410258094898433,96,96
136,xcorr_mean_sig-False,je_kozachenko,0.2446912048784931,96,96
137,xcorr_mean_sig-False,je_kernel_W-0.5,0.11274547878081304,96,96
138,xcorr_mean_sig-False,ce_gaussian,0.06410258094898433,96,96
139,xcorr_mean_sig-False,ce_kozachenko,0.21369081362260117,96,96
140,xcorr_mean_sig-False,ce_kernel_W-0.5,0.12156879442201896,96,96
141,xcorr_mean_sig-False,cce_gaussian,0.22957773506455337,96,96
142,xcorr_mean_sig-False,cce_kozachenko,0.19610308244811414,96,96
143,xcorr_mean_sig-False,cce_kernel_W-0.5,0.23765030513477348,96,96
144,xcorr_mean_sig-False,di_gaussian,0.3289776650883386,96,96
145,xcorr_mean_sig-False,di_kozachenko,0.4558522495236668,96,96
146,xcorr_mean_sig-False,di_kernel_W-0.5,0.3370540415174953,96,96
147,xcorr_mean_sig-False,mi_gaussian,0.0641025809489838,96,96
148,xcorr_mean_sig-False,mi_kraskov_NN-4,0.13801056122832056,96,96
149,xcorr_mean_sig-False,mi_kraskov_NN-4_DCE,0.17565754488081076,96,96
150,xcorr_mean_sig-False,mi_kernel_W-0.25,0.13950717718996442,96,96
151,xcorr_mean_sig-False,tlmi_gaussian,0.2909077950103462,96,96
152,xcorr_mean_sig-False,tlmi_kraskov_NN-4,0.5178650299066442,96,96
153,xcorr_mean_sig-False,tlmi_kraskov_NN-4_DCE,0.5352326837062766,96,96
154,xcorr_mean_sig-False,tlmi_kernel_W-0.25,0.3592827899952412,96,96
155,xcorr_mean_sig-False,te_kraskov_NN-4_k-max-10_tau-max-4,0.36765761938061475,96,96
156,xcorr_mean_sig-False,te_kraskov_NN-4_DCE_k-max-10_tau-max-4,0.2044801564440053,96,96
157,xcorr_mean_sig-False,te_kraskov_NN-4_DCE_k-2_kt-1_l-1_lt-1,0.25540955930314035,96,96
158,xcorr_mean_sig-False,te_kraskov_NN-4_DCE_k-1_kt-1_l-1_lt-1,0.36384860279512393,96,96
159,xcorr_mean_sig-False,te_kraskov_NN-4_k-1_kt-1_l-1_lt-1,0.39656797330022897,96,96
160,xcorr_mean_sig-False,te_kernel_W-0.25_k-1,0.20429687564603705,96,96
161,xcorr_mean_sig-False,gc_gaussian_k-max-10_tau-max-2,0.3826870986385417,96,96
162,xcorr_mean_sig-False,gc_gaussian_k-1_kt-1_l-1_lt-1,0.4480256200618558,96,96
163,xcorr_mean_sig-False,te_symbolic_k-1_kt-1_l-1_lt-1,0.4480256200618558,96,96
164,xcorr_mean_sig-False,te_symbolic_k-10_kt-1_l-1_lt-1,0.44274644524751555,96,96
165,xcorr-sq_mean_sig-False,je_gaussian,0.12264032171313835,96,96
166,xcorr-sq_mean_sig-False,je_kozachenko,0.525559038756487,96,96
167,xcorr-sq_mean_sig-False,je_kernel_W-0.5,0.1897885226457327,96,96
168,xcorr-sq_mean_sig-False,ce_gaussian,0.12264032171313835,96,96
169,xcorr-sq_mean_sig-False,ce_kozachenko,0.5236493384018062,96,96
170,xcorr-sq_mean_sig-False,ce_kernel_W-0.5,0.18719889195576195,96,96
171,xcorr-sq_mean_sig-False,cce_gaussian,0.253924754100611,96,96
172,xcorr-sq_mean_sig-False,cce_kozachenko,0.3857498902756038,96,96
173,xcorr-sq_mean_sig-False,cce_kernel_W-0.5,0.6256030911498538,96,96
174,xcorr-sq_mean_sig-False,di_gaussian,0.2406785837326662,96,96
175,xcorr-sq_mean_sig-False,di_kozachenko,0.559239945726939,96,96
176,xcorr-sq_mean_sig-False,di_kernel_W-0.5,0.44281178427811513,96,96
177,xcorr-sq_mean_sig-False,mi_gaussian,0.1226403217131381,96,96
178,xcorr-sq_mean_sig-False,mi_kraskov_NN-4,0.40320716682172286,96,96
179,xcorr-sq_mean_sig-False,mi_kraskov_NN-4_DCE,0.4954975816244046,96,96
180,xcorr-sq_mean_sig-False,mi_kernel_W-0.25,0.21807063964818774,96,96
181,xcorr-sq_mean_sig-False,tlmi_gaussian,0.16394510682357677,96,96
182,xcorr-sq_mean_sig-False,tlmi_kraskov_NN-4,0.7214522847144674,96,96
183,xcorr-sq_mean_sig-False,tlmi_kraskov_NN-4_DCE,0.7879954040570231,96,96
184,xcorr-sq_mean_sig-False,tlmi_kernel_W-0.25,0.32004589654710225,96,96
185,xcorr-sq_mean_sig-False,te_kraskov_NN-4_k-max-10_tau-max-4,0.48625249081856087,96,96
186,xcorr-sq_mean_sig-False,te_kraskov_NN-4_DCE_k-max-10_tau-max-4,0.503938168749867,96,96
187,xcorr-sq_mean_sig-False,te_kraskov_NN-4_DCE_k-2_kt-1_l-1_lt-1,0.5052926587349746,96,96
188,xcorr-sq_mean_sig-False,te_kraskov_NN-4_DCE_k-1_kt-1_l-1_lt-1,0.5653486792799178,96,96
189,xcorr-sq_mean_sig-False,te_kraskov_NN-4_k-1_kt-1_l-1_lt-1,0.5904603967593828,96,96
190,xcorr-sq_mean_sig-False,te_kernel_W-0.25_k-1,0.19615543216642173,96,96
191,xcorr-sq_mean_sig-False,gc_gaussian_k-max-10_tau-max-2,0.3224193308471639,96,96
192,xcorr-sq_mean_sig-False,gc_gaussian_k-1_kt-1_l-1_lt-1,0.4291266702913586,96,96
193,xcorr-sq_mean_sig-False,te_symbolic_k-1_kt-1_l-1_lt-1,0.4291266702913586,96,96
194,xcorr-sq_mean_sig-False,te_symbolic_k-10_kt-1_l-1_lt-1,0.33506251427764466,96,96
195,je_gaussian,je_kozachenko,0.9506145760051598,96,96
196,je_gaussian,je_kernel_W-0.5,0.8495184427179867,96,96
197,je_gaussian,ce_gaussian,0.125,96,96
198,je_gaussian,ce_kozachenko,0.9632129597930708,96,96
199,je_gaussian,ce_kernel_W-0.5,0.875819740607136,96,96
200,je_gaussian,cce_gaussian,0.41986663527162366,96,96
201,je_gaussian,cce_kozachenko,0.5663503109960708,96,96
202,je_gaussian,cce_kernel_W-0.5,0.7716888784891182,96,96
203,je_gaussian,di_gaussian,0.7955204687035498,96,96
204,je_gaussian,di_kozachenko,0.7030786520695236,96,96
205,je_gaussian,di_kernel_W-0.5,0.8339581082178842,96,96
206,je_gaussian,mi_gaussian,0.15625,96,96
207,je_gaussian,mi_kraskov_NN-4,0.9512083744029717,96,96
208,je_gaussian,mi_kraskov_NN-4_DCE,0.9569856862518548,96,96
209,je_gaussian,mi_kernel_W-0.25,0.9032797522214407,96,96
210,je_gaussian,tlmi_gaussian,0.0993524037009677,96,96
211,je_gaussian,tlmi_kraskov_NN-4,0.46950315395524367,96,96
212,je_gaussian,tlmi_kraskov_NN-4_DCE,0.5080927994931639,96,96
213,je_gaussian,tlmi_kernel_W-0.25,0.772478094889772,96,96
214,je_gaussian,te_kraskov_NN-4_k-max-10_tau-max-4,0.1641154622580719,96,96
215,je_gaussian,te_kraskov_NN-4_DCE_k-max-10_tau-max-4,0.4809401852279937,96,96
216,je_gaussian,te_kraskov_NN-4_DCE_k-2_kt-1_l-1_lt-1,0.4465327742040185,96,96
217,je_gaussian,te_kraskov_NN-4_DCE_k-1_kt-1_l-1_lt-1,0.4526381370587965,96,96
218,je_gaussian,te_kraskov_NN-4_k-1_kt-1_l-1_lt-1,0.28312887870449865,96,96
219,je_gaussian,te_kernel_W-0.25_k-1,0.19254733790338527,96,96
220,je_gaussian,gc_gaussian_k-max-10_tau-max-2,0.7474741878663765,96,96
221,je_gaussian,gc_gaussian_k-1_kt-1_l-1_lt-1,0.6688351706420408,96,96
222,je_gaussian,te_symbolic_k-1_kt-1_l-1_lt-1,0.6688351706420408,96,96
223,je_gaussian,te_symbolic_k-10_kt-1_l-1_lt-1,0.6178466341524526,96,96
224,je_kozachenko,je_kernel_W-0.5,0.9443968614019398,96,96
225,je_kozachenko,ce_gaussian,0.9506145760051598,96,96
226,je_kozachenko,ce_kozachenko,0.6211259829130541,96,96
227,je_kozachenko,ce_kernel_W-0.5,0.942388015900018,96,96
228,je_kozachenko,cce_gaussian,0.6756533750089702,96,96
229,je_kozachenko,cce_kozachenko,0.48151282833456116,96,96
230,je_kozachenko,cce_kernel_W-0.5,0.7629147682672863,96,96
231,je_kozachenko,di_gaussian,0.9163055181237626,96,96
232,je_kozachenko,di_kozachenko,0.48111304454802195,96,96
233,je_kozachenko,di_kernel_W-0.5,0.7410296005764763,96,96
234,je_kozachenko,mi_gaussian,0.9506145760051605,96,96
235,je_kozachenko,mi_kraskov_NN-4,0.8987631908006563,96,96
236,je_kozachenko,mi_kraskov_NN-4_DCE,0.879705297629426,96,96
237,je_kozachenko,mi_kernel_W-0.25,0.9283869125861955,96,96
238,je_kozachenko,tlmi_gaussian,0.8227039403319996,96,96
239,je_kozachenko,tlmi_kraskov_NN-4,0.6413743473636537,96,96
240,je_kozachenko,tlmi_kraskov_NN-4_DCE,0.6484279143795766,96,96
241,je_kozachenko,tlmi_kernel_W-0.25,0.865245573105851,96,96
242,je_kozachenko,te_kraskov_NN-4_k-max-10_tau-max-4,0.38174705779380547,96,96
243,je_kozachenko,te_kraskov_NN-4_DCE_k-max-10_tau-max-4,0.6284120170556309,96,96
244,je_kozachenko,te_kraskov_NN-4_DCE_k-2_kt-1_l-1_lt-1,0.5933382726888976,96,96
245,je_kozachenko,te_kraskov_NN-4_DCE_k-1_kt-1_l-1_lt-1,0.5850481536667931,96,96
246,je_kozachenko,te_kraskov_NN-4_k-1_kt-1_l-1_lt-1,0.4983439459417299,96,96
247,je_kozachenko,te_kernel_W-0.25_k-1,0.29824637389943065,96,96
248,je_kozachenko,gc_gaussian_k-max-10_tau-max-2,0.8415810376260415,96,96
249,je_kozachenko,gc_gaussian_k-1_kt-1_l-1_lt-1,0.8584025233382713,96,96
250,je_kozachenko,te_symbolic_k-1_kt-1_l-1_lt-1,0.8584025233382713,96,96
251,je_kozachenko,te_symbolic_k-10_kt-1_l-1_lt-1,0.8238242869535588,96,96
252,je_kernel_W-0.5,ce_gaussian,0.8495184427179867,96,96
253,je_kernel_W-0.5,ce_kozachenko,0.9396009943617397,96,96
254,je_kernel_W-0.5,ce_kernel_W-0.5,0.5865641763268344,96,96
255,je_kernel_W-0.5,cce_gaussian,0.5272863071790569,96,96
256,je_kernel_W-0.5,cce_kozachenko,0.6187086559186397,96,96
257,je_kernel_W-0.5,cce_kernel_W-0.5,0.7665412192900394,96,96
258,je_kernel_W-0.5,di_gaussian,0.8616595066834708,96,96
259,je_kernel_W-0.5,di_kozachenko,0.6600969373026503,96,96
260,je_kernel_W-0.5,di_kernel_W-0.5,0.7906950758335739,96,96
261,je_kernel_W-0.5,mi_gaussian,0.8495184427179863,96,96
262,je_kernel_W-0.5,mi_kraskov_NN-4,0.9636998713076192,96,96
263,je_kernel_W-0.5,mi_kraskov_NN-4_DCE,0.9430339962475824,96,96
264,je_kernel_W-0.5,mi_kernel_W-0.25,0.8993500106014398,96,96
265,je_kernel_W-0.5,tlmi_gaussian,0.6620947414347204,96,96
266,je_kernel_W-0.5,tlmi_kraskov_NN-4,0.48884791153114854,96,96
267,je_kernel_W-0.5,tlmi_kraskov_NN-4_DCE,0.510815564884615,96,96
268,je_kernel_W-0.5,tlmi_kernel_W-0.25,0.6852428814770538,96,96
269,je_kernel_W-0.5,te_kraskov_NN-4_k-max-10_tau-max-4,0.16577234275318384,96,96
270,je_kernel_W-0.5,te_kraskov_NN-4_DCE_k-max-10_tau-max-4,0.47266298658828304,96,96
271,je_kernel_W-0.5,te_kraskov_NN-4_DCE_k-2_kt-1_l-1_lt-1,0.4539796661024522,96,96
272,je_kernel_W-0.5,te_kraskov_NN-4_DCE_k-1_kt-1_l-1_lt-1,0.4079515542226413,96,96
273,je_kernel_W-0.5,te_kraskov_NN-4_k-1_kt-1_l-1_lt-1,0.2802058013287488,96,96
274,je_kernel_W-0.5,te_kernel_W-0.25_k-1,0.1688197980344904,96,96
275,je_kernel_W-0.5,gc_gaussian_k-max-10_tau-max-2,0.7946963301466405,96,96
276,je_kernel_W-0.5,gc_gaussian_k-1_kt-1_l-1_lt-1,0.8177435146429448,96,96
277,je_kernel_W-0.5,te_symbolic_k-1_kt-1_l-1_lt-1,0.8177435146429448,96,96
278,je_kernel_W-0.5,te_symbolic_k-10_kt-1_l-1_lt-1,0.7778033866126681,96,96
279,ce_gaussian,ce_kozachenko,0.9632129597930708,96,96
280,ce_gaussian,ce_kernel_W-0.5,0.875819740607136,96,96
281,ce_gaussian,cce_gaussian,0.41986663527162366,96,96
282,ce_gaussian,cce_kozachenko,0.5663503109960708,96,96
283,ce_gaussian,cce_kernel_W-0.5,0.7716888784891182,96,96
284,ce_gaussian,di_gaussian,0.7955204687035498,96,96
285,ce_gaussian,di_kozachenko,0.7030786520695236,96,96
286,ce_gaussian,di_kernel_W-0.5,0.8339581082178842,96,96
287,ce_gaussian,mi_gaussian,0.10416666666666667,96,96
288,ce_gaussian,mi_kraskov_NN-4,0.9512083744029717,96,96
289,ce_gaussian,mi_kraskov_NN-4_DCE,0.9569856862518548,96,96
290,ce_gaussian,mi_kernel_W-0.25,0.9032797522214407,96,96
291,ce_gaussian,tlmi_gaussian,0.0993524037009677,96,96
292,ce_gaussian,tlmi_kraskov_NN-4,0.46950315395524367,96,96
293,ce_gaussian,tlmi_kraskov_NN-4_DCE,0.5080927994931639,96,96
294,ce_gaussian,tlmi_kernel_W-0.25,0.772478094889772,96,96
295,ce_gaussian,te_kraskov_NN-4_k-max-10_tau-max-4,0.1641154622580719,96,96
296,ce_gaussian,te_kraskov_NN-4_DCE_k-max-10_tau-max-4,0.4809401852279937,96,96
297,ce_gaussian,te_kraskov_NN-4_DCE_k-2_kt-1_l-1_lt-1,0.4465327742040185,96,96
298,ce_gaussian,te_kraskov_NN-4_DCE_k-1_kt-1_l-1_lt-1,0.4526381370587965,96,96
299,ce_gaussian,te_kraskov_NN-4_k-1_kt-1_l-1_lt-1,0.28312887870449865,96,96
300,ce_gaussian,te_kernel_W-0.25_k-1,0.19254733790338527,96,96
301,ce_gaussian,gc_gaussian_k-max-10_tau-max-2,0.7474741878663765,96,96
302,ce_gaussian,gc_gaussian_k-1_kt-1_l-1_lt-1,0.6688351706420408,96,96
303,ce_gaussian,te_symbolic_k-1_kt-1_l-1_lt-1,0.6688351706420408,96,96
304,ce_gaussian,te_symbolic_k-10_kt-1_l-1_lt-1,0.6178466341524526,96,96
305,ce_kozachenko,ce_kernel_W-0.5,0.9441400880155754,96,96
306,ce_kozachenko,cce_gaussian,0.6648133674543665,96,96
307,ce_kozachenko,cce_kozachenko,0.3992991022396018,96,96
308,ce_kozachenko,cce_kernel_W-0.5,0.7635178488859911,96,96
309,ce_kozachenko,di_gaussian,0.8972112093927793,96,96
310,ce_kozachenko,di_kozachenko,0.3071550698415543,96,96
311,ce_kozachenko,di_kernel_W-0.5,0.7275925712729474,96,96
312,ce_kozachenko,mi_gaussian,0.9632129597930716,96,96
313,ce_kozachenko,mi_kraskov_NN-4,0.918201250591867,96,96
314,ce_kozachenko,mi_kraskov_NN-4_DCE,0.9124893215301524,96,96
315,ce_kozachenko,mi_kernel_W-0.25,0.9471076645766009,96,96
316,ce_kozachenko,tlmi_gaussian,0.844213417212704,96,96
317,ce_kozachenko,tlmi_kraskov_NN-4,0.6887549828198204,96,96
318,ce_kozachenko,tlmi_kraskov_NN-4_DCE,0.7048447393598457,96,96
319,ce_kozachenko,tlmi_kernel_W-0.25,0.8707356651234819,96,96
320,ce_kozachenko,te_kraskov_NN-4_k-max-10_tau-max-4,0.378973639562556,96,96
321,ce_kozachenko,te_kraskov_NN-4_DCE_k-max-10_tau-max-4,0.6272920381440972,96,96
322,ce_kozachenko,te_kraskov_NN-4_DCE_k-2_kt-1_l-1_lt-1,0.6261498323868382,96,96
323,ce_kozachenko,te_kraskov_NN-4_DCE_k-1_kt-1_l-1_lt-1,0.564083883023638,96,96
324,ce_kozachenko,te_kraskov_NN-4_k-1_kt-1_l-1_lt-1,0.4776500516407418,96,96
325,ce_kozachenko,te_kernel_W-0.25_k-1,0.303236190224095,96,96
326,ce_kozachenko,gc_gaussian_k-max-10_tau-max-2,0.8092617788152172,96,96
327,ce_kozachenko,gc_gaussian_k-1_kt-1_l-1_lt-1,0.8667518866472258,96,96
328,ce_kozachenko,te_symbolic_k-1_kt-1_l-1_lt-1,0.8667518866472258,96,96
329,ce_kozachenko,te_symbolic_k-10_kt-1_l-1_lt-1,0.8338552282575287,96,96
330,ce_kernel_W-0.5,cce_gaussian,0.5105019087936291,96,96
331,ce_kernel_W-0.5,cce_kozachenko,0.6111368924109085,96,96
332,ce_kernel_W-0.5,cce_kernel_W-0.5,0.7661261543856024,96,96
333,ce_kernel_W-0.5,di_gaussian,0.8649140494011132,96,96
334,ce_kernel_W-0.5,di_kozachenko,0.6672004422747746,96,96
335,ce_kernel_W-0.5,di_kernel_W-0.5,0.7971706278949544,96,96
336,ce_kernel_W-0.5,mi_gaussian,0.8758197406071356,96,96
337,ce_kernel_W-0.5,mi_kraskov_NN-4,0.9752930403386461,96,96
338,ce_kernel_W-0.5,mi_kraskov_NN-4_DCE,0.9576221606261537,96,96
339,ce_kernel_W-0.5,mi_kernel_W-0.25,0.9327980100886861,96,96
340,ce_kernel_W-0.5,tlmi_gaussian,0.6494989474096011,96,96
341,ce_kernel_W-0.5,tlmi_kraskov_NN-4,0.48666672316517845,96,96
342,ce_kernel_W-0.5,tlmi_kraskov_NN-4_DCE,0.5124974074256653,96,96
343,ce_kernel_W-0.5,tlmi_kernel_W-0.25,0.6766222873419476,96,96
344,ce_kernel_W-0.5,te_kraskov_NN-4_k-max-10_tau-max-4,0.17230503043809953,96,96
345,ce_kernel_W-0.5,te_kraskov_NN-4_DCE_k-max-10_tau-max-4,0.4902059274043301,96,96
346,ce_kernel_W-0.5,te_kraskov_NN-4_DCE_k-2_kt-1_l-1_lt-1,0.4536415362094374,96,96
347,ce_kernel_W-0.5,te_kraskov_NN-4_DCE_k-1_kt-1_l-1_lt-1,0.4154981116716009,96,96
348,ce_kernel_W-0.5,te_kraskov_NN-4_k-1_kt-1_l-1_lt-1,0.2944310200053356,96,96
349,ce_kernel_W-0.5,te_kernel_W-0.25_k-1,0.18649613784911154,96,96
350,ce_kernel_W-0.5,gc_gaussian_k-max-10_tau-max-2,0.7961110327008218,96,96
351,ce_kernel_W-0.5,gc_gaussian_k-1_kt-1_l-1_lt-1,0.8087743295558215,96,96
352,ce_kernel_W-0.5,te_symbolic_k-1_kt-1_l-1_lt-1,0.8087743295558215,96,96
353,ce_kernel_W-0.5,te_symbolic_k-10_kt-1_l-1_lt-1,0.7705241417939674,96,96
354,cce_gaussian,cce_kozachenko,0.8425033321370053,96,96
355,cce_gaussian,cce_kernel_W-0.5,0.829490515011827,96,96
356,cce_gaussian,di_gaussian,0.011798423101843647,96,96
357,cce_gaussian,di_kozachenko,0.5109681644026672,96,96
358,cce_gaussian,di_kernel_W-0.5,0.7382031571614399,96,96
359,cce_gaussian,mi_gaussian,0.6931671585226016,96,96
360,cce_gaussian,mi_kraskov_NN-4,0.36325004738312183,96,96
361,cce_gaussian,mi_kraskov_NN-4_DCE,0.3979868690182635,96,96
362,cce_gaussian,mi_kernel_W-0.25,0.7525952883307538,96,96
363,cce_gaussian,tlmi_gaussian,0.6623379356933309,96,96
364,cce_gaussian,tlmi_kraskov_NN-4,0.2993224769193034,96,96
365,cce_gaussian,tlmi_kraskov_NN-4_DCE,0.3365750994650828,96,96
366,cce_gaussian,tlmi_kernel_W-0.25,0.7373350733888282,96,96
367,cce_gaussian,te_kraskov_NN-4_k-max-10_tau-max-4,0.1537687742033128,96,96
368,cce_gaussian,te_kraskov_NN-4_DCE_k-max-10_tau-max-4,0.1346095601410156,96,96
369,cce_gaussian,te_kraskov_NN-4_DCE_k-2_kt-1_l-1_lt-1,0.15142085291540203,96,96
370,cce_gaussian,te_kraskov_NN-4_DCE_k-1_kt-1_l-1_lt-1,0.1295023898546053,96,96
371,cce_gaussian,te_kraskov_NN-4_k-1_kt-1_l-1_lt-1,0.08053841272870488,96,96
372,cce_gaussian,te_kernel_W-0.25_k-1,0.18034644354604135,96,96
373,cce_gaussian,gc_gaussian_k-max-10_tau-max-2,0.5438940791988671,96,96
374,cce_gaussian,gc_gaussian_k-1_kt-1_l-1_lt-1,0.5062981317949693,96,96
375,cce_gaussian,te_symbolic_k-1_kt-1_l-1_lt-1,0.5062981317949693,96,96
376,cce_gaussian,te_symbolic_k-10_kt-1_l-1_lt-1,0.49046477427132096,96,96
377,cce_kozachenko,cce_kernel_W-0.5,0.804538117175543,96,96
378,cce_kozachenko,di_gaussian,0.33100465423899067,96,96
379,cce_kozachenko,di_kozachenko,0.04292949663301676,96,96
380,cce_kozachenko,di_kernel_W-0.5,0.38610208085396275,96,96
381,cce_kozachenko,mi_gaussian,0.721197660367892,96,96
382,cce_kozachenko,mi_kraskov_NN-4,0.30171364700134257,96,96
383,cce_kozachenko,mi_kraskov_NN-4_DCE,0.331054307891667,96,96
384,cce_kozachenko,mi_kernel_W-0.25,0.7073369856503737,96,96
385,cce_kozachenko,tlmi_gaussian,0.7176744676667162,96,96
386,cce_kozachenko,tlmi_kraskov_NN-4,0.32712159470249386,96,96
387,cce_kozachenko,tlmi_kraskov_NN-4_DCE,0.36269793711288667,96,96
388,cce_kozachenko,tlmi_kernel_W-0.25,0.7446239695113468,96,96
389,cce_kozachenko,te_kraskov_NN-4_k-max-10_tau-max-4,0.10341570089415286,96,96
390,cce_kozachenko,te_kraskov_NN-4_DCE_k-max-10_tau-max-4,0.17220044425155873,96,96
391,cce_kozachenko,te_kraskov_NN-4_DCE_k-2_kt-1_l-1_lt-1,0.10957191447129244,96,96
392,cce_kozachenko,te_kraskov_NN-4_DCE_k-1_kt-1_l-1_lt-1,0.16759104380491813,96,96
393,cce_kozachenko,te_kraskov_NN-4_k-1_kt-1_l-1_lt-1,0.10852018875866465,96,96
394,cce_kozachenko,te_kernel_W-0.25_k-1,0.26515812227870805,96,96
395,cce_kozachenko,gc_gaussian_k-max-10_tau-max-2,0.5051844113792474,96,96
396,cce_kozachenko,gc_gaussian_k-1_kt-1_l-1_lt-1,0.5656228685357089,96,96
397,cce_kozachenko,te_symbolic_k-1_kt-1_l-1_lt-1,0.5656228685357089,96,96
398,cce_kozachenko,te_symbolic_k-10_kt-1_l-1_lt-1,0.550908547661853,96,96
399,cce_kernel_W-0.5,di_gaussian,0.4814148414698859,96,96
400,cce_kernel_W-0.5,di_kozachenko,0.4805085151762237,96,96
401,cce_kernel_W-0.5,di_kernel_W-0.5,0.2816062580965955,96,96
402,cce_kernel_W-0.5,mi_gaussian,0.8905119966874755,96,96
403,cce_kernel_W-0.5,mi_kraskov_NN-4,0.6509760997819878,96,96
404,cce_kernel_W-0.5,mi_kraskov_NN-4_DCE,0.6946035806834293,96,96
405,cce_kernel_W-0.5,mi_kernel_W-0.25,0.878607085149482,96,96
406,cce_kernel_W-0.5,tlmi_gaussian,0.8791906977653566,96,96
407,cce_kernel_W-0.5,tlmi_kraskov_NN-4,0.44322502746535697,96,96
408,cce_kernel_W-0.5,tlmi_kraskov_NN-4_DCE,0.48398163072927924,96,96
409,cce_kernel_W-0.5,tlmi_kernel_W-0.25,0.840134337491492,96,96
410,cce_kernel_W-0.5,te_kraskov_NN-4_k-max-10_tau-max-4,0.044895066981336496,96,96
411,cce_kernel_W-0.5,te_kraskov_NN-4_DCE_k-max-10_tau-max-4,0.23588213813176,96,96
412,cce_kernel_W-0.5,te_kraskov_NN-4_DCE_k-2_kt-1_l-1_lt-1,0.20207304726817915,96,96
413,cce_kernel_W-0.5,te_kraskov_NN-4_DCE_k-1_kt-1_l-1_lt-1,0.16562796426416465,96,96
414,cce_kernel_W-0.5,te_kraskov_NN-4_k-1_kt-1_l-1_lt-1,0.026054281178966243,96,96
415,cce_kernel_W-0.5,te_kernel_W-0.25_k-1,0.2293906946233778,96,96
416,cce_kernel_W-0.5,gc_gaussian_k-max-10_tau-max-2,0.4940594924605436,96,96
417,cce_kernel_W-0.5,gc_gaussian_k-1_kt-1_l-1_lt-1,0.5887690319553172,96,96
418,cce_kernel_W-0.5,te_symbolic_k-1_kt-1_l-1_lt-1,0.5887690319553172,96,96
419,cce_kernel_W-0.5,te_symbolic_k-10_kt-1_l-1_lt-1,0.574254734338494,96,96
420,di_gaussian,di_kozachenko,0.8475826360624882,96,96
421,di_gaussian,di_kernel_W-0.5,0.5978610723263951,96,96
422,di_gaussian,mi_gaussian,0.6455174584271933,96,96
423,di_gaussian,mi_kraskov_NN-4,0.9584998436472321,96,96
424,di_gaussian,mi_kraskov_NN-4_DCE,0.935714054736733,96,96
425,di_gaussian,mi_kernel_W-0.25,0.7459764134784448,96,96
426,di_gaussian,tlmi_gaussian,0.5725829112350008,96,96
427,di_gaussian,tlmi_kraskov_NN-4,0.9710069137447374,96,96
428,di_gaussian,tlmi_kraskov_NN-4_DCE,0.9440313002491422,96,96
429,di_gaussian,tlmi_kernel_W-0.25,0.6957516438388096,96,96
430,di_gaussian,te_kraskov_NN-4_k-max-10_tau-max-4,0.5960494165365321,96,96
431,di_gaussian,te_kraskov_NN-4_DCE_k-max-10_tau-max-4,0.5659524288305235,96,96
432,di_gaussian,te_kraskov_NN-4_DCE_k-2_kt-1_l-1_lt-1,0.6088038949955628,96,96
433,di_gaussian,te_kraskov_NN-4_DCE_k-1_kt-1_l-1_lt-1,0.6305610801211861,96,96
434,di_gaussian,te_kraskov_NN-4_k-1_kt-1_l-1_lt-1,0.6708826242762435,96,96
435,di_gaussian,te_kernel_W-0.25_k-1,0.1091605893219592,96,96
436,di_gaussian,gc_gaussian_k-max-10_tau-max-2,0.5104293653350064,96,96
437,di_gaussian,gc_gaussian_k-1_kt-1_l-1_lt-1,0.6054855449840846,96,96
438,di_gaussian,te_symbolic_k-1_kt-1_l-1_lt-1,0.6054855449840846,96,96
439,di_gaussian,te_symbolic_k-10_kt-1_l-1_lt-1,0.5358203331039989,96,96
440,di_kozachenko,di_kernel_W-0.5,0.32255461576805294,96,96
441,di_kozachenko,mi_gaussian,0.8103109241952056,96,96
442,di_kozachenko,mi_kraskov_NN-4,0.9515945596739922,96,96
443,di_kozachenko,mi_kraskov_NN-4_DCE,0.9315858245977798,96,96
444,di_kozachenko,mi_kernel_W-0.25,0.8320847779703714,96,96
445,di_kozachenko,tlmi_gaussian,0.8073152768789313,96,96
446,di_kozachenko,tlmi_kraskov_NN-4,0.962570060131259,96,96
447,di_kozachenko,tlmi_kraskov_NN-4_DCE,0.9331408254855712,96,96
448,di_kozachenko,tlmi_kernel_W-0.25,0.8349974111930185,96,96
449,di_kozachenko,te_kraskov_NN-4_k-max-10_tau-max-4,0.7261734523545819,96,96
450,di_kozachenko,te_kraskov_NN-4_DCE_k-max-10_tau-max-4,0.6278254982003395,96,96
451,di_kozachenko,te_kraskov_NN-4_DCE_k-2_kt-1_l-1_lt-1,0.6286386181308992,96,96
452,di_kozachenko,te_kraskov_NN-4_DCE_k-1_kt-1_l-1_lt-1,0.7013463707235574,96,96
453,di_kozachenko,te_kraskov_NN-4_k-1_kt-1_l-1_lt-1,0.7527619515593689,96,96
454,di_kozachenko,te_kernel_W-0.25_k-1,0.1514301562298887,96,96
455,di_kozachenko,gc_gaussian_k-max-10_tau-max-2,0.6922745286406156,96,96
456,di_kozachenko,gc_gaussian_k-1_kt-1_l-1_lt-1,0.7592289654199442,96,96
457,di_kozachenko,te_symbolic_k-1_kt-1_l-1_lt-1,0.7592289654199442,96,96
458,di_kozachenko,te_symbolic_k-10_kt-1_l-1_lt-1,0.7145927733959807,96,96
459,di_kernel_W-0.5,mi_gaussian,0.749270721640918,96,96
460,di_kernel_W-0.5,mi_kraskov_NN-4,0.8136997245444109,96,96
461,di_kernel_W-0.5,mi_kraskov_NN-4_DCE,0.8224576880030079,96,96
462,di_kernel_W-0.5,mi_kernel_W-0.25,0.7211768500812739,96,96
463,di_kernel_W-0.5,tlmi_gaussian,0.7069246847369586,96,96
464,di_kernel_W-0.5,tlmi_kraskov_NN-4,0.7716879867433067,96,96
465,di_kernel_W-0.5,tlmi_kraskov_NN-4_DCE,0.782476730223058,96,96
466,di_kernel_W-0.5,tlmi_kernel_W-0.25,0.6568822783428149,96,96
467,di_kernel_W-0.5,te_kraskov_NN-4_k-max-10_tau-max-4,0.6489687590985832,96,96
468,di_kernel_W-0.5,te_kraskov_NN-4_DCE_k-max-10_tau-max-4,0.6786125172807501,96,96
469,di_kernel_W-0.5,te_kraskov_NN-4_DCE_k-2_kt-1_l-1_lt-1,0.6554797022008005,96,96
470,di_kernel_W-0.5,te_kraskov_NN-4_DCE_k-1_kt-1_l-1_lt-1,0.6986637186864001,96,96
471,di_kernel_W-0.5,te_kraskov_NN-4_k-1_kt-1_l-1_lt-1,0.6885726854860799,96,96
472,di_kernel_W-0.5,te_kernel_W-0.25_k-1,0.15751572199877673,96,96
473,di_kernel_W-0.5,gc_gaussian_k-max-10_tau-max-2,0.5388085980556445,96,96
474,di_kernel_W-0.5,gc_gaussian_k-1_kt-1_l-1_lt-1,0.5976301210630293,96,96
475,di_kernel_W-0.5,te_symbolic_k-1_kt-1_l-1_lt-1,0.5976301210630293,96,96
476,di_kernel_W-0.5,te_symbolic_k-10_kt-1_l-1_lt-1,0.5800533773856453,96,96
477,mi_gaussian,mi_kraskov_NN-4,0.9512083744029726,96,96
478,mi_gaussian,mi_kraskov_NN-4_DCE,0.9569856862518545,96,96
479,mi_gaussian,mi_kernel_W-0.25,0.9032797522214399,96,96
480,mi_gaussian,tlmi_gaussian,0.9716404483351491,96,96
481,mi_gaussian,tlmi_kraskov_NN-4,0.9925849407436046,96,96
482,mi_gaussian,tlmi_kraskov_NN-4_DCE,0.9930639524209396,96,96
483,mi_gaussian,tlmi_kernel_W-0.25,0.891805690285095,96,96
484,mi_gaussian,te_kraskov_NN-4_k-max-10_tau-max-4,0.7266091195042149,96,96
485,mi_gaussian,te_kraskov_NN-4_DCE_k-max-10_tau-max-4,0.7796587342085657,96,96
486,mi_gaussian,te_kraskov_NN-4_DCE_k-2_kt-1_l-1_lt-1,0.7594833930327647,96,96
487,mi_gaussian,te_kraskov_NN-4_DCE_k-1_kt-1_l-1_lt-1,0.8188047306290425,96,96
488,mi_gaussian,te_kraskov_NN-4_k-1_kt-1_l-1_lt-1,0.8096588232616684,96,96
489,mi_gaussian,te_kernel_W-0.25_k-1,0.22204095705296722,96,96
490,mi_gaussian,gc_gaussian_k-max-10_tau-max-2,0.8983935006350717,96,96
491,mi_gaussian,gc_gaussian_k-1_kt-1_l-1_lt-1,0.9887456044415103,96,96
492,mi_gaussian,te_symbolic_k-1_kt-1_l-1_lt-1,0.9887456044415103,96,96
493,mi_gaussian,te_symbolic_k-10_kt-1_l-1_lt-1,0.9662112984958464,96,96
494,mi_kraskov_NN-4,mi_kraskov_NN-4_DCE,0.39460942920313247,96,96
495,mi_kraskov_NN-4,mi_kernel_W-0.25,0.9707983063144983,96,96
496,mi_kraskov_NN-4,tlmi_gaussian,0.9754034674895545,96,96
497,mi_kraskov_NN-4,tlmi_kraskov_NN-4,0.9965704329764767,96,96
498,mi_kraskov_NN-4,tlmi_kraskov_NN-4_DCE,0.9931950063532772,96,96
499,mi_kraskov_NN-4,tlmi_kernel_W-0.25,0.9898700617322345,96,96
500,mi_kraskov_NN-4,te_kraskov_NN-4_k-max-10_tau-max-4,0.8081644284973626,96,96
501,mi_kraskov_NN-4,te_kraskov_NN-4_DCE_k-max-10_tau-max-4,0.8072889814652023,96,96
502,mi_kraskov_NN-4,te_kraskov_NN-4_DCE_k-2_kt-1_l-1_lt-1,0.7836255961144887,96,96
503,mi_kraskov_NN-4,te_kraskov_NN-4_DCE_k-1_kt-1_l-1_lt-1,0.8695283074670647,96,96
504,mi_kraskov_NN-4,te_kraskov_NN-4_k-1_kt-1_l-1_lt-1,0.8759027866609665,96,96
505,mi_kraskov_NN-4,te_kernel_W-0.25_k-1,0.47368816464189817,96,96
506,mi_kraskov_NN-4,gc_gaussian_k-max-10_tau-max-2,0.993576637617053,96,96
507,mi_kraskov_NN-4,gc_gaussian_k-1_kt-1_l-1_lt-1,0.9995726865854394,96,96
508,mi_kraskov_NN-4,te_symbolic_k-1_kt-1_l-1_lt-1,0.9995726865854394,96,96
509,mi_kraskov_NN-4,te_symbolic_k-10_kt-1_l-1_lt-1,0.9987552530592775,96,96
510,mi_kraskov_NN-4_DCE,mi_kernel_W-0.25,0.947781254715433,96,96
511,mi_kraskov_NN-4_DCE,tlmi_gaussian,0.9769202306212644,96,96
512,mi_kraskov_NN-4_DCE,tlmi_kraskov_NN-4,0.9939997147795055,96,96
513,mi_kraskov_NN-4_DCE,tlmi_kraskov_NN-4_DCE,0.9966305692779919,96,96
514,mi_kraskov_NN-4_DCE,tlmi_kernel_W-0.25,0.9835188502005551,96,96
515,mi_kraskov_NN-4_DCE,te_kraskov_NN-4_k-max-10_tau-max-4,0.7819745203072063,96,96
516,mi_kraskov_NN-4_DCE,te_kraskov_NN-4_DCE_k-max-10_tau-max-4,0.8270954766478971,96,96
517,mi_kraskov_NN-4_DCE,te_kraskov_NN-4_DCE_k-2_kt-1_l-1_lt-1,0.7928674798924273,96,96
518,mi_kraskov_NN-4_DCE,te_kraskov_NN-4_DCE_k-1_kt-1_l-1_lt-1,0.8805828577875762,96,96
519,mi_kraskov_NN-4_DCE,te_kraskov_NN-4_k-1_kt-1_l-1_lt-1,0.8560829810305934,96,96
520,mi_kraskov_NN-4_DCE,te_kernel_W-0.25_k-1,0.46095733354075114,96,96
521,mi_kraskov_NN-4_DCE,gc_gaussian_k-max-10_tau-max-2,0.9892792905447735,96,96
522,mi_kraskov_NN-4_DCE,gc_gaussian_k-1_kt-1_l-1_lt-1,0.9994183389965539,96,96
523,mi_kraskov_NN-4_DCE,te_symbolic_k-1_kt-1_l-1_lt-1,0.9994183389965539,96,96
524,mi_kraskov_NN-4_DCE,te_symbolic_k-10_kt-1_l-1_lt-1,0.9977336395089519,96,96
525,mi_kernel_W-0.25,tlmi_gaussian,0.8810271214055444,96,96
526,mi_kernel_W-0.25,tlmi_kraskov_NN-4,0.9972032600138562,96,96
527,mi_kernel_W-0.25,tlmi_kraskov_NN-4_DCE,0.9923044133364687,96,96
528,mi_kernel_W-0.25,tlmi_kernel_W-0.25,0.9675591093012038,96,96
529,mi_kernel_W-0.25,te_kraskov_NN-4_k-max-10_tau-max-4,0.7473737586805425,96,96
530,mi_kernel_W-0.25,te_kraskov_NN-4_DCE_k-max-10_tau-max-4,0.7860916119633838,96,96
531,mi_kernel_W-0.25,te_kraskov_NN-4_DCE_k-2_kt-1_l-1_lt-1,0.7742367936725288,96,96
532,mi_kernel_W-0.25,te_kraskov_NN-4_DCE_k-1_kt-1_l-1_lt-1,0.8044013352654569,96,96
533,mi_kernel_W-0.25,te_kraskov_NN-4_k-1_kt-1_l-1_lt-1,0.8054741135920915,96,96
534,mi_kernel_W-0.25,te_kernel_W-0.25_k-1,0.2254697778803989,96,96
535,mi_kernel_W-0.25,gc_gaussian_k-max-10_tau-max-2,0.9324335583356516,96,96
536,mi_kernel_W-0.25,gc_gaussian_k-1_kt-1_l-1_lt-1,0.9869516184347423,96,96
537,mi_kernel_W-0.25,te_symbolic_k-1_kt-1_l-1_lt-1,0.9869516184347423,96,96
538,mi_kernel_W-0.25,te_symbolic_k-10_kt-1_l-1_lt-1,0.9561325945203204,96,96
539,tlmi_gaussian,tlmi_kraskov_NN-4,0.9900071222273443,96,96
540,tlmi_gaussian,tlmi_kraskov_NN-4_DCE,0.9903413616857554,96,96
541,tlmi_gaussian,tlmi_kernel_W-0.25,0.8711639387437407,96,96
542,tlmi_gaussian,te_kraskov_NN-4_k-max-10_tau-max-4,0.6349953687158995,96,96
543,tlmi_gaussian,te_kraskov_NN-4_DCE_k-max-10_tau-max-4,0.7088298188472045,96,96
544,tlmi_gaussian,te_kraskov_NN-4_DCE_k-2_kt-1_l-1_lt-1,0.7133098191283697,96,96
545,tlmi_gaussian,te_kraskov_NN-4_DCE_k-1_kt-1_l-1_lt-1,0.7598751916637925,96,96
546,tlmi_gaussian,te_kraskov_NN-4_k-1_kt-1_l-1_lt-1,0.7458289074296917,96,96
547,tlmi_gaussian,te_kernel_W-0.25_k-1,0.17146899318659925,96,96
548,tlmi_gaussian,gc_gaussian_k-max-10_tau-max-2,0.7433036317034735,96,96
549,tlmi_gaussian,gc_gaussian_k-1_kt-1_l-1_lt-1,0.969349543196538,96,96
550,tlmi_gaussian,te_symbolic_k-1_kt-1_l-1_lt-1,0.969349543196538,96,96
551,tlmi_gaussian,te_symbolic_k-10_kt-1_l-1_lt-1,0.8568919219961199,96,96
552,tlmi_kraskov_NN-4,tlmi_kraskov_NN-4_DCE,0.26385023851136113,96,96
553,tlmi_kraskov_NN-4,tlmi_kernel_W-0.25,0.9996076010916953,96,96
554,tlmi_kraskov_NN-4,te_kraskov_NN-4_k-max-10_tau-max-4,0.6618252835343917,96,96
555,tlmi_kraskov_NN-4,te_kraskov_NN-4_DCE_k-max-10_tau-max-4,0.667914219464486,96,96
556,tlmi_kraskov_NN-4,te_kraskov_NN-4_DCE_k-2_kt-1_l-1_lt-1,0.7051074084318945,96,96
557,tlmi_kraskov_NN-4,te_kraskov_NN-4_DCE_k-1_kt-1_l-1_lt-1,0.7663898897469547,96,96
558,tlmi_kraskov_NN-4,te_kraskov_NN-4_k-1_kt-1_l-1_lt-1,0.7716753356881495,96,96
559,tlmi_kraskov_NN-4,te_kernel_W-0.25_k-1,0.37172783902098727,96,96
560,tlmi_kraskov_NN-4,gc_gaussian_k-max-10_tau-max-2,0.9671163493872934,96,96
561,tlmi_kraskov_NN-4,gc_gaussian_k-1_kt-1_l-1_lt-1,0.9962519936669583,96,96
562,tlmi_kraskov_NN-4,te_symbolic_k-1_kt-1_l-1_lt-1,0.9962519936669583,96,96
563,tlmi_kraskov_NN-4,te_symbolic_k-10_kt-1_l-1_lt-1,0.9852159034132311,96,96
564,tlmi_kraskov_NN-4_DCE,tlmi_kernel_W-0.25,0.9937360764563387,96,96
565,tlmi_kraskov_NN-4_DCE,te_kraskov_NN-4_k-max-10_tau-max-4,0.6272538012267741,96,96
566,tlmi_kraskov_NN-4_DCE,te_kraskov_NN-4_DCE_k-max-10_tau-max-4,0.6930419478784431,96,96
567,tlmi_kraskov_NN-4_DCE,te_kraskov_NN-4_DCE_k-2_kt-1_l-1_lt-1,0.7278685766076688,96,96
568,tlmi_kraskov_NN-4_DCE,te_kraskov_NN-4_DCE_k-1_kt-1_l-1_lt-1,0.7861820251201718,96,96
569,tlmi_kraskov_NN-4_DCE,te_kraskov_NN-4_k-1_kt-1_l-1_lt-1,0.7358696351478644,96,96
570,tlmi_kraskov_NN-4_DCE,te_kernel_W-0.25_k-1,0.3477368176113649,96,96
571,tlmi_kraskov_NN-4_DCE,gc_gaussian_k-max-10_tau-max-2,0.9599886623560092,96,96
572,tlmi_kraskov_NN-4_DCE,gc_gaussian_k-1_kt-1_l-1_lt-1,0.9954888699296194,96,96
573,tlmi_kraskov_NN-4_DCE,te_symbolic_k-1_kt-1_l-1_lt-1,0.9954888699296194,96,96
574,tlmi_kraskov_NN-4_DCE,te_symbolic_k-10_kt-1_l-1_lt-1,0.9806689468873764,96,96
575,tlmi_kernel_W-0.25,te_kraskov_NN-4_k-max-10_tau-max-4,0.651887153764224,96,96
576,tlmi_kernel_W-0.25,te_kraskov_NN-4_DCE_k-max-10_tau-max-4,0.6897607114941839,96,96
577,tlmi_kernel_W-0.25,te_kraskov_NN-4_DCE_k-2_kt-1_l-1_lt-1,0.6981223487724435,96,96
578,tlmi_kernel_W-0.25,te_kraskov_NN-4_DCE_k-1_kt-1_l-1_lt-1,0.7548975915399678,96,96
579,tlmi_kernel_W-0.25,te_kraskov_NN-4_k-1_kt-1_l-1_lt-1,0.7602606427011938,96,96
580,tlmi_kernel_W-0.25,te_kernel_W-0.25_k-1,0.3198358075395392,96,96
581,tlmi_kernel_W-0.25,gc_gaussian_k-max-10_tau-max-2,0.8113465651664373,96,96
582,tlmi_kernel_W-0.25,gc_gaussian_k-1_kt-1_l-1_lt-1,0.9497868135548788,96,96
583,tlmi_kernel_W-0.25,te_symbolic_k-1_kt-1_l-1_lt-1,0.9497868135548788,96,96
584,tlmi_kernel_W-0.25,te_symbolic_k-10_kt-1_l-1_lt-1,0.8819296548999629,96,96
585,te_kraskov_NN-4_k-max-10_tau-max-4,te_kraskov_NN-4_DCE_k-max-10_tau-max-4,0.31542708455040896,96,96
586,te_kraskov_NN-4_k-max-10_tau-max-4,te_kraskov_NN-4_DCE_k-2_kt-1_l-1_lt-1,0.43538643686877043,96,96
587,te_kraskov_NN-4_k-max-10_tau-max-4,te_kraskov_NN-4_DCE_k-1_kt-1_l-1_lt-1,0.4463640733582869,96,96
588,te_kraskov_NN-4_k-max-10_tau-max-4,te_kraskov_NN-4_k-1_kt-1_l-1_lt-1,0.47890204222304894,96,96
589,te_kraskov_NN-4_k-max-10_tau-max-4,te_kernel_W-0.25_k-1,0.3944760321093857,96,96
590,te_kraskov_NN-4_k-max-10_tau-max-4,gc_gaussian_k-max-10_tau-max-2,0.6029668892088778,96,96
591,te_kraskov_NN-4_k-max-10_tau-max-4,gc_gaussian_k-1_kt-1_l-1_lt-1,0.6400147882404058,96,96
592,te_kraskov_NN-4_k-max-10_tau-max-4,te_symbolic_k-1_kt-1_l-1_lt-1,0.6400147882404058,96,96
593,te_kraskov_NN-4_k-max-10_tau-max-4,te_symbolic_k-10_kt-1_l-1_lt-1,0.6506816882381597,96,96
594,te_kraskov_NN-4_DCE_k-max-10_tau-max-4,te_kraskov_NN-4_DCE_k-2_kt-1_l-1_lt-1,0.6259072204577469,96,96
595,te_kraskov_NN-4_DCE_k-max-10_tau-max-4,te_kraskov_NN-4_DCE_k-1_kt-1_l-1_lt-1,0.6444686760381101,96,96
596,te_kraskov_NN-4_DCE_k-max-10_tau-max-4,te_kraskov_NN-4_k-1_kt-1_l-1_lt-1,0.47251217116647604,96,96
597,te_kraskov_NN-4_DCE_k-max-10_tau-max-4,te_kernel_W-0.25_k-1,0.3654128416572957,96,96
598,te_kraskov_NN-4_DCE_k-max-10_tau-max-4,gc_gaussian_k-max-10_tau-max-2,0.64308979016,96,96
599,te_kraskov_NN-4_DCE_k-max-10_tau-max-4,gc_gaussian_k-1_kt-1_l-1_lt-1,0.7360593037334678,96,96
600,te_kraskov_NN-4_DCE_k-max-10_tau-max-4,te_symbolic_k-1_kt-1_l-1_lt-1,0.7360593037334678,96,96
601,te_kraskov_NN-4_DCE_k-max-10_tau-max-4,te_symbolic_k-10_kt-1_l-1_lt-1,0.7280534666639695,96,96
602,te_kraskov_NN-4_DCE_k-2_kt-1_l-1_lt-1,te_kraskov_NN-4_DCE_k-1_kt-1_l-1_lt-1,0.7311900960981846,96,96
603,te_kraskov_NN-4_DCE_k-2_kt-1_l-1_lt-1,te_kraskov_NN-4_k-1_kt-1_l-1_lt-1,0.5550944817434375,96,96
604,te_kraskov_NN-4_DCE_k-2_kt-1_l-1_lt-1,te_kernel_W-0.25_k-1,0.3144298568327075,96,96
605,te_kraskov_NN-4_DCE_k-2_kt-1_l-1_lt-1,gc_gaussian_k-max-10_tau-max-2,0.6536599583826586,96,96
606,te_kraskov_NN-4_DCE_k-2_kt-1_l-1_lt-1,gc_gaussian_k-1_kt-1_l-1_lt-1,0.6727326329802318,96,96
607,te_kraskov_NN-4_DCE_k-2_kt-1_l-1_lt-1,te_symbolic_k-1_kt-1_l-1_lt-1,0.6727326329802318,96,96
608,te_kraskov_NN-4_DCE_k-2_kt-1_l-1_lt-1,te_symbolic_k-10_kt-1_l-1_lt-1,0.67568401695251,96,96
609,te_kraskov_NN-4_DCE_k-1_kt-1_l-1_lt-1,te_kraskov_NN-4_k-1_kt-1_l-1_lt-1,0.8521663313071098,96,96
610,te_kraskov_NN-4_DCE_k-1_kt-1_l-1_lt-1,te_kernel_W-0.25_k-1,0.196176217240094,96,96
611,te_kraskov_NN-4_DCE_k-1_kt-1_l-1_lt-1,gc_gaussian_k-max-10_tau-max-2,0.7289388848684859,96,96
612,te_kraskov_NN-4_DCE_k-1_kt-1_l-1_lt-1,gc_gaussian_k-1_kt-1_l-1_lt-1,0.7586948440338626,96,96
613,te_kraskov_NN-4_DCE_k-1_kt-1_l-1_lt-1,te_symbolic_k-1_kt-1_l-1_lt-1,0.7586948440338626,96,96
614,te_kraskov_NN-4_DCE_k-1_kt-1_l-1_lt-1,te_symbolic_k-10_kt-1_l-1_lt-1,0.732052547026377,96,96
615,te_kraskov_NN-4_k-1_kt-1_l-1_lt-1,te_kernel_W-0.25_k-1,0.25534348673951923,96,96
616,te_kraskov_NN-4_k-1_kt-1_l-1_lt-1,gc_gaussian_k-max-10_tau-max-2,0.7065517880716107,96,96
617,te_kraskov_NN-4_k-1_kt-1_l-1_lt-1,gc_gaussian_k-1_kt-1_l-1_lt-1,0.7212183717488906,96,96
618,te_kraskov_NN-4_k-1_kt-1_l-1_lt-1,te_symbolic_k-1_kt-1_l-1_lt-1,0.7212183717488906,96,96
619,te_kraskov_NN-4_k-1_kt-1_l-1_lt-1,te_symbolic_k-10_kt-1_l-1_lt-1,0.7033434339576166,96,96
620,te_kernel_W-0.25_k-1,gc_gaussian_k-max-10_tau-max-2,0.15264001822297457,96,96
621,te_kernel_W-0.25_k-1,gc_gaussian_k-1_kt-1_l-1_lt-1,0.15515249068624404,96,96
622,te_kernel_W-0.25_k-1,te_symbolic_k-1_kt-1_l-1_lt-1,0.15515249068624404,96,96
623,te_kernel_W-0.25_k-1,te_symbolic_k-10_kt-1_l-1_lt-1,0.17245968208556672,96,96
624,gc_gaussian_k-max-10_tau-max-2,gc_gaussian_k-1_kt-1_l-1_lt-1,0.6008283116395572,96,96
625,gc_gaussian_k-max-10_tau-max-2,te_symbolic_k-1_kt-1_l-1_lt-1,0.6008283116395572,96,96
626,gc_gaussian_k-max-10_tau-max-2,te_symbolic_k-10_kt-1_l-1_lt-1,0.6348841475795546,96,96
627,gc_gaussian_k-1_kt-1_l-1_lt-1,te_symbolic_k-1_kt-1_l-1_lt-1,0.15625,96,96
628,gc_gaussian_k-1_kt-1_l-1_lt-1,te_symbolic_k-10_kt-1_l-1_lt-1,0.24700204595611658,96,96
629,te_symbolic_k-1_kt-1_l-1_lt-1,te_symbolic_k-10_kt-1_l-1_lt-1,0.24700204595611658,96,96
