row_id,label,family,parameter,g,block,seed,role,corpus_index,M,T,calibration_evaluations,strength,realized_effect,mean_abs_Pearson,min_channel_SD,mean_channel_SD,observation_scale,source_bank,target,gain_coordinates,historical14,coupled
VAR-0.2-I00,VAR-0.2,VAR,0.2,0.2,0,261003100,development,0,16,1000,1,0.2,0.1428013965797847,0.029230520626370847,0.09795359768863889,0.10274356243546381,0.10278647202005982,native-gain-261003,0.2,native_observed_state,False,True
VAR-0.7-I00,VAR-0.7,VAR,0.7,0.2,0,261003100,development,1,16,1000,1,0.2,0.1521604669115746,0.10135637531918201,0.14288664462721654,0.15853409734419435,0.15875245664249596,native-gain-261003,0.2,native_observed_state,False,True
CML-1.45-I00,CML-1.45,CML,1.45,0.13125,0,261003100,development,2,16,1000,9,0.20173885853037557,0.11238602271379383,0.9586828176804121,0.49873449669151243,0.5280059977939364,0.5286272558916579,native-gain-261003,0.2,native_observed_state,True,True
CML-1.69-I00,CML-1.69,CML,1.69,0.1234375,0,261003100,development,3,16,1000,10,0.2017403192183543,0.24097847479170054,0.9607953376189415,0.4524913793291507,0.4811396688963368,0.4819779824296388,native-gain-261003,0.2,native_observed_state,True,True
CML-1.7522-I00,CML-1.7522,CML,1.7522,0.121875,0,261003100,development,4,16,1000,9,0.20080818091838024,0.28184703200126104,0.9783432948701919,0.4592769976805898,0.4739699788770718,0.47450694774677454,native-gain-261003,0.2,native_observed_state,True,True
CML-1.895-I00,CML-1.895,CML,1.895,0.109375,0,261003100,development,5,16,1000,9,0.2003714710394843,0.2681068701039701,0.7159581308203554,0.47322052033529316,0.47733976659179883,0.4773432844506021,native-gain-261003,0.2,native_observed_state,True,True
CML-2-I00,CML-2,CML,2.0,0.09375,0,261003100,development,6,16,1000,7,0.19947869003506377,0.1267181542838817,0.04469727245953147,0.5221834239367921,0.534024858247627,0.5340803629008531,native-gain-261003,0.2,native_observed_state,True,True
VAR-0.2-I01,VAR-0.2,VAR,0.2,0.2,1,261003101,development,7,16,1000,1,0.2,0.14246914156330173,0.02838145864685315,0.09857716011362849,0.10234097655249741,0.10235974314964859,native-gain-261003,0.2,native_observed_state,False,True
VAR-0.7-I01,VAR-0.7,VAR,0.7,0.2,1,261003101,development,8,16,1000,1,0.2,0.15007088323661444,0.09574214432012836,0.1326539509577027,0.15300466956993986,0.1531907373414402,native-gain-261003,0.2,native_observed_state,False,True
CML-1.45-I01,CML-1.45,CML,1.45,0.13125,1,261003101,development,9,16,1000,9,0.19951301718743797,0.12882129379761914,0.9553404379065349,0.35512858979212386,0.5168909436422797,0.5193537432668335,native-gain-261003,0.2,native_observed_state,True,True
CML-1.69-I01,CML-1.69,CML,1.69,0.13125,1,261003101,development,10,16,1000,9,0.20020215703043126,0.3308779714706333,0.9902827250511432,0.4389312847519347,0.44795065055225064,0.44848067454810553,native-gain-261003,0.2,native_observed_state,True,True
CML-1.7522-I01,CML-1.7522,CML,1.7522,0.121875,1,261003101,development,11,16,1000,9,0.19972754576066318,0.3015165960333948,0.9877553545911654,0.4592674385143266,0.46751179180401914,0.46782577201224934,native-gain-261003,0.2,native_observed_state,True,True
CML-1.895-I01,CML-1.895,CML,1.895,0.109375,1,261003101,development,12,16,1000,9,0.19896406415618834,0.27736083220975016,0.9751455534232616,0.47790654600808347,0.4782242568330917,0.47822432453113956,native-gain-261003,0.2,native_observed_state,True,True
CML-2-I01,CML-2,CML,2.0,0.09375,1,261003101,development,13,16,1000,7,0.19984365369054743,0.12471380787188041,0.046947130961783476,0.5180657371284528,0.5362207578927778,0.5362968401895879,native-gain-261003,0.2,native_observed_state,True,True
VAR-0.2-I02,VAR-0.2,VAR,0.2,0.2,2,261003102,development,14,16,1000,1,0.2,0.1425460129711506,0.026537262164346296,0.09722323170158395,0.10258139065642993,0.10263294572502167,native-gain-261003,0.2,native_observed_state,False,True
VAR-0.7-I02,VAR-0.7,VAR,0.7,0.2,2,261003102,development,15,16,1000,1,0.2,0.15045266058538478,0.09716814782163403,0.14115817195738936,0.1567479559163268,0.15695621008206764,native-gain-261003,0.2,native_observed_state,False,True
CML-1.45-I02,CML-1.45,CML,1.45,0.128125,2,261003102,development,16,16,1000,10,0.19860874691689062,0.10656242975949301,0.9421801849231355,0.34043159394228045,0.5288276196970307,0.5316107040694397,native-gain-261003,0.2,native_observed_state,True,True
CML-1.69-I02,CML-1.69,CML,1.69,0.121875,2,261003102,development,17,16,1000,9,0.20002757680398298,0.23715074482335965,0.9587716504098315,0.45485705885242517,0.4823550101561874,0.4831171190011806,native-gain-261003,0.2,native_observed_state,True,True
CML-1.7522-I02,CML-1.7522,CML,1.7522,0.121875,2,261003102,development,18,16,1000,9,0.20071975491015878,0.28181021923851196,0.9780035792852506,0.4587487327346096,0.4739124004227372,0.4744463317104509,native-gain-261003,0.2,native_observed_state,True,True
CML-1.895-I02,CML-1.895,CML,1.895,0.109375,2,261003102,development,19,16,1000,9,0.19881755827948464,0.27677376505145507,0.9657692041616559,0.4768362560754391,0.4771867558169406,0.4771867767901141,native-gain-261003,0.2,native_observed_state,True,True
CML-2-I02,CML-2,CML,2.0,0.09375,2,261003102,development,20,16,1000,7,0.19913586098661068,0.12739242496949776,0.04544385703610599,0.5120186722536669,0.5315705811013551,0.531678049985707,native-gain-261003,0.2,native_observed_state,True,True
VAR-0.2-I03,VAR-0.2,VAR,0.2,0.2,3,261003103,development,21,16,1000,1,0.2,0.14156002346748403,0.027905339323431744,0.09948297310978552,0.10351168370283162,0.10354076118875959,native-gain-261003,0.2,native_observed_state,False,True
VAR-0.7-I03,VAR-0.7,VAR,0.7,0.2,3,261003103,development,22,16,1000,1,0.2,0.15134527343811552,0.1097925379657843,0.14908767456689703,0.1594974623221997,0.15965501471666713,native-gain-261003,0.2,native_observed_state,False,True
CML-1.45-I03,CML-1.45,CML,1.45,0.13437500000000002,3,261003103,development,23,16,1000,10,0.20175911463561924,0.15430099916169515,0.9714180749833742,0.34237169342544466,0.5000467043617274,0.5038883202558934,native-gain-261003,0.2,native_observed_state,True,True
CML-1.69-I03,CML-1.69,CML,1.69,0.125,3,261003103,development,24,16,1000,7,0.198191573266861,0.2880745011721435,0.9785575738672964,0.4499128418248472,0.4642474638233316,0.4648783905205579,native-gain-261003,0.2,native_observed_state,True,True
CML-1.7522-I03,CML-1.7522,CML,1.7522,0.11875,3,261003103,development,25,16,1000,8,0.19903685543738084,0.2528694422169091,0.9638895824323865,0.46159458111453705,0.4826237554066287,0.48319119678377315,native-gain-261003,0.2,native_observed_state,True,True
CML-1.895-I03,CML-1.895,CML,1.895,0.109375,3,261003103,development,26,16,1000,9,0.1990033374265954,0.2774505421097323,0.9761285263725942,0.47811480792716055,0.47837803838807696,0.4783780670714228,native-gain-261003,0.2,native_observed_state,True,True
CML-2-I03,CML-2,CML,2.0,0.09375,3,261003103,development,27,16,1000,7,0.19905561698389768,0.12937088255920157,0.04611852225703793,0.5149066492738223,0.5327173024609784,0.5328065755265927,native-gain-261003,0.2,native_observed_state,True,True
VAR-0.2-I04,VAR-0.2,VAR,0.2,0.2,4,261003104,development,28,16,1000,1,0.2,0.14255993990855298,0.02979039782744265,0.09744665315332518,0.1026213891029579,0.10265714475086028,native-gain-261003,0.2,native_observed_state,False,True
VAR-0.7-I04,VAR-0.7,VAR,0.7,0.2,4,261003104,development,29,16,1000,1,0.2,0.14983179633263047,0.10632463165083199,0.15044298976917353,0.15927048064303534,0.1593743325773352,native-gain-261003,0.2,native_observed_state,False,True
CML-1.45-I04,CML-1.45,CML,1.45,0.13125,4,261003104,development,30,16,1000,9,0.20050624126957814,0.14574315432146326,0.9482138563056328,0.34580551992440606,0.503444240469442,0.5083900449759643,native-gain-261003,0.2,native_observed_state,True,True
CML-1.69-I04,CML-1.69,CML,1.69,0.125,4,261003104,development,31,16,1000,6,0.20101790498800337,0.2664858645457065,0.9721581605487939,0.4495530427057442,0.4720478841170409,0.4728938606910974,native-gain-261003,0.2,native_observed_state,True,True
CML-1.7522-I04,CML-1.7522,CML,1.7522,0.125,4,261003104,development,32,16,1000,6,0.20017005061380658,0.33333330984261716,0.9999999726264214,0.4569570941911161,0.45695712407842254,0.4569571240784231,native-gain-261003,0.2,native_observed_state,True,True
CML-1.895-I04,CML-1.895,CML,1.895,0.10625000000000001,4,261003104,development,33,16,1000,8,0.2001196221543504,0.23239377744197373,0.4636176208180746,0.4730758126992293,0.47969519409059147,0.47970878542268097,native-gain-261003,0.2,native_observed_state,True,True
CML-2-I04,CML-2,CML,2.0,0.09375,4,261003104,development,34,16,1000,7,0.19955070445363365,0.1262153939483595,0.04013847789987672,0.5190288686177696,0.5344220541794515,0.5344944069370594,native-gain-261003,0.2,native_observed_state,True,True
VAR-0.2-I05,VAR-0.2,VAR,0.2,0.2,5,261003105,development,35,16,1000,1,0.2,0.14292301713475852,0.030699914050058348,0.10117928392417197,0.10368468009595688,0.10369927094527899,native-gain-261003,0.2,native_observed_state,False,True
VAR-0.7-I05,VAR-0.7,VAR,0.7,0.2,5,261003105,development,36,16,1000,1,0.2,0.150950819744802,0.09333421306884843,0.1482477670930095,0.1568254248912877,0.15689739438649442,native-gain-261003,0.2,native_observed_state,False,True
CML-1.45-I05,CML-1.45,CML,1.45,0.128125,5,261003105,development,37,16,1000,10,0.19927611560357883,0.11949512661383953,0.9413995231034906,0.3394195130437344,0.5193466983558963,0.5233281804674942,native-gain-261003,0.2,native_observed_state,True,True
CML-1.69-I05,CML-1.69,CML,1.69,0.1234375,5,261003105,development,38,16,1000,10,0.201310576085138,0.23962549694536464,0.9627563800223002,0.4497066994917468,0.4815980852167612,0.482480301875949,native-gain-261003,0.2,native_observed_state,True,True
CML-1.7522-I05,CML-1.7522,CML,1.7522,0.125,5,261003105,development,39,16,1000,6,0.20012309135820547,0.3332496116462177,0.9999129614908936,0.4569248779481619,0.4569770742883784,0.4569770822037817,native-gain-261003,0.2,native_observed_state,True,True
CML-1.895-I05,CML-1.895,CML,1.895,0.109375,5,261003105,development,40,16,1000,9,0.2001053528293252,0.26817563988106075,0.8135429367739041,0.47632694794376396,0.4776812480675877,0.4776846032165948,native-gain-261003,0.2,native_observed_state,True,True
CML-2-I05,CML-2,CML,2.0,0.09375,5,261003105,development,41,16,1000,7,0.1991949550215691,0.12834796762910908,0.04040654566783768,0.5179986040950418,0.5319881973317548,0.5320483511646588,native-gain-261003,0.2,native_observed_state,True,True
VAR-0.2-I06,VAR-0.2,VAR,0.2,0.2,6,261003106,development,42,16,1000,1,0.2,0.1425201503086582,0.03157362178546394,0.09649073329343853,0.10179852796663115,0.10182586203985504,native-gain-261003,0.2,native_observed_state,False,True
VAR-0.7-I06,VAR-0.7,VAR,0.7,0.2,6,261003106,development,43,16,1000,1,0.2,0.15162675125560365,0.11629585901711278,0.13912963180582275,0.15604830901392175,0.15616891902251284,native-gain-261003,0.2,native_observed_state,False,True
CML-1.45-I06,CML-1.45,CML,1.45,0.128125,6,261003106,development,44,16,1000,10,0.1983237619493668,0.10438768971280564,0.9558961981924209,0.4998537840426669,0.5301207796751037,0.5307655228293989,native-gain-261003,0.2,native_observed_state,True,True
CML-1.69-I06,CML-1.69,CML,1.69,0.12031249999999999,6,261003106,development,45,16,1000,10,0.20108423200452605,0.22107606559821658,0.9547216684432934,0.45338710529568926,0.4873934166794318,0.4881349404951832,native-gain-261003,0.2,native_observed_state,True,True
CML-1.7522-I06,CML-1.7522,CML,1.7522,0.11875,6,261003106,development,46,16,1000,8,0.19894931495502177,0.2627875501902887,0.969877516934609,0.45609264149133383,0.4797629832638649,0.4803207250588362,native-gain-261003,0.2,native_observed_state,True,True
CML-1.895-I06,CML-1.895,CML,1.895,0.109375,6,261003106,development,47,16,1000,9,0.19887920931373748,0.2772269301725789,0.9717199980556377,0.47761073976082496,0.47788942038909615,0.4778894632148832,native-gain-261003,0.2,native_observed_state,True,True
CML-2-I06,CML-2,CML,2.0,0.09375,6,261003106,development,48,16,1000,7,0.19919365292852675,0.1271724053942825,0.04115247106164561,0.5097293124906302,0.5309823055981482,0.531088223424393,native-gain-261003,0.2,native_observed_state,True,True
VAR-0.2-I07,VAR-0.2,VAR,0.2,0.2,7,261003107,development,49,16,1000,1,0.2,0.14211813498956705,0.028996462042284357,0.09825039961011373,0.10294310437887212,0.10297346040922883,native-gain-261003,0.2,native_observed_state,False,True
VAR-0.7-I07,VAR-0.7,VAR,0.7,0.2,7,261003107,development,50,16,1000,1,0.2,0.15128565474947783,0.10278403228119952,0.1460166714217824,0.15898700287596124,0.15916782366084273,native-gain-261003,0.2,native_observed_state,False,True
CML-1.45-I07,CML-1.45,CML,1.45,0.13125,7,261003107,development,51,16,1000,9,0.2002334406706173,0.10835113937670479,0.950567247778947,0.4971060279546987,0.5311358212907277,0.5319567313116403,native-gain-261003,0.2,native_observed_state,True,True
CML-1.69-I07,CML-1.69,CML,1.69,0.125,7,261003107,development,52,16,1000,6,0.20097656732585736,0.2663089092568305,0.971381861424881,0.44961799499554395,0.47168651398833467,0.47250511823250724,native-gain-261003,0.2,native_observed_state,True,True
CML-1.7522-I07,CML-1.7522,CML,1.7522,0.121875,7,261003107,development,53,16,1000,9,0.1992072439802921,0.30198796493378144,0.9885706886080456,0.4590569805055546,0.46763322928418016,0.4679457758997573,native-gain-261003,0.2,native_observed_state,True,True
CML-1.895-I07,CML-1.895,CML,1.895,0.109375,7,261003107,development,54,16,1000,9,0.19950917493828565,0.2724128423416149,0.8703971431174442,0.47441501155775334,0.4775140032009683,0.47751583022160954,native-gain-261003,0.2,native_observed_state,True,True
CML-2-I07,CML-2,CML,2.0,0.09375,7,261003107,development,55,16,1000,7,0.19980502455309015,0.12442820400162659,0.043784924449740185,0.5189405283491554,0.5370795198801785,0.5371581686024058,native-gain-261003,0.2,native_observed_state,True,True
VAR-0.2-I08,VAR-0.2,VAR,0.2,0.2,8,261003108,development,56,16,1000,1,0.2,0.14307302154085336,0.026109708150389252,0.09742438264537255,0.10242476186184443,0.1024689301169695,native-gain-261003,0.2,native_observed_state,False,True
VAR-0.7-I08,VAR-0.7,VAR,0.7,0.2,8,261003108,development,57,16,1000,1,0.2,0.1500069687534844,0.09028677933088079,0.14060741328471302,0.15440007830237618,0.15450189041922097,native-gain-261003,0.2,native_observed_state,False,True
CML-1.45-I08,CML-1.45,CML,1.45,0.13125,8,261003108,development,58,16,1000,9,0.20148093930769523,0.1330494057783405,0.952939294594443,0.35997664331521856,0.5136214673463925,0.5172501261120243,native-gain-261003,0.2,native_observed_state,True,True
CML-1.69-I08,CML-1.69,CML,1.69,0.1234375,8,261003108,development,59,16,1000,10,0.20026300412087406,0.26196626902335546,0.9697547541019791,0.4520986850925479,0.4742349645033389,0.47505297118750384,native-gain-261003,0.2,native_observed_state,True,True
CML-1.7522-I08,CML-1.7522,CML,1.7522,0.11875,8,261003108,development,60,16,1000,8,0.19852988087025428,0.27201861115427695,0.9754674609611717,0.4631264379333938,0.47719522527383484,0.4776223013227903,native-gain-261003,0.2,native_observed_state,True,True
CML-1.895-I08,CML-1.895,CML,1.895,0.1078125,8,261003108,development,61,16,1000,10,0.1993058705162734,0.2558411152374753,0.5247194468210573,0.47430357356891223,0.47936083961002557,0.4793686288645435,native-gain-261003,0.2,native_observed_state,True,True
CML-2-I08,CML-2,CML,2.0,0.09375,8,261003108,development,62,16,1000,7,0.19992393771240335,0.12440054875458667,0.04824710877395717,0.5242596629795149,0.5370375503861811,0.5370878821355439,native-gain-261003,0.2,native_observed_state,True,True
VAR-0.2-I09,VAR-0.2,VAR,0.2,0.2,9,261003109,development,63,16,1000,1,0.2,0.14235598222308063,0.02967466931474044,0.10028845735812522,0.10361974645094044,0.10363890508932526,native-gain-261003,0.2,native_observed_state,False,True
VAR-0.7-I09,VAR-0.7,VAR,0.7,0.2,9,261003109,development,64,16,1000,1,0.2,0.15043164573202544,0.08909773879441171,0.1475664909756765,0.1566849122545995,0.15684714977153824,native-gain-261003,0.2,native_observed_state,False,True
CML-1.45-I09,CML-1.45,CML,1.45,0.128125,9,261003109,development,65,16,1000,10,0.19856424096047154,0.10310253180867286,0.9472623176178705,0.5007606125710998,0.5304048173162355,0.530934944028105,native-gain-261003,0.2,native_observed_state,True,True
CML-1.69-I09,CML-1.69,CML,1.69,0.12031249999999999,9,261003109,development,66,16,1000,10,0.20067954621570755,0.22103862166773106,0.9588946878003183,0.4558691177965402,0.48730532786345376,0.4880074535907667,native-gain-261003,0.2,native_observed_state,True,True
CML-1.7522-I09,CML-1.7522,CML,1.7522,0.12031249999999999,9,261003109,development,67,16,1000,10,0.19871517883082201,0.28685750529369386,0.9811491320195435,0.4612993634301223,0.4721867829966091,0.4725561647191609,native-gain-261003,0.2,native_observed_state,True,True
CML-1.895-I09,CML-1.895,CML,1.895,0.109375,9,261003109,development,68,16,1000,9,0.19875436091752974,0.2763830332888573,0.9625786489986968,0.47609361421952,0.47644155395460197,0.47644159372859796,native-gain-261003,0.2,native_observed_state,True,True
CML-2-I09,CML-2,CML,2.0,0.09375,9,261003109,development,69,16,1000,7,0.19952058632205444,0.12581795227879927,0.043991511035594795,0.5120655718490458,0.5339350405471794,0.5340119211746653,native-gain-261003,0.2,native_observed_state,True,True
VAR-0.2-I10,VAR-0.2,VAR,0.2,0.2,10,261003110,development,70,16,1000,1,0.2,0.14174610636943158,0.026168140620632916,0.0974066098775419,0.10318007527226171,0.10320020866934954,native-gain-261003,0.2,native_observed_state,False,True
VAR-0.7-I10,VAR-0.7,VAR,0.7,0.2,10,261003110,development,71,16,1000,1,0.2,0.1493187486695796,0.08554847551823362,0.14255579697149326,0.15608385182683093,0.15628254271649797,native-gain-261003,0.2,native_observed_state,False,True
CML-1.45-I10,CML-1.45,CML,1.45,0.13125,10,261003110,development,72,16,1000,9,0.20096278082760952,0.13470644035616197,0.9517206534096839,0.3669796233809488,0.5127623747915109,0.5163582688480162,native-gain-261003,0.2,native_observed_state,True,True
CML-1.69-I10,CML-1.69,CML,1.69,0.128125,10,261003110,development,73,16,1000,10,0.2003804103581331,0.29751131732704905,0.9784381301102982,0.4442508646929804,0.4603602117449007,0.4611243129216455,native-gain-261003,0.2,native_observed_state,True,True
CML-1.7522-I10,CML-1.7522,CML,1.7522,0.11875,10,261003110,development,74,16,1000,8,0.1981242584089093,0.2720215303876089,0.9739249711132191,0.4624832932792792,0.47669401605451994,0.4771529881112064,native-gain-261003,0.2,native_observed_state,True,True
CML-1.895-I10,CML-1.895,CML,1.895,0.10625000000000001,10,261003110,development,75,16,1000,8,0.19822030321885825,0.2445893740609246,0.5961039780601901,0.47513065370456986,0.47849565593226207,0.47849892259138904,native-gain-261003,0.2,native_observed_state,True,True
CML-2-I10,CML-2,CML,2.0,0.09375,10,261003110,development,76,16,1000,7,0.1993417647145293,0.12778614638914965,0.0492803235374267,0.5219083192222144,0.5339865524295422,0.5340380534807438,native-gain-261003,0.2,native_observed_state,True,True
VAR-0.2-I11,VAR-0.2,VAR,0.2,0.2,11,261003111,development,77,16,1000,1,0.2,0.1421264696972282,0.030791935573753683,0.0990300858397265,0.10261418497106037,0.10263615916308162,native-gain-261003,0.2,native_observed_state,False,True
VAR-0.7-I11,VAR-0.7,VAR,0.7,0.2,11,261003111,development,78,16,1000,1,0.2,0.1509307387006611,0.09712591517762166,0.14718154165753147,0.15828275902547817,0.15847464103285272,native-gain-261003,0.2,native_observed_state,False,True
CML-1.45-I11,CML-1.45,CML,1.45,0.125,11,261003111,development,79,16,1000,7,0.19975146392690743,0.04800823074125223,0.9117447600843771,0.5029748084330036,0.5522162001984816,0.552373794620428,native-gain-261003,0.2,native_observed_state,True,True
CML-1.69-I11,CML-1.69,CML,1.69,0.121875,11,261003111,development,80,16,1000,9,0.20012635669236853,0.23640541830714099,0.9650342073636621,0.45440920868455015,0.4829582948855288,0.4837567409455327,native-gain-261003,0.2,native_observed_state,True,True
CML-1.7522-I11,CML-1.7522,CML,1.7522,0.11875,11,261003111,development,81,16,1000,8,0.20185474322363786,0.23252101277449583,0.9528296339880884,0.45984690566430375,0.4884385624543851,0.4890149281396208,native-gain-261003,0.2,native_observed_state,True,True
CML-1.895-I11,CML-1.895,CML,1.895,0.109375,11,261003111,development,82,16,1000,9,0.198910627198876,0.2772485653864248,0.9735619206157637,0.4776435428376978,0.478031232493095,0.47803129715960213,native-gain-261003,0.2,native_observed_state,True,True
CML-2-I11,CML-2,CML,2.0,0.09375,11,261003111,development,83,16,1000,7,0.1996127831636626,0.12626563068997848,0.044745838256733214,0.5258898760987761,0.5353199490028413,0.5353516896474547,native-gain-261003,0.2,native_observed_state,True,True
VAR-0.2-I12,VAR-0.2,VAR,0.2,0.2,12,261003112,evaluation,84,16,1000,1,0.2,0.14324034386461418,0.030126093546554555,0.10088439098608785,0.10496382487864728,0.1049890066829987,native-gain-261003,0.2,native_observed_state,False,True
VAR-0.7-I12,VAR-0.7,VAR,0.7,0.2,12,261003112,evaluation,85,16,1000,1,0.2,0.1529621918865927,0.1159997005892342,0.13878586556054465,0.1654171808723625,0.16572015575460994,native-gain-261003,0.2,native_observed_state,False,True
CML-1.45-I12,CML-1.45,CML,1.45,0.1296875,12,261003112,evaluation,86,16,1000,11,0.19988826765268639,0.12104976152630076,0.9492356487682966,0.3718847906242729,0.5208135099459387,0.5242986689949231,native-gain-261003,0.2,native_observed_state,True,True
CML-1.69-I12,CML-1.69,CML,1.69,0.125,12,261003112,evaluation,87,16,1000,6,0.20011266464909278,0.27732340884214196,0.9756629585861387,0.4490416052707647,0.468230942421491,0.46900142271957823,native-gain-261003,0.2,native_observed_state,True,True
CML-1.7522-I12,CML-1.7522,CML,1.7522,0.12031249999999999,12,261003112,evaluation,88,16,1000,10,0.19818875335644454,0.29660031409409043,0.9873901712058362,0.4613018665525723,0.4694633322639492,0.4697495536694868,native-gain-261003,0.2,native_observed_state,True,True
CML-1.895-I12,CML-1.895,CML,1.895,0.109375,12,261003112,evaluation,89,16,1000,9,0.19876385497074459,0.2765588196082384,0.9635820999427495,0.47640397718392774,0.4767638498962426,0.4767638987311626,native-gain-261003,0.2,native_observed_state,True,True
CML-2-I12,CML-2,CML,2.0,0.09375,12,261003112,evaluation,90,16,1000,7,0.19979434047698347,0.1248819717775219,0.04860615663307303,0.52758515233357,0.536430658390346,0.5364738858732926,native-gain-261003,0.2,native_observed_state,True,True
VAR-0.2-I13,VAR-0.2,VAR,0.2,0.2,13,261003113,evaluation,91,16,1000,1,0.2,0.14412561636710905,0.030347778947591376,0.10026112620937354,0.10366993389265208,0.1036823831892217,native-gain-261003,0.2,native_observed_state,False,True
VAR-0.7-I13,VAR-0.7,VAR,0.7,0.2,13,261003113,evaluation,92,16,1000,1,0.2,0.155106204488921,0.11803706664272484,0.14477129714495562,0.15910651869041217,0.15923259821455238,native-gain-261003,0.2,native_observed_state,False,True
CML-1.45-I13,CML-1.45,CML,1.45,0.1296875,13,261003113,evaluation,93,16,1000,11,0.20183535466765226,0.11577428451004816,0.9383949876712717,0.372280141207366,0.5223110480511024,0.5257646781539672,native-gain-261003,0.2,native_observed_state,True,True
CML-1.69-I13,CML-1.69,CML,1.69,0.125,13,261003113,evaluation,94,16,1000,6,0.2019095873454194,0.2657941397713499,0.9707798429285704,0.44905223459021704,0.4718918544795587,0.47272825009662345,native-gain-261003,0.2,native_observed_state,True,True
CML-1.7522-I13,CML-1.7522,CML,1.7522,0.121875,13,261003113,evaluation,95,16,1000,9,0.1998093718252356,0.30160413120642765,0.9879162588582402,0.45927742765656626,0.4675122618178384,0.4678261030438381,native-gain-261003,0.2,native_observed_state,True,True
CML-1.895-I13,CML-1.895,CML,1.895,0.109375,13,261003113,evaluation,96,16,1000,9,0.1989997439295241,0.2774614404745212,0.9757065308296224,0.47804758116997836,0.47833652693504664,0.47833656805713504,native-gain-261003,0.2,native_observed_state,True,True
CML-2-I13,CML-2,CML,2.0,0.09375,13,261003113,evaluation,97,16,1000,7,0.19950025651691647,0.12667579384432104,0.046654043175852464,0.5208573648247827,0.533066995805421,0.5331108631516364,native-gain-261003,0.2,native_observed_state,True,True
VAR-0.2-I14,VAR-0.2,VAR,0.2,0.2,14,261003114,evaluation,98,16,1000,1,0.2,0.14261873792094287,0.030816394049964453,0.09994591526058881,0.10394691098684161,0.10397542148237833,native-gain-261003,0.2,native_observed_state,False,True
VAR-0.7-I14,VAR-0.7,VAR,0.7,0.2,14,261003114,evaluation,99,16,1000,1,0.2,0.15285081930490402,0.1133315948355266,0.14567487020321815,0.16097543839493073,0.16113661239292756,native-gain-261003,0.2,native_observed_state,False,True
CML-1.45-I14,CML-1.45,CML,1.45,0.128125,14,261003114,evaluation,100,16,1000,10,0.19823972350356125,0.1055589420696603,0.9562574986956568,0.5000616605451418,0.5295788392834142,0.5302707807643203,native-gain-261003,0.2,native_observed_state,True,True
CML-1.69-I14,CML-1.69,CML,1.69,0.125,14,261003114,evaluation,101,16,1000,7,0.19852537220297167,0.27747818829269044,0.978747124039933,0.4469741844104491,0.46927009088907484,0.4701678751802489,native-gain-261003,0.2,native_observed_state,True,True
CML-1.7522-I14,CML-1.7522,CML,1.7522,0.11875,14,261003114,evaluation,102,16,1000,8,0.19936592369182746,0.2627869570811109,0.969961188535923,0.46251673782766634,0.47989902902658377,0.48037191173521804,native-gain-261003,0.2,native_observed_state,True,True
CML-1.895-I14,CML-1.895,CML,1.895,0.109375,14,261003114,evaluation,103,16,1000,9,0.2017701608305308,0.26032686439569164,0.5681829744123291,0.47374616863176094,0.47898798250412233,0.47899639506552516,native-gain-261003,0.2,native_observed_state,True,True
CML-2-I14,CML-2,CML,2.0,0.09375,14,261003114,evaluation,104,16,1000,7,0.19965852410989834,0.12674089298095348,0.0442668721211695,0.5237841571089101,0.5357960497249996,0.5358606993790443,native-gain-261003,0.2,native_observed_state,True,True
VAR-0.2-I15,VAR-0.2,VAR,0.2,0.2,15,261003115,evaluation,105,16,1000,1,0.2,0.14269289928971493,0.029525644040136297,0.09807392214372458,0.10386349624872715,0.10389949952462016,native-gain-261003,0.2,native_observed_state,False,True
VAR-0.7-I15,VAR-0.7,VAR,0.7,0.2,15,261003115,evaluation,106,16,1000,1,0.2,0.15084493535975974,0.09782142071378427,0.14087363138339792,0.15530667985958665,0.1555082049269269,native-gain-261003,0.2,native_observed_state,False,True
CML-1.45-I15,CML-1.45,CML,1.45,0.13027343750000003,15,261003115,evaluation,107,16,1000,14,0.1983191849748615,0.13140194374018388,0.9589702925880885,0.310583997501836,0.5121751294004936,0.5154278894185471,native-gain-261003,0.2,native_observed_state,True,True
CML-1.69-I15,CML-1.69,CML,1.69,0.13007812500000002,15,261003115,evaluation,108,16,1000,13,0.2000554557431089,0.31527817727611035,0.9851690204260165,0.4411092481084243,0.45374813020536714,0.45443501912624695,native-gain-261003,0.2,native_observed_state,True,True
CML-1.7522-I15,CML-1.7522,CML,1.7522,0.121875,15,261003115,evaluation,109,16,1000,9,0.20025979747011677,0.2917335554562602,0.9831809332695344,0.45927860316489394,0.47071718317731037,0.47115164073642596,native-gain-261003,0.2,native_observed_state,True,True
CML-1.895-I15,CML-1.895,CML,1.895,0.108984375,15,261003115,evaluation,110,16,1000,12,0.20029325982928367,0.26320953854010354,0.7151516434812545,0.47286422009300666,0.4786115761390162,0.47862314572138037,native-gain-261003,0.2,native_observed_state,True,True
CML-2-I15,CML-2,CML,2.0,0.09375,15,261003115,evaluation,111,16,1000,7,0.19963110037496473,0.12575024757310183,0.05088147182082095,0.5237606621055219,0.5341343811004904,0.5341767547569087,native-gain-261003,0.2,native_observed_state,True,True
VAR-0.2-I16,VAR-0.2,VAR,0.2,0.2,16,261003116,evaluation,112,16,1000,1,0.2,0.14248324645514357,0.02963036416649825,0.10066887578429246,0.10514259032990028,0.10517322951561268,native-gain-261003,0.2,native_observed_state,False,True
VAR-0.7-I16,VAR-0.7,VAR,0.7,0.2,16,261003116,evaluation,113,16,1000,1,0.2,0.15174038302489645,0.1061720363531837,0.1577816242122794,0.1639271540551284,0.1640299989147597,native-gain-261003,0.2,native_observed_state,False,True
CML-1.45-I16,CML-1.45,CML,1.45,0.13125,16,261003116,evaluation,114,16,1000,9,0.20174720377321517,0.10851304047567759,0.9508279519840571,0.4971589273237823,0.5299953467945759,0.5307791404760682,native-gain-261003,0.2,native_observed_state,True,True
CML-1.69-I16,CML-1.69,CML,1.69,0.125,16,261003116,evaluation,115,16,1000,6,0.20018812775753747,0.26761182678521994,0.9708303374595769,0.44983476813698886,0.4723645612105579,0.47323007014461954,native-gain-261003,0.2,native_observed_state,True,True
CML-1.7522-I16,CML-1.7522,CML,1.7522,0.11875,16,261003116,evaluation,116,16,1000,8,0.20131014207758707,0.24251824636705085,0.9582890679170784,0.4561295167578936,0.48540208345158287,0.48608494048618855,native-gain-261003,0.2,native_observed_state,True,True
CML-1.895-I16,CML-1.895,CML,1.895,0.109375,16,261003116,evaluation,117,16,1000,9,0.1986943573621944,0.27658252149352475,0.9646727894089743,0.4766885633827518,0.47689224349590914,0.4768922726729866,native-gain-261003,0.2,native_observed_state,True,True
CML-2-I16,CML-2,CML,2.0,0.09375,16,261003116,evaluation,118,16,1000,7,0.19921111730888286,0.12794346999784892,0.04535263104245293,0.5198168979575372,0.5317083099066888,0.5317481374004658,native-gain-261003,0.2,native_observed_state,True,True
VAR-0.2-I17,VAR-0.2,VAR,0.2,0.2,17,261003117,evaluation,119,16,1000,1,0.2,0.14273261843238474,0.029226929207344116,0.09827209866857459,0.10259730950117837,0.10262720181947227,native-gain-261003,0.2,native_observed_state,False,True
VAR-0.7-I17,VAR-0.7,VAR,0.7,0.2,17,261003117,evaluation,120,16,1000,1,0.2,0.1520571372454285,0.1048974734157668,0.14691305875716673,0.15950781356088148,0.1597089489491779,native-gain-261003,0.2,native_observed_state,False,True
CML-1.45-I17,CML-1.45,CML,1.45,0.128125,17,261003117,evaluation,121,16,1000,10,0.19854900974830558,0.11086335728494855,0.9466839364583619,0.32978417137700383,0.5254524613645045,0.5283683004875944,native-gain-261003,0.2,native_observed_state,True,True
CML-1.69-I17,CML-1.69,CML,1.69,0.11875,17,261003117,evaluation,122,16,1000,8,0.20100095360791714,0.1947089165216916,0.9419564992878212,0.455577987782765,0.49411138996554493,0.494708187845751,native-gain-261003,0.2,native_observed_state,True,True
CML-1.7522-I17,CML-1.7522,CML,1.7522,0.11640625,17,261003117,evaluation,123,16,1000,11,0.1992748121054999,0.22739463187683356,0.9512405825472428,0.45848608355603465,0.49026193378622196,0.4907612738475763,native-gain-261003,0.2,native_observed_state,True,True
CML-1.895-I17,CML-1.895,CML,1.895,0.109375,17,261003117,evaluation,124,16,1000,9,0.19893805780482363,0.2760864024743897,0.9618028967311866,0.4760640821485799,0.47690139486586713,0.4769016734568066,native-gain-261003,0.2,native_observed_state,True,True
CML-2-I17,CML-2,CML,2.0,0.09375,17,261003117,evaluation,125,16,1000,7,0.19934911907753405,0.12597896112076104,0.044119963328963174,0.5168109363647236,0.5308206091674708,0.5308776364817378,native-gain-261003,0.2,native_observed_state,True,True
VAR-0.2-I18,VAR-0.2,VAR,0.2,0.2,18,261003118,evaluation,126,16,1000,1,0.2,0.14283319917467266,0.030782623801649114,0.09961175126767652,0.10368312904206906,0.10371012629808372,native-gain-261003,0.2,native_observed_state,False,True
VAR-0.7-I18,VAR-0.7,VAR,0.7,0.2,18,261003118,evaluation,127,16,1000,1,0.2,0.15167336504491957,0.10764928183662592,0.15003195402922595,0.16139979926122267,0.16166348828198188,native-gain-261003,0.2,native_observed_state,False,True
CML-1.45-I18,CML-1.45,CML,1.45,0.13125,18,261003118,evaluation,128,16,1000,9,0.20044425269766072,0.14580441036556452,0.9546566569406169,0.3602641021392348,0.5060359529582021,0.5111349910248095,native-gain-261003,0.2,native_observed_state,True,True
CML-1.69-I18,CML-1.69,CML,1.69,0.1171875,18,261003118,evaluation,129,16,1000,10,0.19986115058239873,0.18363139797147274,0.9409937947766646,0.45664912016385895,0.49996838149513434,0.500525983026085,native-gain-261003,0.2,native_observed_state,True,True
CML-1.7522-I18,CML-1.7522,CML,1.7522,0.115625,18,261003118,evaluation,130,16,1000,9,0.1983058972134144,0.224839799311254,0.9472840522434939,0.46275789488131636,0.48992510034982933,0.49045546531765755,native-gain-261003,0.2,native_observed_state,True,True
CML-1.895-I18,CML-1.895,CML,1.895,0.109375,18,261003118,evaluation,131,16,1000,9,0.19890767128931244,0.2772318214346129,0.9720399595770238,0.4775319289333438,0.47781071642980255,0.4778107505220793,native-gain-261003,0.2,native_observed_state,True,True
CML-2-I18,CML-2,CML,2.0,0.09375,18,261003118,evaluation,132,16,1000,7,0.19979977392708143,0.12398583617960265,0.049871153301021466,0.5193013511138592,0.5365687300105191,0.536633779547014,native-gain-261003,0.2,native_observed_state,True,True
VAR-0.2-I19,VAR-0.2,VAR,0.2,0.2,19,261003119,evaluation,133,16,1000,1,0.2,0.14302998906730913,0.029052444692969293,0.09923055796512965,0.10416501450823232,0.10419758834914283,native-gain-261003,0.2,native_observed_state,False,True
VAR-0.7-I19,VAR-0.7,VAR,0.7,0.2,19,261003119,evaluation,134,16,1000,1,0.2,0.15328101871830735,0.11902227362383375,0.14597679106136086,0.16108138058859084,0.16128408153085888,native-gain-261003,0.2,native_observed_state,False,True
CML-1.45-I19,CML-1.45,CML,1.45,0.13125,19,261003119,evaluation,135,16,1000,9,0.20081757489628715,0.13467591375936658,0.9544417515649033,0.366285743817196,0.5130699178704499,0.5167076284530081,native-gain-261003,0.2,native_observed_state,True,True
CML-1.69-I19,CML-1.69,CML,1.69,0.128125,19,261003119,evaluation,136,16,1000,10,0.1994367008838022,0.29792761548420316,0.9810421455603406,0.444520874174088,0.4603608053980476,0.46112241196906284,native-gain-261003,0.2,native_observed_state,True,True
CML-1.7522-I19,CML-1.7522,CML,1.7522,0.121875,19,261003119,evaluation,137,16,1000,9,0.20155726621335754,0.28139652588606573,0.9778284998180934,0.45655422721179034,0.47397243284319424,0.4744985756918594,native-gain-261003,0.2,native_observed_state,True,True
CML-1.895-I19,CML-1.895,CML,1.895,0.109375,19,261003119,evaluation,138,16,1000,9,0.1998146812138124,0.2714573216353344,0.7910614901325039,0.47511692954789864,0.47688688110236177,0.476887914556199,native-gain-261003,0.2,native_observed_state,True,True
CML-2-I19,CML-2,CML,2.0,0.09375,19,261003119,evaluation,139,16,1000,7,0.19914186273690343,0.12777307637841356,0.04428861517797717,0.5185044064182999,0.5306798724797982,0.530759001343088,native-gain-261003,0.2,native_observed_state,True,True
VAR-0.2-I20,VAR-0.2,VAR,0.2,0.2,20,261003120,evaluation,140,16,1000,1,0.2,0.14207062189772626,0.026559521436770168,0.09942901116021632,0.10352238163277191,0.10354823288441556,native-gain-261003,0.2,native_observed_state,False,True
VAR-0.7-I20,VAR-0.7,VAR,0.7,0.2,20,261003120,evaluation,141,16,1000,1,0.2,0.15055046292745272,0.10204420929307854,0.14712152081799645,0.15848301665569467,0.1585833054444417,native-gain-261003,0.2,native_observed_state,False,True
CML-1.45-I20,CML-1.45,CML,1.45,0.13125,20,261003120,evaluation,142,16,1000,9,0.20128828241788368,0.10842164559205633,0.946436105488032,0.4971950289117591,0.5287804355541044,0.5295045921987206,native-gain-261003,0.2,native_observed_state,True,True
CML-1.69-I20,CML-1.69,CML,1.69,0.1265625,20,261003120,evaluation,143,16,1000,11,0.20044360421833454,0.2815757389526742,0.97814417823227,0.4449823948205058,0.466627518096697,0.46750118146774006,native-gain-261003,0.2,native_observed_state,True,True
CML-1.7522-I20,CML-1.7522,CML,1.7522,0.11875,20,261003120,evaluation,144,16,1000,8,0.19860959371820994,0.2625463566605257,0.9690369204756818,0.4624883410893206,0.47963601239199716,0.48015952143322693,native-gain-261003,0.2,native_observed_state,True,True
CML-1.895-I20,CML-1.895,CML,1.895,0.109375,20,261003120,evaluation,145,16,1000,9,0.1987262007995184,0.27641573973213435,0.9627481607270327,0.4759029088883099,0.47655614957195636,0.47655620981319147,native-gain-261003,0.2,native_observed_state,True,True
CML-2-I20,CML-2,CML,2.0,0.09375,20,261003120,evaluation,146,16,1000,7,0.1997321131465312,0.12543121723001555,0.045094740880536686,0.5251100067104616,0.5362765568093066,0.5363254803094339,native-gain-261003,0.2,native_observed_state,True,True
VAR-0.2-I21,VAR-0.2,VAR,0.2,0.2,21,261003121,evaluation,147,16,1000,1,0.2,0.14237175571415933,0.029137308649022153,0.09879702002755932,0.10347348835295261,0.10349179965847606,native-gain-261003,0.2,native_observed_state,False,True
VAR-0.7-I21,VAR-0.7,VAR,0.7,0.2,21,261003121,evaluation,148,16,1000,1,0.2,0.1524799791484135,0.1052853761345334,0.14881021835128563,0.15868486589726075,0.15880855847771752,native-gain-261003,0.2,native_observed_state,False,True
CML-1.45-I21,CML-1.45,CML,1.45,0.129296875,21,261003121,evaluation,149,16,1000,13,0.1998363118882353,0.11612051802247401,0.9468549868204079,0.30705184522916995,0.5193294561926034,0.5227347762996112,native-gain-261003,0.2,native_observed_state,True,True
CML-1.69-I21,CML-1.69,CML,1.69,0.121875,21,261003121,evaluation,150,16,1000,9,0.2008912832844644,0.23522603979872353,0.9612813319506831,0.4511008546978794,0.4811677589897679,0.48192332184827136,native-gain-261003,0.2,native_observed_state,True,True
CML-1.7522-I21,CML-1.7522,CML,1.7522,0.11840820312499999,21,261003121,evaluation,151,16,1000,15,0.1983131866121154,0.261613544489412,0.9691959017120566,0.46018190768563827,0.48005161734978136,0.48057149743746225,native-gain-261003,0.2,native_observed_state,True,True
CML-1.895-I21,CML-1.895,CML,1.895,0.109375,21,261003121,evaluation,152,16,1000,9,0.19885143676407532,0.27683426922277987,0.9681051966941464,0.47700537470635906,0.4773988816355824,0.477398919509314,native-gain-261003,0.2,native_observed_state,True,True
CML-2-I21,CML-2,CML,2.0,0.09375,21,261003121,evaluation,153,16,1000,7,0.19902166210114858,0.12832646392098165,0.04356269340436433,0.5190214733613188,0.5302531048413376,0.5302989247156861,native-gain-261003,0.2,native_observed_state,True,True
VAR-0.2-I22,VAR-0.2,VAR,0.2,0.2,22,261003122,evaluation,154,16,1000,1,0.2,0.1426717047401325,0.02881392249736547,0.09978476130167395,0.10334408581425088,0.1033572700797079,native-gain-261003,0.2,native_observed_state,False,True
VAR-0.7-I22,VAR-0.7,VAR,0.7,0.2,22,261003122,evaluation,155,16,1000,1,0.2,0.150526069779864,0.09609471789775638,0.14994749024184353,0.16041549266988153,0.16054148044163832,native-gain-261003,0.2,native_observed_state,False,True
CML-1.45-I22,CML-1.45,CML,1.45,0.1296875,22,261003122,evaluation,156,16,1000,11,0.19857588685123648,0.126465235862657,0.9476509032061773,0.37202731125576133,0.5194513731233944,0.522954351657123,native-gain-261003,0.2,native_observed_state,True,True
CML-1.69-I22,CML-1.69,CML,1.69,0.125,22,261003122,evaluation,157,16,1000,6,0.200603357994139,0.266583006498587,0.9761330192113833,0.44767894030802824,0.47322356864230264,0.4741904164625124,native-gain-261003,0.2,native_observed_state,True,True
CML-1.7522-I22,CML-1.7522,CML,1.7522,0.11875,22,261003122,evaluation,158,16,1000,8,0.19982565543826858,0.2528502167564985,0.9622273263579665,0.4561225821741405,0.482156507005702,0.4827520380718477,native-gain-261003,0.2,native_observed_state,True,True
CML-1.895-I22,CML-1.895,CML,1.895,0.109375,22,261003122,evaluation,159,16,1000,9,0.1986713665976841,0.27636676919022063,0.9623866647107404,0.4762005660422725,0.4764959414875808,0.4764959859049481,native-gain-261003,0.2,native_observed_state,True,True
CML-2-I22,CML-2,CML,2.0,0.09375,22,261003122,evaluation,160,16,1000,7,0.20000301606923288,0.12460261972150273,0.04563859213767589,0.5255949433813718,0.5399465573159334,0.5400153739867739,native-gain-261003,0.2,native_observed_state,True,True
VAR-0.2-I23,VAR-0.2,VAR,0.2,0.2,23,261003123,evaluation,161,16,1000,1,0.2,0.14276996308750287,0.027753481306642052,0.09961569574780335,0.10373565688270764,0.10375886128851243,native-gain-261003,0.2,native_observed_state,False,True
VAR-0.7-I23,VAR-0.7,VAR,0.7,0.2,23,261003123,evaluation,162,16,1000,1,0.2,0.15035918296666653,0.09420235465049137,0.14594675380934402,0.16069957516112723,0.16086062978928234,native-gain-261003,0.2,native_observed_state,False,True
CML-1.45-I23,CML-1.45,CML,1.45,0.128125,23,261003123,evaluation,163,16,1000,10,0.20075460197901238,0.0826249169811446,0.9372848056472904,0.4998435484019864,0.5376808316560864,0.5381914551032457,native-gain-261003,0.2,native_observed_state,True,True
CML-1.69-I23,CML-1.69,CML,1.69,0.121875,23,261003123,evaluation,164,16,1000,9,0.1986442721290454,0.2469294950622623,0.9671626022053865,0.4528548472625554,0.4798894698122382,0.48069979568393856,native-gain-261003,0.2,native_observed_state,True,True
CML-1.7522-I23,CML-1.7522,CML,1.7522,0.12031249999999999,23,261003123,evaluation,165,16,1000,10,0.20126971466031804,0.26146545563991347,0.7846447037800348,0.4593584548238455,0.47970819777568185,0.48015906557150156,native-gain-261003,0.2,native_observed_state,True,True
CML-1.895-I23,CML-1.895,CML,1.895,0.10859375,23,261003123,evaluation,166,16,1000,11,0.19977609575527733,0.26235611995261543,0.7625365326827728,0.4708993248759435,0.47824875589603744,0.4782541100345381,native-gain-261003,0.2,native_observed_state,True,True
CML-2-I23,CML-2,CML,2.0,0.09375,23,261003123,evaluation,167,16,1000,7,0.19995718221846082,0.12468439809811346,0.04981676621390559,0.5148257618799237,0.5356466668551401,0.5357102170701619,native-gain-261003,0.2,native_observed_state,True,True
VAR-legacy-0.95-0.4-I00,VAR-legacy-0.95-0.4,VAR,0.5319999999999999,0.2,0,261003100,development,0,16,1000,1,0.2,0.1453111232840067,0.0561858071514555,0.11427100126990168,0.12215310265685675,0.12225234347011206,proof-strength-all-261003,0.2,native_observed_state,True,True
VAR-legacy-0.2-0.4-I00,VAR-legacy-0.2-0.4,VAR,0.196,0.2,0,261003100,development,1,16,1000,1,0.2,0.14278901068491512,0.02906091890462734,0.0978749494065061,0.10265000036362233,0.10269273397369297,proof-strength-all-261003,0.2,native_observed_state,True,True
VAR-legacy-0.2-0.8-I00,VAR-legacy-0.2-0.8,VAR,0.1088888888888889,0.2,0,261003100,development,2,16,1000,1,0.2,0.14256102032367043,0.025653742632911425,0.09663652526727791,0.1011254580517619,0.101165897079556,proof-strength-all-261003,0.2,native_observed_state,True,True
CML-1.85-I00,CML-1.85,CML,1.85,0.115625,0,261003100,development,3,16,1000,9,0.20161874162730678,0.2996362909950169,0.9887197687120745,0.4734266065444924,0.4737929240068821,0.47379295774898816,proof-strength-all-261003,0.2,native_observed_state,True,True
Kuramoto-fast-I00,Kuramoto-fast,Kuramoto,3.0,49.375,0,261003100,development,4,16,1000,10,0.2000571057827776,,0.19186824227295773,0.5988493378608235,0.7071891551962376,0.7082228444205094,proof-strength-all-261003,0.2,latent_phase,True,True
Kuramoto-slow-I00,Kuramoto-slow,Kuramoto,0.025,50.625,0,261003100,development,5,16,1000,11,0.1998167939142553,,0.9174706275768465,0.0005120679260147973,0.02923302028659667,0.03862037042558581,proof-strength-all-261003,0.2,latent_phase,True,True
Gaussian-noise-I00,Gaussian-noise,noise,0.0,0.0,0,261003100,development,6,16,1000,1,0.0,,0.026072389120955445,0.971185632367652,1.007431260205796,1.0077177464849776,proof-strength-all-261003,0.0,native_observed_state,True,False
Cauchy-noise-I00,Cauchy-noise,noise,1.0,0.0,0,261003100,development,7,16,1000,1,0.0,,0.008492441535803134,9.8893273882264,187.09889433322525,456.10825180535784,proof-strength-all-261003,0.0,native_observed_state,True,False
Wave-I00,Wave,wave,10.0,15.811388300841898,0,261003100,development,8,16,1000,1,0.2,,0.5664858031938814,0.34733783206473845,0.6813615289924969,0.7082666196657045,proof-strength-all-261003,0.2,native_observed_state,True,True
VAR-legacy-0.95-0.4-I01,VAR-legacy-0.95-0.4,VAR,0.5319999999999999,0.2,1,261003101,development,9,16,1000,1,0.2,0.14440412785377216,0.05452886423080853,0.11090047223378266,0.12038579859618012,0.12043433473239616,proof-strength-all-261003,0.2,native_observed_state,True,True
VAR-legacy-0.2-0.4-I01,VAR-legacy-0.2-0.4,VAR,0.196,0.2,1,261003101,development,10,16,1000,1,0.2,0.14246111017732183,0.02822580216278943,0.09852500287225602,0.1022545443467674,0.10227321000012746,proof-strength-all-261003,0.2,native_observed_state,True,True
VAR-legacy-0.2-0.8-I01,VAR-legacy-0.2-0.8,VAR,0.1088888888888889,0.2,1,261003101,development,11,16,1000,1,0.2,0.1423275595970607,0.025514732497639234,0.09781445376340346,0.10087442698863718,0.10089125210750173,proof-strength-all-261003,0.2,native_observed_state,True,True
CML-1.85-I01,CML-1.85,CML,1.85,0.11406250000000001,1,261003101,development,12,16,1000,10,0.19899129450693298,0.2940320168257123,0.9848727695951932,0.47453424351515094,0.4747682936582255,0.47476830896131184,proof-strength-all-261003,0.2,native_observed_state,True,True
Kuramoto-fast-I01,Kuramoto-fast,Kuramoto,3.0,50.625,1,261003101,development,13,16,1000,11,0.19983665878304002,,0.1898901626423592,0.6295116827294871,0.6955382433244397,0.6959118943638913,proof-strength-all-261003,0.2,latent_phase,True,True
Kuramoto-slow-I01,Kuramoto-slow,Kuramoto,0.025,48.75,1,261003101,development,14,16,1000,9,0.1998323865846217,,0.9987734895924976,0.005916863309150824,0.032708099089574005,0.03740289639569934,proof-strength-all-261003,0.2,latent_phase,True,True
Gaussian-noise-I01,Gaussian-noise,noise,0.0,0.0,1,261003101,development,15,16,1000,1,0.0,,0.02485034701211368,0.9667228688546188,1.0086529594543638,1.0088037830530001,proof-strength-all-261003,0.0,native_observed_state,True,False
Cauchy-noise-I01,Cauchy-noise,noise,1.0,0.0,1,261003101,development,16,16,1000,1,0.0,,0.006475033089251992,9.465934780619023,87.56723765110027,157.14507361307935,proof-strength-all-261003,0.0,native_observed_state,True,False
Wave-I01,Wave,wave,10.0,15.811388300841898,1,261003101,development,17,16,1000,1,0.2,,0.6127583013186796,0.35819618146730176,0.6810212311632163,0.708452221412514,proof-strength-all-261003,0.2,native_observed_state,True,True
VAR-legacy-0.95-0.4-I02,VAR-legacy-0.95-0.4,VAR,0.5319999999999999,0.2,2,261003102,development,18,16,1000,1,0.2,0.14438182303814717,0.05198920879003192,0.11552481680833396,0.12182142457113221,0.12189686183100262,proof-strength-all-261003,0.2,native_observed_state,True,True
VAR-legacy-0.2-0.4-I02,VAR-legacy-0.2-0.4,VAR,0.196,0.2,2,261003102,development,19,16,1000,1,0.2,0.14254078891098576,0.026381367823309288,0.09713939838740497,0.10248739385826375,0.10253892615289352,proof-strength-all-261003,0.2,native_observed_state,True,True
VAR-legacy-0.2-0.8-I02,VAR-legacy-0.2-0.8,VAR,0.1088888888888889,0.2,2,261003102,development,20,16,1000,1,0.2,0.14247288690648702,0.02372771698555783,0.09581133441155694,0.1009578086373088,0.10100953590195112,proof-strength-all-261003,0.2,native_observed_state,True,True
CML-1.85-I02,CML-1.85,CML,1.85,0.1130859375,2,261003102,development,21,16,1000,13,0.201056915279638,0.27236539330020637,0.5209522962364771,0.4750099614128,0.47669553139311144,0.4766989297598998,proof-strength-all-261003,0.2,native_observed_state,True,True
Kuramoto-fast-I02,Kuramoto-fast,Kuramoto,3.0,50.0,2,261003102,development,22,16,1000,7,0.19972693433929997,,0.23891355358902341,0.6912184814357113,0.7031657577361783,0.7032327612685676,proof-strength-all-261003,0.2,latent_phase,True,True
Kuramoto-slow-I02,Kuramoto-slow,Kuramoto,0.025,46.25,2,261003102,development,23,16,1000,9,0.20198393785216479,,0.8767274891250126,0.00024229309932168264,0.04062506775405315,0.04568800134084696,proof-strength-all-261003,0.2,latent_phase,True,True
Gaussian-noise-I02,Gaussian-noise,noise,0.0,0.0,2,261003102,development,24,16,1000,1,0.0,,0.028017284361037717,0.959281983459674,0.9975889468909291,0.9978551853168616,proof-strength-all-261003,0.0,native_observed_state,True,False
Cauchy-noise-I02,Cauchy-noise,noise,1.0,0.0,2,261003102,development,25,16,1000,1,0.0,,0.013554879196172764,8.121222254912622,49.26045736242604,66.20572176630867,proof-strength-all-261003,0.0,native_observed_state,True,False
Wave-I02,Wave,wave,10.0,15.811388300841898,2,261003102,development,26,16,1000,1,0.2,,0.6604850581256076,0.3601125593657341,0.6735061154148458,0.7088005201751596,proof-strength-all-261003,0.2,native_observed_state,True,True
VAR-legacy-0.95-0.4-I03,VAR-legacy-0.95-0.4,VAR,0.5319999999999999,0.2,3,261003103,development,27,16,1000,1,0.2,0.14398643296226046,0.0544549722006282,0.11743320695756296,0.1225254978791045,0.1225874981386357,proof-strength-all-261003,0.2,native_observed_state,True,True
VAR-legacy-0.2-0.4-I03,VAR-legacy-0.2-0.4,VAR,0.196,0.2,3,261003103,development,28,16,1000,1,0.2,0.14154908875030356,0.02775481225033555,0.09940136780375418,0.10342027975359049,0.10344925821734553,proof-strength-all-261003,0.2,native_observed_state,True,True
VAR-legacy-0.2-0.8-I03,VAR-legacy-0.2-0.8,VAR,0.1088888888888889,0.2,3,261003103,development,29,16,1000,1,0.2,0.14135429536633426,0.025438629996945083,0.09812695362591692,0.10193497785032317,0.10196280099165773,proof-strength-all-261003,0.2,native_observed_state,True,True
CML-1.85-I03,CML-1.85,CML,1.85,0.11406250000000001,3,261003103,development,30,16,1000,10,0.19904792843816327,0.2939855806178331,0.98441928506015,0.4740577061685677,0.47468188394114685,0.4746819432384225,proof-strength-all-261003,0.2,native_observed_state,True,True
Kuramoto-fast-I03,Kuramoto-fast,Kuramoto,3.0,50.0,3,261003103,development,31,16,1000,6,0.20089550164853934,,0.2140020583850398,0.6346702469662692,0.7006944039680936,0.7012044221474968,proof-strength-all-261003,0.2,latent_phase,True,True
Kuramoto-slow-I03,Kuramoto-slow,Kuramoto,0.025,51.875,3,261003103,development,32,16,1000,11,0.19962762612861765,,0.9936174474909324,0.0017904491570744385,0.028865286804722293,0.035373687001058314,proof-strength-all-261003,0.2,latent_phase,True,True
Gaussian-noise-I03,Gaussian-noise,noise,0.0,0.0,3,261003103,development,33,16,1000,1,0.0,,0.023252114153882043,0.9784052150999105,1.005986449310822,1.0062287341873437,proof-strength-all-261003,0.0,native_observed_state,True,False
Cauchy-noise-I03,Cauchy-noise,noise,1.0,0.0,3,261003103,development,34,16,1000,1,0.0,,0.01556937715980715,10.170992994038249,43.74064544135175,58.216328454473185,proof-strength-all-261003,0.0,native_observed_state,True,False
Wave-I03,Wave,wave,10.0,15.811388300841898,3,261003103,development,35,16,1000,1,0.2,,0.7299043418233774,0.16117970620734076,0.6525770155586431,0.7087952620459773,proof-strength-all-261003,0.2,native_observed_state,True,True
VAR-legacy-0.95-0.4-I04,VAR-legacy-0.95-0.4,VAR,0.5319999999999999,0.2,4,261003104,development,36,16,1000,1,0.2,0.1440020667977063,0.056096864260786534,0.11703208975620685,0.12289419374803608,0.12294768803568207,proof-strength-all-261003,0.2,native_observed_state,True,True
VAR-legacy-0.2-0.4-I04,VAR-legacy-0.2-0.4,VAR,0.196,0.2,4,261003104,development,37,16,1000,1,0.2,0.14255817661831371,0.029634405387146463,0.0973506760738209,0.10252023993844124,0.10255590357691419,proof-strength-all-261003,0.2,native_observed_state,True,True
VAR-legacy-0.2-0.8-I04,VAR-legacy-0.2-0.8,VAR,0.1088888888888889,0.2,4,261003104,development,38,16,1000,1,0.2,0.14256048496638826,0.026711255520475822,0.09576809101502727,0.10084513830335654,0.10087935094631861,proof-strength-all-261003,0.2,native_observed_state,True,True
CML-1.85-I04,CML-1.85,CML,1.85,0.11406250000000001,4,261003104,development,39,16,1000,10,0.19929772445962518,0.29433688614576703,0.9866749832792056,0.47508245874889404,0.4752081754953654,0.4752081772906434,proof-strength-all-261003,0.2,native_observed_state,True,True
Kuramoto-fast-I04,Kuramoto-fast,Kuramoto,3.0,49.375,4,261003104,development,40,16,1000,10,0.20032903658618556,,0.20046728686696236,0.6725600477975706,0.7068625180692745,0.7070034937545289,proof-strength-all-261003,0.2,latent_phase,True,True
Kuramoto-slow-I04,Kuramoto-slow,Kuramoto,0.025,52.5,4,261003104,development,41,16,1000,9,0.20075097383461157,,0.9358088075774541,0.0016172983480636331,0.03122650669682904,0.037254276475125865,proof-strength-all-261003,0.2,latent_phase,True,True
Gaussian-noise-I04,Gaussian-noise,noise,0.0,0.0,4,261003104,development,42,16,1000,1,0.0,,0.026012188280409874,0.9467857571088911,0.9943597874610511,0.9946095839379869,proof-strength-all-261003,0.0,native_observed_state,True,False
Cauchy-noise-I04,Cauchy-noise,noise,1.0,0.0,4,261003104,development,43,16,1000,1,0.0,,0.00785351032993458,9.604436161513158,66.41251040792343,96.85393085206766,proof-strength-all-261003,0.0,native_observed_state,True,False
Wave-I04,Wave,wave,10.0,15.811388300841898,4,261003104,development,44,16,1000,1,0.2,,0.7518778857727545,0.29683719316067314,0.663492186417115,0.7086065942374655,proof-strength-all-261003,0.2,native_observed_state,True,True
VAR-legacy-0.95-0.4-I05,VAR-legacy-0.95-0.4,VAR,0.5319999999999999,0.2,5,261003105,development,45,16,1000,1,0.2,0.14434957830284093,0.05487780228630165,0.11884185780929814,0.1228801647021533,0.12290281798366871,proof-strength-all-261003,0.2,native_observed_state,True,True
VAR-legacy-0.2-0.4-I05,VAR-legacy-0.2-0.4,VAR,0.196,0.2,5,261003105,development,46,16,1000,1,0.2,0.14292184768184327,0.030571987246617967,0.10108462360941771,0.10359269008577501,0.10360730293553097,proof-strength-all-261003,0.2,native_observed_state,True,True
VAR-legacy-0.2-0.8-I05,VAR-legacy-0.2-0.8,VAR,0.1088888888888889,0.2,5,261003105,development,47,16,1000,1,0.2,0.14293104202791349,0.02819563616939941,0.09957495204003342,0.10211323696876774,0.10212865601566111,proof-strength-all-261003,0.2,native_observed_state,True,True
CML-1.85-I05,CML-1.85,CML,1.85,0.1125,5,261003105,development,48,16,1000,7,0.20111131950776054,0.2657005991490695,0.5567232200376393,0.4729098550264363,0.4772084925900951,0.4772114504949015,proof-strength-all-261003,0.2,native_observed_state,True,True
Kuramoto-fast-I05,Kuramoto-fast,Kuramoto,3.0,51.25,5,261003105,development,49,16,1000,10,0.20166433752021157,,0.17418810812544477,0.6268422984043134,0.69293071788005,0.6934945683469848,proof-strength-all-261003,0.2,latent_phase,True,True
Kuramoto-slow-I05,Kuramoto-slow,Kuramoto,0.025,52.5,5,261003105,development,50,16,1000,9,0.19819023192324903,,0.8859286804706399,0.0016735552329709478,0.03241754278974756,0.04113761123135517,proof-strength-all-261003,0.2,latent_phase,True,True
Gaussian-noise-I05,Gaussian-noise,noise,0.0,0.0,5,261003105,development,51,16,1000,1,0.0,,0.02445241790935575,0.9706494285553885,1.0000660041957787,1.0002974488732754,proof-strength-all-261003,0.0,native_observed_state,True,False
Cauchy-noise-I05,Cauchy-noise,noise,1.0,0.0,5,261003105,development,52,16,1000,1,0.0,,0.007982336000273923,11.678847359882816,448.610836272862,1037.328878815458,proof-strength-all-261003,0.0,native_observed_state,True,False
Wave-I05,Wave,wave,10.0,15.811388300841898,5,261003105,development,53,16,1000,1,0.2,,0.5208577777798186,0.2731039595259749,0.6760289864137634,0.7084811824280224,proof-strength-all-261003,0.2,native_observed_state,True,True
VAR-legacy-0.95-0.4-I06,VAR-legacy-0.95-0.4,VAR,0.5319999999999999,0.2,6,261003106,development,54,16,1000,1,0.2,0.1445058835490489,0.060284069793652535,0.11044664661755586,0.12046986830766328,0.12053893424919904,proof-strength-all-261003,0.2,native_observed_state,True,True
VAR-legacy-0.2-0.4-I06,VAR-legacy-0.2-0.4,VAR,0.196,0.2,6,261003106,development,55,16,1000,1,0.2,0.142514178989075,0.031429157644860935,0.09642082124649265,0.10170900177438325,0.10173605878809612,proof-strength-all-261003,0.2,native_observed_state,True,True
VAR-legacy-0.2-0.8-I06,VAR-legacy-0.2-0.8,VAR,0.1088888888888889,0.2,6,261003106,development,56,16,1000,1,0.2,0.14242235525289165,0.02873487208141595,0.09538446114468098,0.10025684058446602,0.10027882473530254,proof-strength-all-261003,0.2,native_observed_state,True,True
CML-1.85-I06,CML-1.85,CML,1.85,0.11406250000000001,6,261003106,development,57,16,1000,10,0.19882603030449023,0.29372405489699704,0.9827158932996627,0.47370824400456724,0.4742824819325404,0.4742825647214227,proof-strength-all-261003,0.2,native_observed_state,True,True
Kuramoto-fast-I06,Kuramoto-fast,Kuramoto,3.0,51.25,6,261003106,development,58,16,1000,10,0.19900511348740227,,0.18598899693856827,0.36528385072126335,0.6804193090108476,0.6865307167552491,proof-strength-all-261003,0.2,latent_phase,True,True
Kuramoto-slow-I06,Kuramoto-slow,Kuramoto,0.025,43.75,6,261003106,development,59,16,1000,9,0.19999876555450852,,0.8917096001867851,0.0015762458364589147,0.015788394324731603,0.020306877960813628,proof-strength-all-261003,0.2,latent_phase,True,True
Gaussian-noise-I06,Gaussian-noise,noise,0.0,0.0,6,261003106,development,60,16,1000,1,0.0,,0.025195699554059318,0.9665138811340578,1.001745912259444,1.0019792172644932,proof-strength-all-261003,0.0,native_observed_state,True,False
Cauchy-noise-I06,Cauchy-noise,noise,1.0,0.0,6,261003106,development,61,16,1000,1,0.0,,0.006814778206356847,12.685622603573572,75.23382726121594,132.538216394202,proof-strength-all-261003,0.0,native_observed_state,True,False
Wave-I06,Wave,wave,10.0,15.811388300841898,6,261003106,development,62,16,1000,1,0.2,,0.7485893620591083,0.37375141049320887,0.6700869097954649,0.708085918510242,proof-strength-all-261003,0.2,native_observed_state,True,True
VAR-legacy-0.95-0.4-I07,VAR-legacy-0.95-0.4,VAR,0.5319999999999999,0.2,7,261003107,development,63,16,1000,1,0.2,0.14457177987727451,0.05430837034753201,0.11544205407734677,0.1227879107996303,0.12284337837565691,proof-strength-all-261003,0.2,native_observed_state,True,True
VAR-legacy-0.2-0.4-I07,VAR-legacy-0.2-0.4,VAR,0.196,0.2,7,261003107,development,64,16,1000,1,0.2,0.14210810570204982,0.028839682678478955,0.0981750140048025,0.10284479311091413,0.10287507412967063,proof-strength-all-261003,0.2,native_observed_state,True,True
VAR-legacy-0.2-0.8-I07,VAR-legacy-0.2-0.8,VAR,0.1088888888888889,0.2,7,261003107,development,65,16,1000,1,0.2,0.14194601050497088,0.026132295381834845,0.09701495851869454,0.10122515314812605,0.10125411408724289,proof-strength-all-261003,0.2,native_observed_state,True,True
CML-1.85-I07,CML-1.85,CML,1.85,0.115625,7,261003107,development,66,16,1000,9,0.20182156773201237,0.29953948158583754,0.9887183664382355,0.4725624953026509,0.4738378658522864,0.4738380194264759,proof-strength-all-261003,0.2,native_observed_state,True,True
Kuramoto-fast-I07,Kuramoto-fast,Kuramoto,3.0,50.0,7,261003107,development,67,16,1000,7,0.19884922271262914,,0.19721372311939345,0.644926510166516,0.6977343275386841,0.698173940084145,proof-strength-all-261003,0.2,latent_phase,True,True
Kuramoto-slow-I07,Kuramoto-slow,Kuramoto,0.025,51.25,7,261003107,development,68,16,1000,10,0.19868811320550692,,0.9988952883153568,0.004014024219356368,0.02562571780738543,0.02968357698139385,proof-strength-all-261003,0.2,latent_phase,True,True
Gaussian-noise-I07,Gaussian-noise,noise,0.0,0.0,7,261003107,development,69,16,1000,1,0.0,,0.027964702354680442,0.9712798580670926,1.0066985581556422,1.0069106316847904,proof-strength-all-261003,0.0,native_observed_state,True,False
Cauchy-noise-I07,Cauchy-noise,noise,1.0,0.0,7,261003107,development,70,16,1000,1,0.0,,0.011259171594185107,11.20241674646031,51.093728583018084,72.06022952558565,proof-strength-all-261003,0.0,native_observed_state,True,False
Wave-I07,Wave,wave,10.0,15.811388300841898,7,261003107,development,71,16,1000,1,0.2,,0.7374276688670324,0.11242599739514546,0.6480566172115892,0.7086271111392308,proof-strength-all-261003,0.2,native_observed_state,True,True
VAR-legacy-0.95-0.4-I08,VAR-legacy-0.95-0.4,VAR,0.5319999999999999,0.2,8,261003108,development,72,16,1000,1,0.2,0.14456153430058427,0.05035127577295742,0.11257045406563773,0.12092534885848466,0.1209842965838266,proof-strength-all-261003,0.2,native_observed_state,True,True
VAR-legacy-0.2-0.4-I08,VAR-legacy-0.2-0.4,VAR,0.196,0.2,8,261003108,development,73,16,1000,1,0.2,0.14306981609134656,0.02598965680818053,0.09733176207668619,0.10233765568454685,0.10238172138877102,proof-strength-all-261003,0.2,native_observed_state,True,True
VAR-legacy-0.2-0.8-I08,VAR-legacy-0.2-0.8,VAR,0.1088888888888889,0.2,8,261003108,development,74,16,1000,1,0.2,0.14303664422395507,0.024120718096254223,0.0958753669809546,0.10095177316870702,0.10099380838144353,proof-strength-all-261003,0.2,native_observed_state,True,True
CML-1.85-I08,CML-1.85,CML,1.85,0.11406250000000001,8,261003108,development,75,16,1000,10,0.19867609091003818,0.2937956291982783,0.9833106989051623,0.474242112709034,0.47440823074782035,0.4744082480862159,proof-strength-all-261003,0.2,native_observed_state,True,True
Kuramoto-fast-I08,Kuramoto-fast,Kuramoto,3.0,50.0,8,261003108,development,76,16,1000,6,0.20065728843969474,,0.231378806699461,0.11756239726876883,0.6340875551548721,0.6582893155666891,proof-strength-all-261003,0.2,latent_phase,True,True
Kuramoto-slow-I08,Kuramoto-slow,Kuramoto,0.025,51.25,8,261003108,development,77,16,1000,10,0.2002882392714572,,0.8947723374197538,0.0028086184608047834,0.026088529830853163,0.033263109739376406,proof-strength-all-261003,0.2,latent_phase,True,True
Gaussian-noise-I08,Gaussian-noise,noise,0.0,0.0,8,261003108,development,78,16,1000,1,0.0,,0.025776170189566208,0.9681071067117052,0.9960091273721792,0.9962080467037421,proof-strength-all-261003,0.0,native_observed_state,True,False
Cauchy-noise-I08,Cauchy-noise,noise,1.0,0.0,8,261003108,development,79,16,1000,1,0.0,,0.007500592934562816,16.42985363790183,58.41042017227246,82.49730347015581,proof-strength-all-261003,0.0,native_observed_state,True,False
Wave-I08,Wave,wave,10.0,15.811388300841898,8,261003108,development,80,16,1000,1,0.2,,0.7285203697268163,0.17689693753042632,0.6544468792318012,0.70870816821323,proof-strength-all-261003,0.2,native_observed_state,True,True
VAR-legacy-0.95-0.4-I09,VAR-legacy-0.95-0.4,VAR,0.5319999999999999,0.2,9,261003109,development,81,16,1000,1,0.2,0.14425933682576442,0.04957386144752453,0.11653952324155667,0.12267024772897032,0.1227276167602509,proof-strength-all-261003,0.2,native_observed_state,True,True
VAR-legacy-0.2-0.4-I09,VAR-legacy-0.2-0.4,VAR,0.196,0.2,9,261003109,development,82,16,1000,1,0.2,0.14234735442526505,0.02958917551169502,0.10020797087690804,0.10352501831935554,0.10354406269303437,proof-strength-all-261003,0.2,native_observed_state,True,True
VAR-legacy-0.2-0.8-I09,VAR-legacy-0.2-0.8,VAR,0.1088888888888889,0.2,9,261003109,development,83,16,1000,1,0.2,0.14219215599505536,0.027813208347362197,0.09890137402540622,0.10196978119015776,0.1019871819512355,proof-strength-all-261003,0.2,native_observed_state,True,True
CML-1.85-I09,CML-1.85,CML,1.85,0.11406250000000001,9,261003109,development,84,16,1000,10,0.19967384157187343,0.2918762101744325,0.9737481509501091,0.4741486039279161,0.4747634067383275,0.474763523190032,proof-strength-all-261003,0.2,native_observed_state,True,True
Kuramoto-fast-I09,Kuramoto-fast,Kuramoto,3.0,50.0,9,261003109,development,85,16,1000,7,0.19921823501896385,,0.2148642347392561,0.45191432775663953,0.6852348914539099,0.6880583162449931,proof-strength-all-261003,0.2,latent_phase,True,True
Kuramoto-slow-I09,Kuramoto-slow,Kuramoto,0.025,54.375,9,261003109,development,86,16,1000,11,0.19977042709356377,,0.9079093456481946,0.002692083827411792,0.03071234199235935,0.03858470664899258,proof-strength-all-261003,0.2,latent_phase,True,True
Gaussian-noise-I09,Gaussian-noise,noise,0.0,0.0,9,261003109,development,87,16,1000,1,0.0,,0.024651985151140525,0.957304419100206,0.9936713662994894,0.9938326641124068,proof-strength-all-261003,0.0,native_observed_state,True,False
Cauchy-noise-I09,Cauchy-noise,noise,1.0,0.0,9,261003109,development,88,16,1000,1,0.0,,0.008115195896604012,13.091190666164843,81.49657531641412,165.36998646385854,proof-strength-all-261003,0.0,native_observed_state,True,False
Wave-I09,Wave,wave,10.0,15.811388300841898,9,261003109,development,89,16,1000,1,0.2,,0.7745624232158121,0.2648074253785141,0.6616547978804717,0.7086817704010724,proof-strength-all-261003,0.2,native_observed_state,True,True
VAR-legacy-0.95-0.4-I10,VAR-legacy-0.95-0.4,VAR,0.5319999999999999,0.2,10,261003110,development,90,16,1000,1,0.2,0.1437301241250071,0.046832316780896416,0.11465515372276505,0.12233712081973906,0.12238607953764953,proof-strength-all-261003,0.2,native_observed_state,True,True
VAR-legacy-0.2-0.4-I10,VAR-legacy-0.2-0.4,VAR,0.196,0.2,10,261003110,development,91,16,1000,1,0.2,0.14173454273868166,0.026082021568985203,0.09731254604898391,0.10308403474706382,0.10310413525732678,proof-strength-all-261003,0.2,native_observed_state,True,True
VAR-legacy-0.2-0.8-I10,VAR-legacy-0.2-0.8,VAR,0.1088888888888889,0.2,10,261003110,development,92,16,1000,1,0.2,0.14151050553709404,0.02451478032350168,0.09571378349440654,0.1015051308173427,0.10152528898108991,proof-strength-all-261003,0.2,native_observed_state,True,True
CML-1.85-I10,CML-1.85,CML,1.85,0.1115234375,10,261003110,development,93,16,1000,13,0.2007326001661674,0.256114234682898,0.4049575830577254,0.4743325470685403,0.47846700206033194,0.47847871539866854,proof-strength-all-261003,0.2,native_observed_state,True,True
Kuramoto-fast-I10,Kuramoto-fast,Kuramoto,3.0,50.0,10,261003110,development,94,16,1000,7,0.19863928958103927,,0.1918388511524212,0.39055877633642594,0.6916688901459266,0.6969080837664908,proof-strength-all-261003,0.2,latent_phase,True,True
Kuramoto-slow-I10,Kuramoto-slow,Kuramoto,0.025,50.0,10,261003110,development,95,16,1000,6,0.2011031875221005,,0.9967761549721381,0.0011590624775344159,0.03212246391231749,0.039827944175176204,proof-strength-all-261003,0.2,latent_phase,True,True
Gaussian-noise-I10,Gaussian-noise,noise,0.0,0.0,10,261003110,development,96,16,1000,1,0.0,,0.024862153379920125,0.9502715332268916,1.0051293889154191,1.0056442977047981,proof-strength-all-261003,0.0,native_observed_state,True,False
Cauchy-noise-I10,Cauchy-noise,noise,1.0,0.0,10,261003110,development,97,16,1000,1,0.0,,0.008968411954420712,11.802322112922372,1732.0337765316224,6681.257064489657,proof-strength-all-261003,0.0,native_observed_state,True,False
Wave-I10,Wave,wave,10.0,15.811388300841898,10,261003110,development,98,16,1000,1,0.2,,0.42982969002808036,0.44575163450977956,0.6901722055368648,0.707622870976875,proof-strength-all-261003,0.2,native_observed_state,True,True
VAR-legacy-0.95-0.4-I11,VAR-legacy-0.95-0.4,VAR,0.5319999999999999,0.2,11,261003111,development,99,16,1000,1,0.2,0.14462798492508677,0.0543601070728872,0.11807538876228617,0.12235023666581782,0.12238956249047275,proof-strength-all-261003,0.2,native_observed_state,True,True
VAR-legacy-0.2-0.4-I11,VAR-legacy-0.2-0.4,VAR,0.196,0.2,11,261003111,development,100,16,1000,1,0.2,0.14211312436616005,0.030674937876271156,0.09893895207165798,0.10251734647898228,0.10253929309765476,proof-strength-all-261003,0.2,native_observed_state,True,True
VAR-legacy-0.2-0.8-I11,VAR-legacy-0.2-0.8,VAR,0.1088888888888889,0.2,11,261003111,development,101,16,1000,1,0.2,0.14186544985430816,0.028636571270743868,0.09745749112450697,0.10092954571911979,0.10095118121730352,proof-strength-all-261003,0.2,native_observed_state,True,True
CML-1.85-I11,CML-1.85,CML,1.85,0.11328125,11,261003111,development,102,16,1000,11,0.19804165885614333,0.2900578348776852,0.9743219521127054,0.47509704595651786,0.4754539818336664,0.4754541952466052,proof-strength-all-261003,0.2,native_observed_state,True,True
Kuramoto-fast-I11,Kuramoto-fast,Kuramoto,3.0,50.0,11,261003111,development,103,16,1000,6,0.20037717952143133,,0.22183779594207031,0.5486569536508843,0.6923928115620149,0.6934450114675436,proof-strength-all-261003,0.2,latent_phase,True,True
Kuramoto-slow-I11,Kuramoto-slow,Kuramoto,0.025,46.25,11,261003111,development,104,16,1000,9,0.19929732623155993,,0.9980141599065221,0.007611544231335539,0.03457969913615108,0.03867788312579158,proof-strength-all-261003,0.2,latent_phase,True,True
Gaussian-noise-I11,Gaussian-noise,noise,0.0,0.0,11,261003111,development,105,16,1000,1,0.0,,0.02554536690232255,0.9401556936410308,0.9877700990765877,0.9880002640663733,proof-strength-all-261003,0.0,native_observed_state,True,False
Cauchy-noise-I11,Cauchy-noise,noise,1.0,0.0,11,261003111,development,106,16,1000,1,0.0,,0.00840912377510889,16.90575306193122,62.596598094237564,101.99116642755124,proof-strength-all-261003,0.0,native_observed_state,True,False
Wave-I11,Wave,wave,10.0,15.811388300841898,11,261003111,development,107,16,1000,1,0.2,,0.6210033254912656,0.29248407761817,0.6694565531816499,0.7078347201387383,proof-strength-all-261003,0.2,native_observed_state,True,True
VAR-legacy-0.95-0.4-I12,VAR-legacy-0.95-0.4,VAR,0.5319999999999999,0.2,12,261003112,evaluation,108,16,1000,1,0.2,0.145453679503612,0.06034268653610062,0.11445229329928713,0.12562101537615122,0.12570539856165902,proof-strength-all-261003,0.2,native_observed_state,True,True
VAR-legacy-0.2-0.4-I12,VAR-legacy-0.2-0.4,VAR,0.196,0.2,12,261003112,evaluation,109,16,1000,1,0.2,0.14323266656812209,0.029913113892339298,0.10082335388559376,0.10486413361149716,0.10488914074676549,proof-strength-all-261003,0.2,native_observed_state,True,True
VAR-legacy-0.2-0.8-I12,VAR-legacy-0.2-0.8,VAR,0.1088888888888889,0.2,12,261003112,evaluation,110,16,1000,1,0.2,0.14311151833931615,0.026815919766963802,0.09990523062126541,0.10323686530063983,0.10325914885904416,proof-strength-all-261003,0.2,native_observed_state,True,True
CML-1.85-I12,CML-1.85,CML,1.85,0.11406250000000001,12,261003112,evaluation,111,16,1000,10,0.19897948498965948,0.2939093386643707,0.9844472978650061,0.4743749347380807,0.4747049697703699,0.474705066829372,proof-strength-all-261003,0.2,native_observed_state,True,True
Kuramoto-fast-I12,Kuramoto-fast,Kuramoto,3.0,51.25,12,261003112,evaluation,112,16,1000,10,0.20195674692643414,,0.20184706711653963,0.42223562789753316,0.6882746184415045,0.6917903146570537,proof-strength-all-261003,0.2,latent_phase,True,True
Kuramoto-slow-I12,Kuramoto-slow,Kuramoto,0.025,48.75,12,261003112,evaluation,113,16,1000,9,0.19907518735880744,,0.9925232815151086,0.00026288737294209263,0.02548537375384348,0.03092683921583052,proof-strength-all-261003,0.2,latent_phase,True,True
Gaussian-noise-I12,Gaussian-noise,noise,0.0,0.0,12,261003112,evaluation,114,16,1000,1,0.0,,0.02549939530452228,0.9581208726597044,0.9988793962196971,0.9991725106766322,proof-strength-all-261003,0.0,native_observed_state,True,False
Cauchy-noise-I12,Cauchy-noise,noise,1.0,0.0,12,261003112,evaluation,115,16,1000,1,0.0,,0.012313635716778017,9.858770539331067,59.57218467933559,97.58868746300075,proof-strength-all-261003,0.0,native_observed_state,True,False
Wave-I12,Wave,wave,10.0,15.811388300841898,12,261003112,evaluation,116,16,1000,1,0.2,,0.6340667186939061,0.4346052900373687,0.6828643269162807,0.7083384676722662,proof-strength-all-261003,0.2,native_observed_state,True,True
VAR-legacy-0.95-0.4-I13,VAR-legacy-0.95-0.4,VAR,0.5319999999999999,0.2,13,261003113,evaluation,117,16,1000,1,0.2,0.14650996473160813,0.058957596284786314,0.11673152589499283,0.12338013095061652,0.12342097421108142,proof-strength-all-261003,0.2,native_observed_state,True,True
VAR-legacy-0.2-0.4-I13,VAR-legacy-0.2-0.4,VAR,0.196,0.2,13,261003113,evaluation,118,16,1000,1,0.2,0.14411795065519303,0.030176064991942444,0.10017799376648334,0.10357133837274522,0.10358365688240825,proof-strength-all-261003,0.2,native_observed_state,True,True
VAR-legacy-0.2-0.8-I13,VAR-legacy-0.2-0.8,VAR,0.1088888888888889,0.2,13,261003113,evaluation,119,16,1000,1,0.2,0.14400527923063372,0.027220574950260652,0.09890024057802493,0.10194727116516414,0.10195744341767798,proof-strength-all-261003,0.2,native_observed_state,True,True
CML-1.85-I13,CML-1.85,CML,1.85,0.11406250000000001,13,261003113,evaluation,120,16,1000,10,0.1988752905113022,0.2939602483475687,0.984404050911425,0.47452109152719196,0.47466200922352586,0.4746620202336947,proof-strength-all-261003,0.2,native_observed_state,True,True
Kuramoto-fast-I13,Kuramoto-fast,Kuramoto,3.0,51.25,13,261003113,evaluation,121,16,1000,10,0.20155675736925835,,0.17416057133318086,0.6604752716857297,0.6944040987312176,0.6946143553120936,proof-strength-all-261003,0.2,latent_phase,True,True
Kuramoto-slow-I13,Kuramoto-slow,Kuramoto,0.025,52.5,13,261003113,evaluation,122,16,1000,9,0.19950570086920172,,0.9974017608395189,0.006373196945935261,0.04140513128241528,0.047144386946171284,proof-strength-all-261003,0.2,latent_phase,True,True
Gaussian-noise-I13,Gaussian-noise,noise,0.0,0.0,13,261003113,evaluation,123,16,1000,1,0.0,,0.026941348629703002,0.9443248952018232,0.9862209919352736,0.9865289569814857,proof-strength-all-261003,0.0,native_observed_state,True,False
Cauchy-noise-I13,Cauchy-noise,noise,1.0,0.0,13,261003113,evaluation,124,16,1000,1,0.0,,0.009168705320264599,10.30333363659458,62.90928611498957,100.85835917050419,proof-strength-all-261003,0.0,native_observed_state,True,False
Wave-I13,Wave,wave,10.0,15.811388300841898,13,261003113,evaluation,125,16,1000,1,0.2,,0.7679013375106294,0.23104721800901237,0.6613373098585082,0.7085492161978003,proof-strength-all-261003,0.2,native_observed_state,True,True
VAR-legacy-0.95-0.4-I14,VAR-legacy-0.95-0.4,VAR,0.5319999999999999,0.2,14,261003114,evaluation,126,16,1000,1,0.2,0.14501431368496243,0.05823799633999124,0.11770751075442012,0.12377271946921728,0.123814203226461,proof-strength-all-261003,0.2,native_observed_state,True,True
VAR-legacy-0.2-0.4-I14,VAR-legacy-0.2-0.4,VAR,0.196,0.2,14,261003114,evaluation,127,16,1000,1,0.2,0.14260792629331148,0.030669543383510852,0.09984416969868806,0.10384846151761568,0.10387706214949155,proof-strength-all-261003,0.2,native_observed_state,True,True
VAR-legacy-0.2-0.8-I14,VAR-legacy-0.2-0.8,VAR,0.1088888888888889,0.2,14,261003114,evaluation,128,16,1000,1,0.2,0.14241239654817595,0.0278395211706863,0.09811400229121017,0.10222414241652605,0.10225526442576294,proof-strength-all-261003,0.2,native_observed_state,True,True
CML-1.85-I14,CML-1.85,CML,1.85,0.115625,14,261003114,evaluation,129,16,1000,9,0.20159049413376062,0.299620449813914,0.9883914421758594,0.4728943847931656,0.473733379133784,0.4737334627583335,proof-strength-all-261003,0.2,native_observed_state,True,True
Kuramoto-fast-I14,Kuramoto-fast,Kuramoto,3.0,51.25,14,261003114,evaluation,130,16,1000,10,0.2016112885614158,,0.20210258247887783,0.09469194147708786,0.66316139638646,0.6793113449939563,proof-strength-all-261003,0.2,latent_phase,True,True
Kuramoto-slow-I14,Kuramoto-slow,Kuramoto,0.025,52.5,14,261003114,evaluation,131,16,1000,9,0.1988515539109342,,0.9887439435736297,0.0006441108080735179,0.031921311139086105,0.04095478443790882,proof-strength-all-261003,0.2,latent_phase,True,True
Gaussian-noise-I14,Gaussian-noise,noise,0.0,0.0,14,261003114,evaluation,132,16,1000,1,0.0,,0.025352674746721447,0.9676316905586247,0.9991764593897764,0.9993320593933779,proof-strength-all-261003,0.0,native_observed_state,True,False
Cauchy-noise-I14,Cauchy-noise,noise,1.0,0.0,14,261003114,evaluation,133,16,1000,1,0.0,,0.014736839370984882,11.336705223962197,44.25680845820153,61.04377322025993,proof-strength-all-261003,0.0,native_observed_state,True,False
Wave-I14,Wave,wave,10.0,15.811388300841898,14,261003114,evaluation,134,16,1000,1,0.2,,0.784666850142548,0.2543042199111349,0.6584514933883963,0.7087000607524959,proof-strength-all-261003,0.2,native_observed_state,True,True
VAR-legacy-0.95-0.4-I15,VAR-legacy-0.95-0.4,VAR,0.5319999999999999,0.2,15,261003115,evaluation,135,16,1000,1,0.2,0.14484732913551812,0.05256302569346295,0.11345106234256595,0.12231476691631053,0.1223994243833956,proof-strength-all-261003,0.2,native_observed_state,True,True
VAR-legacy-0.2-0.4-I15,VAR-legacy-0.2-0.4,VAR,0.196,0.2,15,261003115,evaluation,136,16,1000,1,0.2,0.1426855525039401,0.02937143705415215,0.09800885431372752,0.10377197601447372,0.10380774421369122,proof-strength-all-261003,0.2,native_observed_state,True,True
VAR-legacy-0.2-0.8-I15,VAR-legacy-0.2-0.8,VAR,0.1088888888888889,0.2,15,261003115,evaluation,137,16,1000,1,0.2,0.14258407807856086,0.026822205517175488,0.09703786580279393,0.10227451819736806,0.10230606441633266,proof-strength-all-261003,0.2,native_observed_state,True,True
CML-1.85-I15,CML-1.85,CML,1.85,0.115625,15,261003115,evaluation,138,16,1000,9,0.2016776769368028,0.2991564326802921,0.9851399430673372,0.4735064009075722,0.4738350493853093,0.4738352133621679,proof-strength-all-261003,0.2,native_observed_state,True,True
Kuramoto-fast-I15,Kuramoto-fast,Kuramoto,3.0,50.0,15,261003115,evaluation,139,16,1000,6,0.20117519924135274,,0.20246065429664642,0.22431432823936193,0.6695939601075258,0.6795028135991853,proof-strength-all-261003,0.2,latent_phase,True,True
Kuramoto-slow-I15,Kuramoto-slow,Kuramoto,0.025,53.125,15,261003115,evaluation,140,16,1000,11,0.1998352763544422,,0.9969521292404354,0.0014263363124260207,0.030216679963989142,0.03920540501166112,proof-strength-all-261003,0.2,latent_phase,True,True
Gaussian-noise-I15,Gaussian-noise,noise,0.0,0.0,15,261003115,evaluation,141,16,1000,1,0.0,,0.026825393907292137,0.9419680313396874,1.002083981392921,1.0023750832405598,proof-strength-all-261003,0.0,native_observed_state,True,False
Cauchy-noise-I15,Cauchy-noise,noise,1.0,0.0,15,261003115,evaluation,142,16,1000,1,0.0,,0.011870125891589919,9.493046273542342,75.1600199416909,121.90428260779939,proof-strength-all-261003,0.0,native_observed_state,True,False
Wave-I15,Wave,wave,10.0,15.811388300841898,15,261003115,evaluation,143,16,1000,1,0.2,,0.7602604081132253,0.21193669431276446,0.6556415343108076,0.7086724805998591,proof-strength-all-261003,0.2,native_observed_state,True,True
VAR-legacy-0.95-0.4-I16,VAR-legacy-0.95-0.4,VAR,0.5319999999999999,0.2,16,261003116,evaluation,144,16,1000,1,0.2,0.14495206509926212,0.057040546811921645,0.12111236230679177,0.1259762467060019,0.12601571760343785,proof-strength-all-261003,0.2,native_observed_state,True,True
VAR-legacy-0.2-0.4-I16,VAR-legacy-0.2-0.4,VAR,0.196,0.2,16,261003116,evaluation,145,16,1000,1,0.2,0.14247307258396957,0.02944970683925804,0.10057344344320505,0.10503908569475635,0.10506976468865764,proof-strength-all-261003,0.2,native_observed_state,True,True
VAR-legacy-0.2-0.8-I16,VAR-legacy-0.2-0.8,VAR,0.1088888888888889,0.2,16,261003116,evaluation,146,16,1000,1,0.2,0.14230103529052776,0.02574638318387752,0.09904274742882745,0.10332578627369453,0.10335749002658333,proof-strength-all-261003,0.2,native_observed_state,True,True
CML-1.85-I16,CML-1.85,CML,1.85,0.115625,16,261003116,evaluation,147,16,1000,9,0.2017338746080748,0.29970660992980114,0.9890929244933132,0.4733557957932637,0.47388734561541057,0.47388740429777054,proof-strength-all-261003,0.2,native_observed_state,True,True
Kuramoto-fast-I16,Kuramoto-fast,Kuramoto,3.0,50.0,16,261003116,evaluation,148,16,1000,6,0.20173551984983287,,0.2237147562812347,0.6643641562887912,0.7015230532367946,0.7017204123401245,proof-strength-all-261003,0.2,latent_phase,True,True
Kuramoto-slow-I16,Kuramoto-slow,Kuramoto,0.025,51.875,16,261003116,evaluation,149,16,1000,11,0.19996025728174113,,0.9768889731470278,0.001145973367815988,0.02781234791668106,0.03454340783686306,proof-strength-all-261003,0.2,latent_phase,True,True
Gaussian-noise-I16,Gaussian-noise,noise,0.0,0.0,16,261003116,evaluation,150,16,1000,1,0.0,,0.02474315410399341,0.9577266478304587,0.992889263033522,0.9930604825322829,proof-strength-all-261003,0.0,native_observed_state,True,False
Cauchy-noise-I16,Cauchy-noise,noise,1.0,0.0,16,261003116,evaluation,151,16,1000,1,0.0,,0.010692662661915353,13.65317143032494,87.70624074630543,136.94333452083416,proof-strength-all-261003,0.0,native_observed_state,True,False
Wave-I16,Wave,wave,10.0,15.811388300841898,16,261003116,evaluation,152,16,1000,1,0.2,,0.673590962528292,0.3187303567428376,0.6710924705168562,0.7086120355330152,proof-strength-all-261003,0.2,native_observed_state,True,True
VAR-legacy-0.95-0.4-I17,VAR-legacy-0.95-0.4,VAR,0.5319999999999999,0.2,17,261003117,evaluation,153,16,1000,1,0.2,0.14532472038001074,0.05637218398924188,0.11482614020354054,0.12224924506295207,0.1223295073283659,proof-strength-all-261003,0.2,native_observed_state,True,True
VAR-legacy-0.2-0.4-I17,VAR-legacy-0.2-0.4,VAR,0.196,0.2,17,261003117,evaluation,154,16,1000,1,0.2,0.14272086824791377,0.0290659895821156,0.09821239972806349,0.10250357073178461,0.1025331442003927,proof-strength-all-261003,0.2,native_observed_state,True,True
VAR-legacy-0.2-0.8-I17,VAR-legacy-0.2-0.8,VAR,0.1088888888888889,0.2,17,261003117,evaluation,155,16,1000,1,0.2,0.142522041778296,0.02685048952397547,0.0974138968742835,0.1009831116880217,0.1010065352069247,proof-strength-all-261003,0.2,native_observed_state,True,True
CML-1.85-I17,CML-1.85,CML,1.85,0.11406250000000001,17,261003117,evaluation,156,16,1000,10,0.19907098573188844,0.2939639308063552,0.98430783338209,0.4741319293355217,0.47463057912996454,0.47463062184418797,proof-strength-all-261003,0.2,native_observed_state,True,True
Kuramoto-fast-I17,Kuramoto-fast,Kuramoto,3.0,50.0,17,261003117,evaluation,157,16,1000,7,0.1999747618468516,,0.1764251053682814,0.22074101438082863,0.6881611552875875,0.6995331514556142,proof-strength-all-261003,0.2,latent_phase,True,True
Kuramoto-slow-I17,Kuramoto-slow,Kuramoto,0.025,52.5,17,261003117,evaluation,158,16,1000,9,0.20055194140105656,,0.9840460291877894,0.0003452188082768656,0.029179431393729305,0.04060860555324337,proof-strength-all-261003,0.2,latent_phase,True,True
Gaussian-noise-I17,Gaussian-noise,noise,0.0,0.0,17,261003117,evaluation,159,16,1000,1,0.0,,0.02576089671088,0.9583465323310589,0.9964982338662407,0.9966708759997264,proof-strength-all-261003,0.0,native_observed_state,True,False
Cauchy-noise-I17,Cauchy-noise,noise,1.0,0.0,17,261003117,evaluation,160,16,1000,1,0.0,,0.01665712249599697,12.053473811741988,116.96476838982292,235.4670911067095,proof-strength-all-261003,0.0,native_observed_state,True,False
Wave-I17,Wave,wave,10.0,15.811388300841898,17,261003117,evaluation,161,16,1000,1,0.2,,0.5429714754053151,0.14513019119476106,0.6694970915002717,0.7082746589290806,proof-strength-all-261003,0.2,native_observed_state,True,True
VAR-legacy-0.95-0.4-I18,VAR-legacy-0.95-0.4,VAR,0.5319999999999999,0.2,18,261003118,evaluation,162,16,1000,1,0.2,0.14506576228697562,0.05895880058942366,0.11731333997761337,0.12390307523631186,0.12396365142763122,proof-strength-all-261003,0.2,native_observed_state,True,True
VAR-legacy-0.2-0.4-I18,VAR-legacy-0.2-0.4,VAR,0.196,0.2,18,261003118,evaluation,163,16,1000,1,0.2,0.1428252994764446,0.030578323494379313,0.09953384204364697,0.10358714943040105,0.10361412222108686,proof-strength-all-261003,0.2,native_observed_state,True,True
VAR-legacy-0.2-0.8-I18,VAR-legacy-0.2-0.8,VAR,0.1088888888888889,0.2,18,261003118,evaluation,164,16,1000,1,0.2,0.142704865724853,0.02691069386865815,0.09834459505547215,0.1020375179831129,0.10206468193877513,proof-strength-all-261003,0.2,native_observed_state,True,True
CML-1.85-I18,CML-1.85,CML,1.85,0.115625,18,261003118,evaluation,165,16,1000,9,0.2014950608323815,0.2995836760227582,0.9880654355014583,0.4735234594525383,0.47367251176747427,0.47367251514119485,proof-strength-all-261003,0.2,native_observed_state,True,True
Kuramoto-fast-I18,Kuramoto-fast,Kuramoto,3.0,48.75,18,261003118,evaluation,166,16,1000,9,0.2006504504509802,,0.20844093570894393,0.6740284122946776,0.7062215525184038,0.706380210410468,proof-strength-all-261003,0.2,latent_phase,True,True
Kuramoto-slow-I18,Kuramoto-slow,Kuramoto,0.025,51.875,18,261003118,evaluation,167,16,1000,11,0.20004282826316003,,0.9930589329645119,0.004730221178268933,0.033665324504124905,0.042907674412270946,proof-strength-all-261003,0.2,latent_phase,True,True
Gaussian-noise-I18,Gaussian-noise,noise,0.0,0.0,18,261003118,evaluation,168,16,1000,1,0.0,,0.02575468732277943,0.9507350702942748,0.9983264851810183,0.9986601391187468,proof-strength-all-261003,0.0,native_observed_state,True,False
Cauchy-noise-I18,Cauchy-noise,noise,1.0,0.0,18,261003118,evaluation,169,16,1000,1,0.0,,0.007720179369143604,12.590952523230852,130.95304516250542,369.4912151504291,proof-strength-all-261003,0.0,native_observed_state,True,False
Wave-I18,Wave,wave,10.0,15.811388300841898,18,261003118,evaluation,170,16,1000,1,0.2,,0.7329090619636318,0.2862101579741709,0.6648616866969755,0.7086833223970764,proof-strength-all-261003,0.2,native_observed_state,True,True
VAR-legacy-0.95-0.4-I19,VAR-legacy-0.95-0.4,VAR,0.5319999999999999,0.2,19,261003119,evaluation,171,16,1000,1,0.2,0.1456687021454142,0.05461021328922871,0.11540866816811739,0.12384136494991152,0.12392613514537522,proof-strength-all-261003,0.2,native_observed_state,True,True
VAR-legacy-0.2-0.4-I19,VAR-legacy-0.2-0.4,VAR,0.196,0.2,19,261003119,evaluation,172,16,1000,1,0.2,0.1430177616382041,0.02893957686303236,0.09915812461020085,0.10406786381790192,0.10410020869015636,proof-strength-all-261003,0.2,native_observed_state,True,True
VAR-legacy-0.2-0.8-I19,VAR-legacy-0.2-0.8,VAR,0.1088888888888889,0.2,19,261003119,evaluation,173,16,1000,1,0.2,0.1427972279652381,0.02709048516851833,0.09802501681612853,0.10246549883728347,0.10249392895137234,proof-strength-all-261003,0.2,native_observed_state,True,True
CML-1.85-I19,CML-1.85,CML,1.85,0.11246185302734377,19,261003119,evaluation,174,16,1000,20,0.19896221275999898,0.2751168736208746,0.7932339329750832,0.4745034495236019,0.4771629120217803,0.4771711092069959,proof-strength-all-261003,0.2,native_observed_state,True,True
Kuramoto-fast-I19,Kuramoto-fast,Kuramoto,3.0,51.25,19,261003119,evaluation,175,16,1000,10,0.20149577400295524,,0.22418071971069586,0.6571748334538634,0.7010558226505245,0.7013633290224078,proof-strength-all-261003,0.2,latent_phase,True,True
Kuramoto-slow-I19,Kuramoto-slow,Kuramoto,0.025,51.25,19,261003119,evaluation,176,16,1000,10,0.19933055820164194,,0.9964137847036646,0.0012761144577835887,0.03399766991317006,0.03809907833393912,proof-strength-all-261003,0.2,latent_phase,True,True
Gaussian-noise-I19,Gaussian-noise,noise,0.0,0.0,19,261003119,evaluation,177,16,1000,1,0.0,,0.024882008028578265,0.9648078915628758,0.9953205638629009,0.9955171275259839,proof-strength-all-261003,0.0,native_observed_state,True,False
Cauchy-noise-I19,Cauchy-noise,noise,1.0,0.0,19,261003119,evaluation,178,16,1000,1,0.0,,0.013990624174118026,12.083275708678054,92.86094211586598,145.67894916471684,proof-strength-all-261003,0.0,native_observed_state,True,False
Wave-I19,Wave,wave,10.0,15.811388300841898,19,261003119,evaluation,179,16,1000,1,0.2,,0.7987950502272736,0.16147679719677233,0.6515623606133765,0.7087584002802451,proof-strength-all-261003,0.2,native_observed_state,True,True
VAR-legacy-0.95-0.4-I20,VAR-legacy-0.95-0.4,VAR,0.5319999999999999,0.2,20,261003120,evaluation,180,16,1000,1,0.2,0.14435635319252968,0.05515758167479378,0.1175099692711325,0.12300257876417812,0.12304785391465474,proof-strength-all-261003,0.2,native_observed_state,True,True
VAR-legacy-0.2-0.4-I20,VAR-legacy-0.2-0.4,VAR,0.196,0.2,20,261003120,evaluation,181,16,1000,1,0.2,0.14206217378769206,0.02638139679172365,0.09934678464496942,0.10342877516899487,0.10345450687302096,proof-strength-all-261003,0.2,native_observed_state,True,True
VAR-legacy-0.2-0.8-I20,VAR-legacy-0.2-0.8,VAR,0.1088888888888889,0.2,20,261003120,evaluation,182,16,1000,1,0.2,0.14192517041875263,0.023535703869190835,0.09802826877737818,0.10190897379719346,0.10193251865139813,proof-strength-all-261003,0.2,native_observed_state,True,True
CML-1.85-I20,CML-1.85,CML,1.85,0.1125,20,261003120,evaluation,183,16,1000,7,0.2001761916085882,0.269525382594884,0.7173048710031037,0.47045311828741143,0.4767952891458221,0.4768030907753846,proof-strength-all-261003,0.2,native_observed_state,True,True
Kuramoto-fast-I20,Kuramoto-fast,Kuramoto,3.0,50.0,20,261003120,evaluation,184,16,1000,7,0.19837488162932976,,0.18844530068977156,0.20461214213846574,0.658308979772621,0.6696728679492135,proof-strength-all-261003,0.2,latent_phase,True,True
Kuramoto-slow-I20,Kuramoto-slow,Kuramoto,0.025,51.25,20,261003120,evaluation,185,16,1000,10,0.20175830601226738,,0.9791087799220897,0.002335632507100359,0.030381408085288393,0.04173544524313938,proof-strength-all-261003,0.2,latent_phase,True,True
Gaussian-noise-I20,Gaussian-noise,noise,0.0,0.0,20,261003120,evaluation,186,16,1000,1,0.0,,0.028514294822915676,0.97159816261731,1.0056666012955184,1.005899926739158,proof-strength-all-261003,0.0,native_observed_state,True,False
Cauchy-noise-I20,Cauchy-noise,noise,1.0,0.0,20,261003120,evaluation,187,16,1000,1,0.0,,0.006611666584428816,15.156751225315181,58.2693397887643,90.79297438706566,proof-strength-all-261003,0.0,native_observed_state,True,False
Wave-I20,Wave,wave,10.0,15.811388300841898,20,261003120,evaluation,188,16,1000,1,0.2,,0.5190118234840564,0.39243323632786714,0.6868781759006914,0.7085288211952032,proof-strength-all-261003,0.2,native_observed_state,True,True
VAR-legacy-0.95-0.4-I21,VAR-legacy-0.95-0.4,VAR,0.5319999999999999,0.2,21,261003121,evaluation,189,16,1000,1,0.2,0.1450397193147289,0.05643558925495135,0.1170999979503244,0.1234023066211832,0.12343378797753568,proof-strength-all-261003,0.2,native_observed_state,True,True
VAR-legacy-0.2-0.4-I21,VAR-legacy-0.2-0.4,VAR,0.196,0.2,21,261003121,evaluation,190,16,1000,1,0.2,0.14236171215759474,0.028968331652554757,0.09870663993865397,0.10337313789644267,0.1033914052978073,proof-strength-all-261003,0.2,native_observed_state,True,True
VAR-legacy-0.2-0.8-I21,VAR-legacy-0.2-0.8,VAR,0.1088888888888889,0.2,21,261003121,evaluation,191,16,1000,1,0.2,0.1421986556201424,0.02636202664936799,0.0972573904001364,0.10170776460986508,0.10172542296353163,proof-strength-all-261003,0.2,native_observed_state,True,True
CML-1.85-I21,CML-1.85,CML,1.85,0.1125,21,261003121,evaluation,192,16,1000,7,0.20147737226752205,0.2643644527025054,0.47542735698907185,0.47476815946934564,0.4779471008486489,0.4779516052458012,proof-strength-all-261003,0.2,native_observed_state,True,True
Kuramoto-fast-I21,Kuramoto-fast,Kuramoto,3.0,50.0,21,261003121,evaluation,193,16,1000,7,0.19995881337231544,,0.22361574192863615,0.1151803772983061,0.6365308239457961,0.6658800862345978,proof-strength-all-261003,0.2,latent_phase,True,True
Kuramoto-slow-I21,Kuramoto-slow,Kuramoto,0.025,49.375,21,261003121,evaluation,194,16,1000,10,0.2001608918955574,,0.9975358768756405,0.004115338501615214,0.03612588136643102,0.04764315772272317,proof-strength-all-261003,0.2,latent_phase,True,True
Gaussian-noise-I21,Gaussian-noise,noise,0.0,0.0,21,261003121,evaluation,195,16,1000,1,0.0,,0.025079162187451556,0.9366845060381643,0.9964216773403716,0.9966344124877331,proof-strength-all-261003,0.0,native_observed_state,True,False
Cauchy-noise-I21,Cauchy-noise,noise,1.0,0.0,21,261003121,evaluation,196,16,1000,1,0.0,,0.008296043728425222,13.505147963753446,68.78622304875364,127.75996467620645,proof-strength-all-261003,0.0,native_observed_state,True,False
Wave-I21,Wave,wave,10.0,15.811388300841898,21,261003121,evaluation,197,16,1000,1,0.2,,0.3842522645544759,0.297680132075259,0.6880806414540581,0.7079014168697824,proof-strength-all-261003,0.2,native_observed_state,True,True
VAR-legacy-0.95-0.4-I22,VAR-legacy-0.95-0.4,VAR,0.5319999999999999,0.2,22,261003122,evaluation,198,16,1000,1,0.2,0.14467292044708308,0.052705506082734464,0.11775042791467298,0.12361837314767195,0.12366287245854526,proof-strength-all-261003,0.2,native_observed_state,True,True
VAR-legacy-0.2-0.4-I22,VAR-legacy-0.2-0.4,VAR,0.196,0.2,22,261003122,evaluation,199,16,1000,1,0.2,0.14266403522758417,0.02868841917343116,0.09967179754456389,0.10324262749804655,0.10325570769227595,proof-strength-all-261003,0.2,native_observed_state,True,True
VAR-legacy-0.2-0.8-I22,VAR-legacy-0.2-0.8,VAR,0.1088888888888889,0.2,22,261003122,evaluation,200,16,1000,1,0.2,0.14253854995401202,0.02621771951868028,0.09777178351227492,0.10155583607502815,0.10156741446020714,proof-strength-all-261003,0.2,native_observed_state,True,True
CML-1.85-I22,CML-1.85,CML,1.85,0.115625,22,261003122,evaluation,201,16,1000,9,0.20160757624193795,0.2996516643692088,0.9886782916679892,0.4737151869688382,0.47379928728745857,0.47379929145209115,proof-strength-all-261003,0.2,native_observed_state,True,True
Kuramoto-fast-I22,Kuramoto-fast,Kuramoto,3.0,48.75,22,261003122,evaluation,202,16,1000,9,0.19827306151794163,,0.19554219068483308,0.6708781821445438,0.7031667171168852,0.7032672803471769,proof-strength-all-261003,0.2,latent_phase,True,True
Kuramoto-slow-I22,Kuramoto-slow,Kuramoto,0.025,47.5,22,261003122,evaluation,203,16,1000,8,0.20175522607093035,,0.9792777004927162,0.0010332066120180105,0.039825362558902094,0.046137376041030596,proof-strength-all-261003,0.2,latent_phase,True,True
Gaussian-noise-I22,Gaussian-noise,noise,0.0,0.0,22,261003122,evaluation,204,16,1000,1,0.0,,0.025668194272024086,0.9676412823866795,1.0050331313732244,1.0052727801541779,proof-strength-all-261003,0.0,native_observed_state,True,False
Cauchy-noise-I22,Cauchy-noise,noise,1.0,0.0,22,261003122,evaluation,205,16,1000,1,0.0,,0.0093070263300293,12.87250174498773,87.10204101974585,138.80702427398865,proof-strength-all-261003,0.0,native_observed_state,True,False
Wave-I22,Wave,wave,10.0,15.811388300841898,22,261003122,evaluation,206,16,1000,1,0.2,,0.7543641928953747,0.27896650253843985,0.6610179801542423,0.7087405644288668,proof-strength-all-261003,0.2,native_observed_state,True,True
VAR-legacy-0.95-0.4-I23,VAR-legacy-0.95-0.4,VAR,0.5319999999999999,0.2,23,261003123,evaluation,207,16,1000,1,0.2,0.1445158559262362,0.05162470562901245,0.11427134078092832,0.12365149626934388,0.12371758318894994,proof-strength-all-261003,0.2,native_observed_state,True,True
VAR-legacy-0.2-0.4-I23,VAR-legacy-0.2-0.4,VAR,0.196,0.2,23,261003123,evaluation,208,16,1000,1,0.2,0.14276433984712486,0.02765333866443258,0.09955530194917582,0.1036394730766888,0.10366247541715916,proof-strength-all-261003,0.2,native_observed_state,True,True
VAR-legacy-0.2-0.8-I23,VAR-legacy-0.2-0.8,VAR,0.1088888888888889,0.2,23,261003123,evaluation,209,16,1000,1,0.2,0.14267426005801434,0.026164448500247513,0.09865705307374426,0.1020683532601308,0.10208799507636451,proof-strength-all-261003,0.2,native_observed_state,True,True
CML-1.85-I23,CML-1.85,CML,1.85,0.11328125,23,261003123,evaluation,210,16,1000,11,0.20128376144287102,0.27270732645920287,0.5216063909800678,0.4713302777104786,0.4765570704090245,0.4765631399086737,proof-strength-all-261003,0.2,native_observed_state,True,True
Kuramoto-fast-I23,Kuramoto-fast,Kuramoto,3.0,49.375,23,261003123,evaluation,211,16,1000,10,0.2004812522370939,,0.17277370062646105,0.34321216695913964,0.6750705600458166,0.6808209160070553,proof-strength-all-261003,0.2,latent_phase,True,True
Kuramoto-slow-I23,Kuramoto-slow,Kuramoto,0.025,51.25,23,261003123,evaluation,212,16,1000,10,0.19939846762621397,,0.9966508951874248,0.00011977533736687243,0.040222434113470915,0.0496693045409766,proof-strength-all-261003,0.2,latent_phase,True,True
Gaussian-noise-I23,Gaussian-noise,noise,0.0,0.0,23,261003123,evaluation,213,16,1000,1,0.0,,0.026724938019595378,0.9652749209777455,0.9966262640533298,0.9967596694102537,proof-strength-all-261003,0.0,native_observed_state,True,False
Cauchy-noise-I23,Cauchy-noise,noise,1.0,0.0,23,261003123,evaluation,214,16,1000,1,0.0,,0.00577186853691708,13.745430311072141,210.5648878272172,602.8472276252344,proof-strength-all-261003,0.0,native_observed_state,True,False
Wave-I23,Wave,wave,10.0,15.811388300841898,23,261003123,evaluation,215,16,1000,1,0.2,,0.45042933700925647,0.4390091198007147,0.6911627349351382,0.7078533006348757,proof-strength-all-261003,0.2,native_observed_state,True,True
