source,original,normalized
historical14,var-phi-0.95_cpl-0.4,VAR-legacy-0.95-0.4
historical14,var-phi-0.2_cpl-0.4,VAR-legacy-0.2-0.4
historical14,var-phi-0.2_cpl-0.8,VAR-legacy-0.2-0.8
historical14,kuramoto_omega-fast,Kuramoto-fast
historical14,kuramoto_omega-slow,Kuramoto-slow
historical14,cauchy-noise,Cauchy-noise
historical14,gaussian-noise,Gaussian-noise
historical14,wave-1d,Wave
historical14,defect-turbulence,CML-1.895
historical14,sti-i,CML-1.7522
historical14,frozen-chaos,CML-1.45
historical14,brownian-defect,CML-1.85
historical14,fdstc,CML-2
historical14,chaotic-traveling-wave,CML-1.69
fresh_VAR,var-self-0.7_total-0.2,VAR-0.7
fresh_VAR,var-self-0.2_total-0.2,VAR-0.2
fresh_VAR,var-self-0.2_total-0.7,VAR-0.2
