scope,comparison,difference,low,high
all16,z - mean,0.0,-0.036458333333333336,0.036458333333333336
all16,z - mean_without_PCA,-0.010416666666666666,-0.036458333333333336,0.015625
all16,z - distribution,0.005208333333333333,-0.03125,0.036458333333333336
CML6,z - mean,0.013888888888888888,-0.027777777777777776,0.05555555555555555
CML6,z - mean_without_PCA,0.0,-0.041666666666666664,0.041666666666666664
CML6,z - distribution,0.0,-0.041666666666666664,0.041666666666666664
historical14,z - mean,0.017857142857142853,-0.023809523809523808,0.059523809523809514
historical14,z - mean_without_PCA,0.0,-0.029761904761904757,0.029761904761904757
historical14,z - distribution,0.011904761904761902,-0.023809523809523808,0.04761904761904761
coupled14,z - mean,-0.005952380952380952,-0.04166666666666666,0.023809523809523808
coupled14,z - mean_without_PCA,0.0,-0.023809523809523808,0.023809523809523808
coupled14,z - distribution,0.0,-0.035714285714285705,0.029761904761904757
