scope,label,distribution,mean,mean_without_PCA,profile_validity,strength_only,validity,z,z_validity
CML6,CML-1.45,1.0,0.9166666666666666,1.0,0.6666666666666666,0.0,0.5833333333333334,1.0,0.5833333333333334
CML6,CML-1.69,0.9166666666666666,0.9166666666666666,0.9166666666666666,0.3333333333333333,0.75,0.16666666666666666,1.0,0.3333333333333333
CML6,CML-1.7522,0.8333333333333334,0.8333333333333334,0.8333333333333334,0.75,0.0,0.5833333333333334,0.9166666666666666,0.8333333333333334
CML6,CML-1.85,1.0,1.0,1.0,0.5833333333333334,0.0,0.5,0.9166666666666666,0.5833333333333334
CML6,CML-1.895,1.0,1.0,1.0,0.9166666666666666,0.75,0.9166666666666666,0.9166666666666666,0.8333333333333334
CML6,CML-2,1.0,1.0,1.0,1.0,0.0,1.0,1.0,1.0
all16,CML-1.45,1.0,0.9166666666666666,1.0,0.75,0.0,0.5833333333333334,1.0,0.5833333333333334
all16,CML-1.69,0.9166666666666666,0.9166666666666666,0.9166666666666666,0.3333333333333333,0.8333333333333334,0.25,1.0,0.3333333333333333
all16,CML-1.7522,0.8333333333333334,0.8333333333333334,0.8333333333333334,0.6666666666666666,0.0,0.5833333333333334,0.9166666666666666,0.75
all16,CML-1.85,1.0,1.0,0.9166666666666666,0.5,0.0,0.6666666666666666,0.9166666666666666,0.5
all16,CML-1.895,1.0,1.0,1.0,0.9166666666666666,0.6666666666666666,0.5,0.9166666666666666,0.8333333333333334
all16,CML-2,1.0,1.0,1.0,0.5,0.0,1.0,1.0,0.5
all16,Cauchy-noise,1.0,1.0,1.0,0.8333333333333334,1.0,0.0,1.0,0.9166666666666666
all16,Gaussian-noise,1.0,1.0,1.0,1.0,0.0,0.0,1.0,1.0
all16,Kuramoto-fast,1.0,1.0,1.0,1.0,0.0,0.9166666666666666,1.0,1.0
all16,Kuramoto-slow,1.0,1.0,1.0,1.0,0.0,1.0,1.0,1.0
all16,VAR-0.2,0.75,1.0,0.75,0.16666666666666666,0.0,0.0,0.5833333333333334,0.0
all16,VAR-0.7,1.0,1.0,1.0,0.3333333333333333,0.0,0.0,1.0,0.3333333333333333
all16,VAR-legacy-0.2-0.4,0.25,0.08333333333333333,0.25,0.0,0.0,0.0,0.5,0.0
all16,VAR-legacy-0.2-0.8,0.5,0.5833333333333334,0.8333333333333334,0.16666666666666666,0.0,0.0,0.5,0.25
all16,VAR-legacy-0.95-0.4,1.0,1.0,1.0,0.25,0.0,0.0,1.0,0.25
all16,Wave,1.0,1.0,1.0,1.0,0.0,1.0,1.0,0.75
coupled14,CML-1.45,1.0,0.9166666666666666,1.0,0.75,0.0,0.5833333333333334,1.0,0.5833333333333334
coupled14,CML-1.69,0.9166666666666666,0.9166666666666666,0.9166666666666666,0.3333333333333333,0.75,0.25,1.0,0.3333333333333333
coupled14,CML-1.7522,0.8333333333333334,0.8333333333333334,0.8333333333333334,0.6666666666666666,0.0,0.5833333333333334,0.9166666666666666,0.75
coupled14,CML-1.85,1.0,1.0,0.9166666666666666,0.5,0.0,0.6666666666666666,0.9166666666666666,0.5
coupled14,CML-1.895,1.0,1.0,1.0,0.9166666666666666,0.8333333333333334,0.5,0.9166666666666666,0.8333333333333334
coupled14,CML-2,1.0,1.0,1.0,0.5,0.0,0.0,1.0,0.5
coupled14,Kuramoto-fast,1.0,1.0,1.0,1.0,0.0,0.9166666666666666,1.0,1.0
coupled14,Kuramoto-slow,1.0,1.0,1.0,1.0,0.0,1.0,1.0,1.0
coupled14,VAR-0.2,0.6666666666666666,0.8333333333333334,0.75,0.16666666666666666,0.0,0.0,0.5833333333333334,0.16666666666666666
coupled14,VAR-0.7,1.0,1.0,1.0,0.3333333333333333,0.0,0.0,1.0,0.3333333333333333
coupled14,VAR-legacy-0.2-0.4,0.3333333333333333,0.25,0.25,0.0,0.0,0.0,0.4166666666666667,0.0
coupled14,VAR-legacy-0.2-0.8,0.75,0.8333333333333334,0.8333333333333334,0.16666666666666666,0.0,1.0,0.75,0.16666666666666666
coupled14,VAR-legacy-0.95-0.4,1.0,1.0,1.0,0.25,0.0,0.0,1.0,0.25
coupled14,Wave,1.0,1.0,1.0,1.0,0.0,1.0,1.0,0.75
historical14,CML-1.45,1.0,0.9166666666666666,1.0,0.75,0.0,0.5833333333333334,1.0,0.5833333333333334
historical14,CML-1.69,0.9166666666666666,0.9166666666666666,0.9166666666666666,0.3333333333333333,0.9166666666666666,0.25,1.0,0.3333333333333333
historical14,CML-1.7522,0.8333333333333334,0.8333333333333334,0.8333333333333334,0.6666666666666666,0.0,0.5833333333333334,0.9166666666666666,0.75
historical14,CML-1.85,1.0,1.0,0.9166666666666666,0.5,0.0,0.6666666666666666,0.9166666666666666,0.5
historical14,CML-1.895,1.0,1.0,1.0,0.9166666666666666,0.0,0.5,0.9166666666666666,0.8333333333333334
historical14,CML-2,1.0,1.0,1.0,0.5,0.0,1.0,1.0,0.5
historical14,Cauchy-noise,1.0,1.0,1.0,1.0,1.0,0.0,1.0,1.0
historical14,Gaussian-noise,1.0,1.0,1.0,1.0,0.0,0.0,1.0,1.0
historical14,Kuramoto-fast,1.0,1.0,1.0,1.0,0.0,0.9166666666666666,1.0,1.0
historical14,Kuramoto-slow,1.0,1.0,1.0,1.0,0.0,1.0,1.0,1.0
historical14,VAR-legacy-0.2-0.4,1.0,1.0,1.0,0.08333333333333333,0.0,0.0,1.0,0.16666666666666666
historical14,VAR-legacy-0.2-0.8,0.3333333333333333,0.3333333333333333,0.5833333333333334,0.16666666666666666,0.0,0.0,0.5,0.25
historical14,VAR-legacy-0.95-0.4,1.0,1.0,1.0,0.4166666666666667,0.0,0.0,1.0,0.16666666666666666
historical14,Wave,1.0,1.0,1.0,1.0,0.0,1.0,1.0,0.75
