row_id,label,block,mean_abs_Pearson,min_scaled_channel_sd,effective_rank,median_lag1,median_lag2
VAR-0.2-I00,VAR-0.2,0,0.029230520626370847,0.9529814163630626,15.819648201476404,0.20046661739165977,0.057855252254094866
VAR-0.7-I00,VAR-0.7,0,0.10135637531918201,0.9000594236408669,13.709001346180873,0.762571671991628,0.6031897547469238
CML-1.45-I00,CML-1.45,0,0.9586828176804121,0.9434521037896084,1.2030908135628073,-0.9926252690415137,0.9853212817744073
CML-1.69-I00,CML-1.69,0,0.9607953376189415,0.9388216802936779,1.2184079407974566,-0.9658829020429427,0.9324577280572832
CML-1.7522-I00,CML-1.7522,0,0.9783432948701919,0.9679036310458553,1.1331103634024298,-0.9969951087727407,0.9939861900687152
CML-1.895-I00,CML-1.895,0,0.7159581308203554,0.9913631043955006,2.2388410202512103,-0.9665029937123469,0.9353678608548448
CML-2-I00,CML-2,0,0.04469727245953147,0.9777244403830117,15.573133759726671,-0.5645203546010534,0.21689844123059385
VAR-0.2-I01,VAR-0.2,1,0.02838145864685315,0.9630461847633784,15.839879750732157,0.19170011539146925,0.04963352264899651
VAR-0.7-I01,VAR-0.7,1,0.09574214432012836,0.8659397641127349,13.97435039243818,0.7519506293856589,0.5844066636676923
CML-1.45-I01,CML-1.45,1,0.9553404379065349,0.6837894101971764,1.2461014878304946,-0.9846442859480032,0.9692937991661775
CML-1.69-I01,CML-1.69,1,0.9902827250511432,0.978707243504324,1.0643307127693125,-0.9998644624678505,0.9997297524762194
CML-1.7522-I01,CML-1.7522,1,0.9877553545911654,0.9817061521405509,1.07809215014086,-0.998790684790684,0.9975827023167354
CML-1.895-I01,CML-1.895,1,0.9751455534232616,0.99933550322149,1.175684338471871,-0.9709138306518176,0.9430867113937585
CML-2-I01,CML-2,1,0.046947130961783476,0.9660055743481707,15.512548278015423,-0.5461118338511248,0.19247643137655512
VAR-0.2-I02,VAR-0.2,2,0.026537262164346296,0.9472906678725601,15.837931956817426,0.20018865276297604,0.07208788088556743
VAR-0.7-I02,VAR-0.7,2,0.09716814782163403,0.8993474796797271,13.927409851184018,0.7617760718224347,0.6072769640760096
CML-1.45-I02,CML-1.45,2,0.9421801849231355,0.6403776134233232,1.2877696571781998,-0.9377909980840349,0.8760598350174977
CML-1.69-I02,CML-1.69,2,0.9587716504098315,0.9415047427688311,1.2355310217460278,-0.9645265518890778,0.9298320262546715
CML-1.7522-I02,CML-1.7522,2,0.9780035792852506,0.966913857423558,1.1248827845972766,-0.9969752274632275,0.9939491855718436
CML-1.895-I02,CML-1.895,2,0.9657692041616559,0.9992654433615437,1.253922468930696,-0.9668823791259775,0.9352854745006857
CML-2-I02,CML-2,2,0.04544385703610599,0.9630239056651512,15.565505357558175,-0.5466303995550261,0.2248134182034532
VAR-0.2-I03,VAR-0.2,3,0.027905339323431744,0.9608097522909209,15.822576785237361,0.19761276537369904,0.05212440494271532
VAR-0.7-I03,VAR-0.7,3,0.1097925379657843,0.9338114110068915,13.590793222616087,0.7641470580485277,0.6035004870402052
CML-1.45-I03,CML-1.45,3,0.9714180749833742,0.6794594747732496,1.1702945100121012,-0.989659189307237,0.9794217178996432
CML-1.69-I03,CML-1.69,3,0.9785575738672964,0.9678076051697033,1.1330005702180574,-0.9954099752815047,0.9908962793869971
CML-1.7522-I03,CML-1.7522,3,0.9638895824323865,0.9553042029470168,1.1852249253269045,-0.9845227647703529,0.9690747679921092
CML-1.895-I03,CML-1.895,3,0.9761285263725942,0.9994496839165853,1.1663195905227062,-0.9720269970642414,0.9454906031272144
CML-2-I03,CML-2,3,0.04611852225703793,0.9664044569362162,15.571965290351976,-0.5689367708908785,0.2350332297390721
VAR-0.2-I04,VAR-0.2,4,0.02979039782744265,0.9492437510298912,15.820026405629335,0.21799918193904144,0.06877351447980323
VAR-0.7-I04,VAR-0.7,4,0.10632463165083199,0.9439599673063553,13.822148520204022,0.7728168439146648,0.6197223520010375
CML-1.45-I04,CML-1.45,4,0.9482138563056328,0.680197268498353,1.2942310131088495,-0.9599000719903206,0.9202773150208814
CML-1.69-I04,CML-1.69,4,0.9721581605487939,0.9506425861582507,1.185413788307271,-0.9956889244658504,0.9914575647391468
CML-1.7522-I04,CML-1.7522,4,0.9999999726264214,0.9999999345949419,1.0000004839805754,-0.9999999999997764,0.999999999999553
CML-1.895-I04,CML-1.895,4,0.4636176208180746,0.9861729179764607,5.913019071490672,-0.8756733508900342,0.765689738600581
CML-2-I04,CML-2,4,0.04013847789987672,0.9710651072891191,15.627296474189874,-0.5531587033127244,0.20808041555508283
VAR-0.2-I05,VAR-0.2,5,0.030699914050058348,0.9756990864242736,15.822481611390465,0.1932838996879186,0.07072226363616428
VAR-0.7-I05,VAR-0.7,5,0.09333421306884843,0.9448708034489229,14.170302543141327,0.7546055766840998,0.5958573865273202
CML-1.45-I05,CML-1.45,5,0.9413995231034906,0.6485787039798384,1.327462793460861,-0.9335386489537454,0.8678611250761648
CML-1.69-I05,CML-1.69,5,0.9627563800223002,0.9320726623309308,1.217860163940241,-0.9782060770686627,0.9564219260326898
CML-1.7522-I05,CML-1.7522,5,0.9999129614908936,0.9998857617643145,1.000890255780753,-0.9999997577818666,0.9999995155289539
CML-1.895-I05,CML-1.895,5,0.8135429367739041,0.9971578416727509,1.9662568678599754,-0.964493826305538,0.9305789249900538
CML-2-I05,CML-2,5,0.04040654566783768,0.9735931010050842,15.628852507383778,-0.5596451129070141,0.21169031742744596
VAR-0.2-I06,VAR-0.2,6,0.03157362178546394,0.9476053662641398,15.797907673369703,0.1905539570985474,0.04317346912946635
VAR-0.7-I06,VAR-0.7,6,0.11629585901711278,0.8908919436508761,13.710423490137156,0.7651202696553924,0.5984482422395905
CML-1.45-I06,CML-1.45,6,0.9558961981924209,0.9417600852784322,1.2433440176061608,-0.9652738535366856,0.9306876875890733
CML-1.69-I06,CML-1.69,6,0.9547216684432934,0.9288151035362372,1.2464127436138723,-0.9484397971868204,0.8987778990413007
CML-1.7522-I06,CML-1.7522,6,0.969877516934609,0.9495585297416944,1.1621925525168284,-0.9863535514447541,0.9726901502500078
CML-1.895-I06,CML-1.895,6,0.9717199980556377,0.9994167616666353,1.2060363156489824,-0.9698685858337623,0.9411503166225511
CML-2-I06,CML-2,6,0.04115247106164561,0.9597827442001207,15.633228854527957,-0.566085955214872,0.21924851114067478
VAR-0.2-I07,VAR-0.2,7,0.028996462042284357,0.9541332224794123,15.824954873214272,0.21835527044292993,0.06606513175797214
VAR-0.7-I07,VAR-0.7,7,0.10278403228119952,0.9173755603577081,13.833598069094391,0.7710737525107718,0.615516043685211
CML-1.45-I07,CML-1.45,7,0.950567247778947,0.934485830697151,1.262842290189108,-0.9722341220472469,0.9444474888142643
CML-1.69-I07,CML-1.69,7,0.971381861424881,0.9515621686330573,1.1882961843199933,-0.9953450571232159,0.9907494424623923
CML-1.7522-I07,CML-1.7522,7,0.9885706886080456,0.981004646580878,1.0733264902570636,-0.999791860750098,0.9995835153547408
CML-1.895-I07,CML-1.895,7,0.8703971431174442,0.993506354203132,1.7270235689973,-0.9667931160808951,0.9350511045925556
CML-2-I07,CML-2,7,0.043784924449740185,0.9660851471352483,15.566645808661857,-0.5611234249986572,0.20493818748974676
VAR-0.2-I08,VAR-0.2,8,0.026109708150389252,0.9507699800726082,15.841795433439387,0.20357982767563976,0.07031852773676114
VAR-0.7-I08,VAR-0.7,8,0.09028677933088079,0.9100692095300124,14.21307690507169,0.7557006755462623,0.5868391077465533
CML-1.45-I08,CML-1.45,8,0.952939294594443,0.6959430750090451,1.239660761548287,-0.9653668291152194,0.9309162243298925
CML-1.69-I08,CML-1.69,8,0.9697547541019791,0.9516805756680634,1.1812576454687214,-0.9943913046331005,0.988860493181142
CML-1.7522-I08,CML-1.7522,8,0.9754674609611717,0.9696499444241828,1.1351323431832219,-0.9969473852231323,0.9938983608379959
CML-1.895-I08,CML-1.895,8,0.5247194468210573,0.9894339032830978,4.028538014416137,-0.9383323737627928,0.8849233698894773
CML-2-I08,CML-2,8,0.04824710877395717,0.9761152325667407,15.508636564740277,-0.54662141278771,0.1879333549402014
VAR-0.2-I09,VAR-0.2,9,0.02967466931474044,0.967671911158147,15.816219560368422,0.21144527125539583,0.052346594523913506
VAR-0.7-I09,VAR-0.7,9,0.08909773879441171,0.9408299174745612,14.03595841915193,0.752824987454723,0.5774551200730915
CML-1.45-I09,CML-1.45,9,0.9472623176178705,0.9431675541487664,1.2734220907775222,-0.960625048496766,0.9215889064648084
CML-1.69-I09,CML-1.69,9,0.9588946878003183,0.934143760391871,1.2358185408276188,-0.9408159608922544,0.8824790167664713
CML-1.7522-I09,CML-1.7522,9,0.9811491320195435,0.9761789134721613,1.1238479724731574,-0.9969668142040887,0.9939373921110373
CML-1.895-I09,CML-1.895,9,0.9625786489986968,0.9992696281901947,1.2774116843456564,-0.9636805730983632,0.9288203609875914
CML-2-I09,CML-2,9,0.043991511035594795,0.958902885019226,15.561986253101285,-0.5517649395442926,0.2104621941108739
VAR-0.2-I10,VAR-0.2,10,0.026168140620632916,0.943860590336885,15.846743305205324,0.21512817888541655,0.061757321691685386
VAR-0.7-I10,VAR-0.7,10,0.08554847551823362,0.9121671204831524,14.152824010312218,0.7553424163732012,0.5901870499301399
CML-1.45-I10,CML-1.45,10,0.9517206534096839,0.710707362544368,1.267079384579246,-0.9641927435047472,0.9284001707183629
CML-1.69-I10,CML-1.69,10,0.9784381301102982,0.9634080273890651,1.127480215219409,-0.9978043267204004,0.9956453822184634
CML-1.7522-I10,CML-1.7522,10,0.9739249711132191,0.9692557833704543,1.1527534605594543,-0.9863786993597512,0.9727610565406545
CML-1.895-I10,CML-1.895,10,0.5961039780601901,0.9929607597263168,3.6694571809234198,-0.9342211641300766,0.880460744180275
CML-2-I10,CML-2,10,0.0492803235374267,0.9772867604106668,15.559570307828126,-0.5555523235887232,0.21181757572426624
VAR-0.2-I11,VAR-0.2,11,0.030791935573753683,0.964865468926742,15.800274691926901,0.21203363405429995,0.06105699512400482
VAR-0.7-I11,VAR-0.7,11,0.09712591517762166,0.9287387603359184,13.922522874621864,0.7600252646554484,0.596809619930843
CML-1.45-I11,CML-1.45,11,0.9117447600843771,0.9105696420276961,1.3597578291849186,-0.9187077190786792,0.8375443099326967
CML-1.69-I11,CML-1.69,11,0.9650342073636621,0.9393341120092294,1.2022198711686782,-0.9735360672250923,0.9471602974529912
CML-1.7522-I11,CML-1.7522,11,0.9528296339880884,0.9403535131610762,1.2436335513899395,-0.9520885841657256,0.9042486882578041
CML-1.895-I11,CML-1.895,11,0.9735619206157637,0.9991888515998674,1.1898368570346571,-0.9703041814882793,0.9419297809306013
CML-2-I11,CML-2,11,0.044745838256733214,0.9823259854565708,15.57630174069673,-0.5486401502159304,0.20962132596962768
VAR-0.2-I12,VAR-0.2,12,0.030126093546554555,0.960904328685533,15.812522324764583,0.20793884287366582,0.07477769306277558
VAR-0.7-I12,VAR-0.7,12,0.1159997005892342,0.8374712474085022,13.344660998091916,0.7844407779605904,0.6419035459225697
CML-1.45-I12,CML-1.45,12,0.9492356487682966,0.7092995130755788,1.2685223684963796,-0.9333034643953488,0.8671088437805639
CML-1.69-I12,CML-1.69,12,0.9756629585861387,0.9574418829412643,1.1652935012367023,-0.995907852715487,0.9918949747912307
CML-1.7522-I12,CML-1.7522,12,0.9873901712058362,0.9820166149154917,1.081596465919885,-0.9995762510222179,0.9991531321623097
CML-1.895-I12,CML-1.895,12,0.9635820999427495,0.9992450738233482,1.2698410033085794,-0.9653808173298153,0.9323561344952903
CML-2-I12,CML-2,12,0.04860615663307303,0.9834311906435984,15.503601086525189,-0.5599474983326659,0.21379723198077033
VAR-0.2-I13,VAR-0.2,13,0.030347778947591376,0.9670025237208879,15.814612325560697,0.22458494959600034,0.07578453020643457
VAR-0.7-I13,VAR-0.7,13,0.11803706664272484,0.9091812780062078,13.674518217359978,0.7688759941517094,0.609545209706746
CML-1.45-I13,CML-1.45,13,0.9383949876712717,0.7080737004138303,1.3340985341792966,-0.9209722683984032,0.8418284463042776
CML-1.69-I13,CML-1.69,13,0.9707798429285704,0.9499162245929517,1.1904460437336313,-0.9952113276577699,0.9904757926611036
CML-1.7522-I13,CML-1.7522,13,0.9879162588582402,0.9817268097447941,1.0773183274255929,-0.9996434597959984,0.9992874160471339
CML-1.895-I13,CML-1.895,13,0.9757065308296224,0.9993958503144966,1.1705279318684516,-0.9716135857819463,0.94461551700718
CML-2-I13,CML-2,13,0.046654043175852464,0.977015102910463,15.568577220533223,-0.5637733033813588,0.21383635520675354
VAR-0.2-I14,VAR-0.2,14,0.030816394049964453,0.9612455889638077,15.807896560027498,0.22174598322980704,0.06709089453414488
VAR-0.7-I14,VAR-0.7,14,0.1133315948355266,0.9040457537235157,13.681128261116818,0.7710475580618721,0.6194003661444346
CML-1.45-I14,CML-1.45,14,0.9562574986956568,0.9430307659501138,1.242453086582997,-0.9622359171931243,0.9244220381688584
CML-1.69-I14,CML-1.69,14,0.978747124039933,0.9506693417517982,1.1405393273063393,-0.9962112111838981,0.9924577413533993
CML-1.7522-I14,CML-1.7522,14,0.969961188535923,0.9628305205376091,1.1695445308674843,-0.9918113727436806,0.9836879534726373
CML-1.895-I14,CML-1.895,14,0.5681829744123291,0.9890391107577217,3.937338889407016,-0.9371023741993474,0.8858769849065798
CML-2-I14,CML-2,14,0.0442668721211695,0.9774632805053093,15.579712463161004,-0.5470398037490221,0.20469189796591103
VAR-0.2-I15,VAR-0.2,15,0.029525644040136297,0.9439306502192025,15.819278129210971,0.21123626897795533,0.044330634674558604
VAR-0.7-I15,VAR-0.7,15,0.09782142071378427,0.9058919524509612,14.050425239977079,0.7519694040465834,0.5759483549251789
CML-1.45-I15,CML-1.45,15,0.9589702925880885,0.6025750718538044,1.2037641106814456,-0.9852856039164797,0.970800886107881
CML-1.69-I15,CML-1.69,15,0.9851690204260165,0.9706761793062395,1.0997293438288898,-0.9997357358941921,0.9994724765886527
CML-1.7522-I15,CML-1.7522,15,0.9831809332695344,0.9747999655631621,1.1004314025530402,-0.997923112395336,0.9958491085104151
CML-1.895-I15,CML-1.895,15,0.7151516434812545,0.9879677243362445,2.605632153100328,-0.9641247081315829,0.9298444291503027
CML-2-I15,CML-2,15,0.05088147182082095,0.9805006628262454,15.486051329863495,-0.5579002804466742,0.2184974069769206
VAR-0.2-I16,VAR-0.2,16,0.02963036416649825,0.9571720507959526,15.817047211350971,0.21676843016015035,0.07247913304809261
VAR-0.7-I16,VAR-0.7,16,0.1061720363531837,0.9619071222104476,13.643941606596613,0.7697572778062679,0.602583394860186
CML-1.45-I16,CML-1.45,16,0.9508279519840571,0.9366587520336023,1.2519176044487774,-0.9672651711782316,0.934592026509171
CML-1.69-I16,CML-1.69,16,0.9708303374595769,0.9505625202547224,1.1782976921650696,-0.997524456895416,0.9950834653439553
CML-1.7522-I16,CML-1.7522,16,0.9582890679170784,0.9383740963084914,1.222850865875981,-0.9620100840819363,0.923964825285349
CML-1.895-I16,CML-1.895,16,0.9646727894089743,0.9995728400271767,1.2628473271926979,-0.9656721704305002,0.9326894282872749
CML-2-I16,CML-2,16,0.04535263104245293,0.9775622355702906,15.596728435090947,-0.5577558127212754,0.2374636159038074
VAR-0.2-I17,VAR-0.2,17,0.029226929207344116,0.9575638517499621,15.81386295638281,0.19175300571699896,0.06662442762938506
VAR-0.7-I17,VAR-0.7,17,0.1048974734157668,0.9198799423814185,13.537218324753514,0.7713280373774571,0.6173943944627414
CML-1.45-I17,CML-1.45,17,0.9466839364583619,0.6241558607370453,1.2896960919818654,-0.9396804769869318,0.8797854732835416
CML-1.69-I17,CML-1.69,17,0.9419564992878212,0.9209024612400654,1.303440568370186,-0.9277788233332146,0.8584094518732517
CML-1.7522-I17,CML-1.7522,17,0.9512405825472428,0.9342344394077724,1.2322254178165568,-0.9441877799152556,0.888448609462557
CML-1.895-I17,CML-1.895,17,0.9618028967311866,0.9982436813396864,1.282998478911395,-0.9654137545612673,0.9321787520443081
CML-2-I17,CML-2,17,0.044119963328963174,0.9735029333496928,15.597153183115926,-0.5580196171178542,0.21718777421808472
VAR-0.2-I18,VAR-0.2,18,0.030782623801649114,0.9604824024741071,15.81656219490266,0.21107551869630486,0.07710069948108483
VAR-0.7-I18,VAR-0.7,18,0.10764928183662592,0.9280509509205471,13.59485215861901,0.7667034086936797,0.6119561224024544
CML-1.45-I18,CML-1.45,18,0.9546566569406169,0.7048316168237998,1.2304346567015714,-0.9653634971680849,0.93077641738472
CML-1.69-I18,CML-1.69,18,0.9409937947766646,0.9123384912068804,1.314221454477918,-0.9300377478399869,0.8632078563130238
CML-1.7522-I18,CML-1.7522,18,0.9472840522434939,0.9435268390405188,1.2723184626957147,-0.9468339251754903,0.8936279978142938
CML-1.895-I18,CML-1.895,18,0.9720399595770238,0.9994164602022229,1.2034273828607591,-0.9696735896862224,0.9408137004778144
CML-2-I18,CML-2,18,0.049871153301021466,0.9677015702444496,15.474852702707496,-0.5549403073503506,0.21492766347317555
VAR-0.2-I19,VAR-0.2,19,0.029052444692969293,0.9523306588692844,15.810835335787388,0.20910249150166654,0.056498844727882386
VAR-0.7-I19,VAR-0.7,19,0.11902227362383375,0.9050911266368884,13.545061009745044,0.76867704767535,0.5962449848075547
CML-1.45-I19,CML-1.45,19,0.9544417515649033,0.7088839483826342,1.2484203991796594,-0.9720203905923952,0.9440512988782243
CML-1.69-I19,CML-1.69,19,0.9810421455603406,0.9639975473669044,1.1210138230257143,-0.9996108931101466,0.9992231621051011
CML-1.7522-I19,CML-1.7522,19,0.9778284998180934,0.96218250296346,1.1354098806844828,-0.996257258235911,0.9925189889127692
CML-1.895-I19,CML-1.895,19,0.7910614901325039,0.9962863705406573,2.2386580446846023,-0.9583262499006395,0.920274442715312
CML-2-I19,CML-2,19,0.04428861517797717,0.9769111877636033,15.61006330449332,-0.5646693842389785,0.22040295602931032
VAR-0.2-I20,VAR-0.2,20,0.026559521436770168,0.9602192948208268,15.853873265672659,0.19939471990658691,0.04813498323296068
VAR-0.7-I20,VAR-0.7,20,0.10204420929307854,0.9277238887515772,13.924751941541839,0.7626310924940932,0.5951688995709701
CML-1.45-I20,CML-1.45,20,0.946436105488032,0.9389815239320227,1.2691369687934537,-0.9552344200097266,0.9106587458480634
CML-1.69-I20,CML-1.69,20,0.97814417823227,0.951831594143708,1.123337012259936,-0.9955817840894441,0.9912427073636376
CML-1.7522-I20,CML-1.7522,20,0.9690369204756818,0.963197271833409,1.1761360428310983,-0.9863907440984334,0.9727839458911696
CML-1.895-I20,CML-1.895,20,0.9627481607270327,0.9986291209485286,1.2768133390097276,-0.9643543594156245,0.9303854265637745
CML-2-I20,CML-2,20,0.045094740880536686,0.9790883073604826,15.534572583459024,-0.5522820855187138,0.2140392113409964
VAR-0.2-I21,VAR-0.2,21,0.029137308649022153,0.954636216140704,15.830058104548883,0.20834971755464873,0.0634083851844682
VAR-0.7-I21,VAR-0.7,21,0.1052853761345334,0.9370415535392274,13.838934301995835,0.7716810980093998,0.6035211644060772
CML-1.45-I21,CML-1.45,21,0.9468549868204079,0.5873950981466367,1.2826473818688513,-0.95624952198508,0.9127790272130334
CML-1.69-I21,CML-1.69,21,0.9612813319506831,0.9360427981941579,1.2173236874264992,-0.9525216895583988,0.9064277736201861
CML-1.7522-I21,CML-1.7522,21,0.9691959017120566,0.9575722033858725,1.1708150075398576,-0.9841610769112439,0.9683374212450746
CML-1.895-I21,CML-1.895,21,0.9681051966941464,0.9991756478976556,1.2363820936629117,-0.9675315774183164,0.9366984126244622
CML-2-I21,CML-2,21,0.04356269340436433,0.9787337842323306,15.601205342310415,-0.5712215641684941,0.23453222212252986
VAR-0.2-I22,VAR-0.2,22,0.02881392249736547,0.9654353411687553,15.838629648656717,0.22452528665810528,0.06050283118485851
VAR-0.7-I22,VAR-0.7,22,0.09609471789775638,0.9340108850955433,13.852124856507176,0.7776337329570119,0.6094008858165958
CML-1.45-I22,CML-1.45,22,0.9476509032061773,0.7113953829371371,1.2761444213012056,-0.9405757241947104,0.881208964846899
CML-1.69-I22,CML-1.69,22,0.9761330192113833,0.9440910755804363,1.1634097047557428,-0.9964960406209855,0.9930209649557058
CML-1.7522-I22,CML-1.7522,22,0.9622273263579665,0.9448382320578755,1.207058809689675,-0.9825796690247679,0.9651842241189421
CML-1.895-I22,CML-1.895,22,0.9623866647107404,0.9993800160517304,1.2803428801431302,-0.9640307872175335,0.9294352517161422
CML-2-I22,CML-2,22,0.04563859213767589,0.9732962591436232,15.536990587581565,-0.5457607601825817,0.2061141468307561
VAR-0.2-I23,VAR-0.2,23,0.027753481306642052,0.9600692847891947,15.827100628099062,0.21176399781923577,0.05345241919646798
VAR-0.7-I23,VAR-0.7,23,0.09420235465049137,0.9072869725831947,13.837357707450943,0.7666785137499128,0.5988314826572521
CML-1.45-I23,CML-1.45,23,0.9372848056472904,0.9287467195221388,1.3350285491069585,-0.9021369816354583,0.8095747576272885
CML-1.69-I23,CML-1.69,23,0.9671626022053865,0.942074141342696,1.1924531399819465,-0.9949082317469253,0.9899120556405778
CML-1.7522-I23,CML-1.7522,23,0.7846447037800348,0.9566797500263822,1.7158950708506822,-0.9698012979288348,0.9436175121758043
CML-1.895-I23,CML-1.895,23,0.7625365326827728,0.9846215954985449,2.5500688821382114,-0.9444875520761948,0.8937839530918854
CML-2-I23,CML-2,23,0.04981676621390559,0.9610153875644616,15.44380011917166,-0.5561506614404275,0.22425718881828813
VAR-legacy-0.95-0.4-I00,VAR-legacy-0.95-0.4,0,0.0561858071514555,0.9347141987330359,15.29083044426008,0.5564389712989288,0.3370984802907128
VAR-legacy-0.2-0.4-I00,VAR-legacy-0.2-0.4,0,0.02906091890462734,0.9530854386599434,15.821528122337515,0.19628148217031954,0.0562125768230146
VAR-legacy-0.2-0.8-I00,VAR-legacy-0.2-0.8,0,0.025653742632911425,0.9552282741217019,15.851237842029194,0.10534688743337886,0.02748083750427021
CML-1.85-I00,CML-1.85,0,0.9887197687120745,0.9992267694179404,1.08992436621952,-0.9893722500411395,0.9788010800927206
Kuramoto-fast-I00,Kuramoto-fast,0,0.19186824227295773,0.8455662544334072,8.267889154081145,0.999867166383245,0.999468498027695
Kuramoto-slow-I00,Kuramoto-slow,0,0.9174706275768465,0.013259011251625763,1.003999870400787,0.9999999999611111,0.9999999998447555
Gaussian-noise-I00,Gaussian-noise,0,0.026072389120955445,0.963747672158445,15.856846605226705,0.008608323263674762,6.471489107615384e-05
Cauchy-noise-I00,Cauchy-noise,0,0.008492441535803134,0.021681974288083314,1.7462857998092434,-0.0009787587135675429,-0.000997602153876816
Wave-I00,Wave,0,0.5664858031938814,0.4904054806771477,2.2859453290464935,0.9739134956769008,0.8976966444243342
VAR-legacy-0.95-0.4-I01,VAR-legacy-0.95-0.4,1,0.05452886423080853,0.920837670421831,15.383295388268438,0.5530508317187115,0.3091997222367639
VAR-legacy-0.2-0.4-I01,VAR-legacy-0.2-0.4,1,0.02822580216278943,0.9633510366217434,15.841520994954328,0.18770381115714932,0.048279237374360774
VAR-legacy-0.2-0.8-I01,VAR-legacy-0.2-0.8,1,0.025514732497639234,0.9695038144553907,15.866490714289974,0.0979060206605672,0.022487060990228448
CML-1.85-I01,CML-1.85,1,0.9848727695951932,0.9995069901639536,1.1184738283404843,-0.985712782597094,0.9715746852107076
Kuramoto-fast-I01,Kuramoto-fast,1,0.1898901626423592,0.9045853186701192,8.28106643716609,0.9997824608390936,0.9991301072382628
Kuramoto-slow-I01,Kuramoto-slow,1,0.9987734895924976,0.15819265028446192,1.0046985059212497,0.9999999999824216,0.9999999999298275
Gaussian-noise-I01,Gaussian-noise,1,0.02485034701211368,0.9582863239558548,15.884758222538833,-0.007469057566340151,0.000987592361564631
Cauchy-noise-I01,Cauchy-noise,1,0.006475033089251992,0.06023691715545555,2.267678044438162,0.0005280594687436315,-0.000978069013724529
Wave-I01,Wave,1,0.6127583013186796,0.5056038652163861,2.2317317724040455,0.969985244864177,0.8845012727575754
VAR-legacy-0.95-0.4-I02,VAR-legacy-0.95-0.4,2,0.05198920879003192,0.9477259305370568,15.385202010422537,0.5610529889369529,0.3470274932167763
VAR-legacy-0.2-0.4-I02,VAR-legacy-0.2-0.4,2,0.026381367823309288,0.9473416782477566,15.839377637824994,0.195999736138865,0.07038434616195897
VAR-legacy-0.2-0.8-I02,VAR-legacy-0.2-0.8,2,0.02372771698555783,0.9485375173346007,15.860381750453447,0.1051082707136573,0.041910366209464
CML-1.85-I02,CML-1.85,2,0.5209522962364771,0.996456949572028,3.893851362041855,-0.960803389521028,0.9289859517297909
Kuramoto-fast-I02,Kuramoto-fast,2,0.23891355358902341,0.9829156425943755,7.50787336648624,0.9998145262611577,0.9992590338295888
Kuramoto-slow-I02,Kuramoto-slow,2,0.8767274891250126,0.005303210738287699,1.004553476619309,0.9999999999830675,0.9999999999324058
Gaussian-noise-I02,Gaussian-noise,2,0.028017284361037717,0.961343887946087,15.840111238500711,0.007115673342849537,-0.00923573484992831
Cauchy-noise-I02,Cauchy-noise,2,0.013554879196172764,0.12266647108808376,5.487193045935329,-0.00032707225727752836,0.00015138218762128007
Wave-I02,Wave,2,0.6604850581256076,0.5080591070626508,1.9874706552211483,0.9779058046419742,0.9159016041606751
VAR-legacy-0.95-0.4-I03,VAR-legacy-0.95-0.4,3,0.0544549722006282,0.9579541857095099,15.293581349882018,0.5507570794718757,0.32992216931402996
VAR-legacy-0.2-0.4-I03,VAR-legacy-0.2-0.4,3,0.02775481225033555,0.9608707642437914,15.824617504538134,0.1935710062472676,0.05011287500183372
VAR-legacy-0.2-0.8-I03,VAR-legacy-0.2-0.8,3,0.025438629996945083,0.9623799333832088,15.857989742658942,0.10204147426624229,0.017223786352380838
CML-1.85-I03,CML-1.85,3,0.98441928506015,0.998684936137246,1.121309362020402,-0.9854031972499584,0.9709442402144945
Kuramoto-fast-I03,Kuramoto-fast,3,0.2140020583850398,0.9051144387003995,7.899658661720709,0.9998135312367898,0.999254212251053
Kuramoto-slow-I03,Kuramoto-slow,3,0.9936174474909324,0.05061528239962296,1.0079838226825482,0.999999999964047,0.999999999856475
Gaussian-noise-I03,Gaussian-noise,3,0.023252114153882043,0.972348713426571,15.875438078289214,-0.0010349813615993574,0.005832064602555229
Cauchy-noise-I03,Cauchy-noise,3,0.01556937715980715,0.1747103134817623,5.673985161914184,0.0009897310416010884,-0.0006539899210400222
Wave-I03,Wave,3,0.7299043418233774,0.22739952541737757,1.3716824456387446,0.9882371237291266,0.9545567163160649
VAR-legacy-0.95-0.4-I04,VAR-legacy-0.95-0.4,4,0.056096864260786534,0.9518852418131009,15.321314572264308,0.5768782319486268,0.3484406931524473
VAR-legacy-0.2-0.4-I04,VAR-legacy-0.2-0.4,4,0.029634405387146463,0.9492449744817516,15.821922938551975,0.21382915380937775,0.06694188380228341
VAR-legacy-0.2-0.8-I04,VAR-legacy-0.2-0.8,4,0.026711255520475822,0.9493329419415948,15.852883212753127,0.12348732550795588,0.035082402894647924
CML-1.85-I04,CML-1.85,4,0.9866749832792056,0.9997354453316304,1.1000522997311755,-0.9876416178026799,0.9754342291767428
Kuramoto-fast-I04,Kuramoto-fast,4,0.20046728686696236,0.9512824954031738,7.376307723728334,0.9997608761136494,0.9990424126192932
Kuramoto-slow-I04,Kuramoto-slow,4,0.9358088075774541,0.0434124213670739,1.005401233205764,0.9999999999761258,0.999999999904694
Gaussian-noise-I04,Gaussian-noise,4,0.026012188280409874,0.9519169857184111,15.861554479694236,0.022063127199516676,-0.01232874396262442
Cauchy-noise-I04,Cauchy-noise,4,0.00785351032993458,0.09916413383554608,4.091509536155556,-0.0005883593751388333,-0.0022693065758154834
Wave-I04,Wave,4,0.7518778857727545,0.4189026683841414,1.4186419513753625,0.9900182067304109,0.9606446588091153
VAR-legacy-0.95-0.4-I05,VAR-legacy-0.95-0.4,5,0.05487780228630165,0.9669579571811763,15.407714297375724,0.5573997193345561,0.34130471021425646
VAR-legacy-0.2-0.4-I05,VAR-legacy-0.2-0.4,5,0.030571987246617967,0.9756515298184818,15.823630384814665,0.18894509612914565,0.06913766482353936
VAR-legacy-0.2-0.8-I05,VAR-legacy-0.2-0.8,5,0.02819563616939941,0.974995225872392,15.838302133877711,0.09536735384461117,0.04008193695336372
CML-1.85-I05,CML-1.85,5,0.5567232200376393,0.9909859759986819,3.569743704979964,-0.960871687746623,0.9263083732977526
Kuramoto-fast-I05,Kuramoto-fast,5,0.17418810812544477,0.9038892689505212,9.286512029192151,0.9997846714005955,0.9991391885929763
Kuramoto-slow-I05,Kuramoto-slow,5,0.8859286804706399,0.04068187682456777,1.0065357825961567,0.9999999999625612,0.9999999998505456
Gaussian-noise-I05,Gaussian-noise,5,0.02445241790935575,0.9703607958299986,15.87335915925771,0.0067154633282864315,0.0024625646054478763
Cauchy-noise-I05,Cauchy-noise,5,0.007982336000273923,0.011258577292496736,2.123930287311261,-0.0011320772759221393,-0.0013364419725579893
Wave-I05,Wave,5,0.5208577777798186,0.38547807097716474,2.4257888554007465,0.9783957208434355,0.9153298303345417
VAR-legacy-0.95-0.4-I06,VAR-legacy-0.95-0.4,6,0.060284069793652535,0.9162736281475777,15.307342247613121,0.5538571208087353,0.3218210921813316
VAR-legacy-0.2-0.4-I06,VAR-legacy-0.2-0.4,6,0.031429157644860935,0.9477546348372463,15.799637557822189,0.1863171318477769,0.041488536461249226
VAR-legacy-0.2-0.8-I06,VAR-legacy-0.2-0.8,6,0.02873487208141595,0.9511924516113869,15.82706117093215,0.09507603455157293,0.015154555088233983
CML-1.85-I06,CML-1.85,6,0.9827158932996627,0.9987890747845802,1.1324605032207213,-0.9836229153983983,0.967330162029361
Kuramoto-fast-I06,Kuramoto-fast,6,0.18598899693856827,0.5320721153566224,8.802908196587975,0.9998175407087426,0.9992701172237421
Kuramoto-slow-I06,Kuramoto-slow,6,0.8917096001867851,0.07762127883471857,1.022616824431365,0.9999999992825673,0.9999999971359531
Gaussian-noise-I06,Gaussian-noise,6,0.025195699554059318,0.9646047188211545,15.86562076831592,-0.008907649783684368,0.0016628599671520833
Cauchy-noise-I06,Cauchy-noise,6,0.006814778206356847,0.09571294188721641,2.6786391123162154,-0.001697273413846588,-0.0011829491641833396
Wave-I06,Wave,6,0.7485893620591083,0.5278334178422199,1.7298664752104917,0.9648269342070287,0.8626972522375063
VAR-legacy-0.95-0.4-I07,VAR-legacy-0.95-0.4,7,0.05430837034753201,0.9397499124806156,15.36730698974266,0.5674791619736352,0.3392681627942574
VAR-legacy-0.2-0.4-I07,VAR-legacy-0.2-0.4,7,0.028839682678478955,0.9543129357171211,15.826498473423145,0.21428062814196389,0.06434672710138245
VAR-legacy-0.2-0.8-I07,VAR-legacy-0.2-0.8,7,0.026132295381834845,0.9581334980137616,15.850864745382648,0.12355404727293214,0.035230648276806956
CML-1.85-I07,CML-1.85,7,0.9887183664382355,0.9973081009299992,1.0897104683098522,-0.9895623583100986,0.9792483882364512
Kuramoto-fast-I07,Kuramoto-fast,7,0.19721372311939345,0.9237332892843128,8.00298294285784,0.9998920309170749,0.99956770574464
Kuramoto-slow-I07,Kuramoto-slow,7,0.9988952883153568,0.13522710628413906,1.0044540681989098,0.9999999999907311,0.9999999999629986
Gaussian-noise-I07,Gaussian-noise,7,0.027964702354680442,0.9646137676011233,15.849392701532755,0.012315128974963977,-0.0025378912039173205
Cauchy-noise-I07,Cauchy-noise,7,0.011259171594185107,0.1554590766670093,4.571308558517228,-0.0013070903068694677,0.0009874887594176925
Wave-I07,Wave,7,0.7374276688670324,0.1586532544802058,1.271953038833484,0.9892001456334433,0.9577809686217689
VAR-legacy-0.95-0.4-I08,VAR-legacy-0.95-0.4,8,0.05035127577295742,0.9304550858601786,15.441716593236572,0.5617132718696316,0.33289285465703566
VAR-legacy-0.2-0.4-I08,VAR-legacy-0.2-0.4,8,0.02598965680818053,0.9506751865119678,15.84318324406327,0.19948647072183695,0.06872963290884573
VAR-legacy-0.2-0.8-I08,VAR-legacy-0.2-0.8,8,0.024120718096254223,0.9493192554819093,15.864116176209443,0.10863854153302695,0.039796379218584046
CML-1.85-I08,CML-1.85,8,0.9833106989051623,0.9996498050405906,1.1278683254220734,-0.984013932484531,0.9681424173477149
Kuramoto-fast-I08,Kuramoto-fast,8,0.231378806699461,0.17858773412958273,6.984994519647357,0.9998340127188743,0.9993358915473995
Kuramoto-slow-I08,Kuramoto-slow,8,0.8947723374197538,0.08443643672557706,1.007532021600141,0.9999999999619861,0.9999999998482474
Gaussian-noise-I08,Gaussian-noise,8,0.025776170189566208,0.9717920969570384,15.854786727269223,0.004425799019425286,-0.00020731463115237017
Cauchy-noise-I08,Cauchy-noise,8,0.007500592934562816,0.1991562505293945,4.203582280560036,-0.0012215515389622166,-0.0026722685442830754
Wave-I08,Wave,8,0.7285203697268163,0.24960476746925678,1.3070646259852494,0.9889324137251109,0.9568456215369396
VAR-legacy-0.95-0.4-I09,VAR-legacy-0.95-0.4,9,0.04957386144752453,0.949578638597842,15.37296832716306,0.5580115176623608,0.31807300594312227
VAR-legacy-0.2-0.4-I09,VAR-legacy-0.2-0.4,9,0.02958917551169502,0.9677809453351616,15.817999148240135,0.20748947771753012,0.05058780548247136
VAR-legacy-0.2-0.8-I09,VAR-legacy-0.2-0.8,9,0.027813208347362197,0.9697431788309956,15.847158064282082,0.11380680605469423,0.020559978933312247
CML-1.85-I09,CML-1.85,9,0.9737481509501091,0.998704788316542,1.1851878630288464,-0.9854725577535173,0.9710637388723928
Kuramoto-fast-I09,Kuramoto-fast,9,0.2148642347392561,0.6567965491979154,8.149984313084289,0.9997394889483759,0.9989593730683073
Kuramoto-slow-I09,Kuramoto-slow,9,0.9079093456481946,0.06977074756332452,1.0090986916260352,0.999999999875187,0.9999999995017446
Gaussian-noise-I09,Gaussian-noise,9,0.024651985151140525,0.9632450750199236,15.871900175427298,-0.019605548108682744,-0.0025262263962157055
Cauchy-noise-I09,Cauchy-noise,9,0.008115195896604012,0.07916303886876058,1.9069099691696205,-0.0016976605229031348,-0.00045514307377828326
Wave-I09,Wave,9,0.7745624232158121,0.37366196851465266,1.5660862822619548,0.9841226070705771,0.9385481735556646
VAR-legacy-0.95-0.4-I10,VAR-legacy-0.95-0.4,10,0.046832316780896416,0.9368316572923137,15.452479540905847,0.556109156997061,0.3211286429375405
VAR-legacy-0.2-0.4-I10,VAR-legacy-0.2-0.4,10,0.026082021568985203,0.9438277699154519,15.848035849419308,0.2110229237484873,0.06002839330602735
VAR-legacy-0.2-0.8-I10,VAR-legacy-0.2-0.8,10,0.02451478032350168,0.9427580502847348,15.867364562844745,0.12185655347267864,0.030932939576538303
CML-1.85-I10,CML-1.85,10,0.4049575830577254,0.991334685960537,5.476634849583203,-0.911503036005469,0.841349275930632
Kuramoto-fast-I10,Kuramoto-fast,10,0.1918388511524212,0.5604164816479412,8.886189733034373,0.9998563436866592,0.999425219779643
Kuramoto-slow-I10,Kuramoto-slow,10,0.9967761549721381,0.0291017400355008,1.0033129712679312,0.9999999999735547,0.9999999998944311
Gaussian-noise-I10,Gaussian-noise,10,0.024862153379920125,0.9449380217197227,15.84470415273887,0.012496708594480658,0.0041716902447578655
Cauchy-noise-I10,Cauchy-noise,10,0.008968411954420712,0.0017664822650891206,1.0020794888720104,-0.00014419031441729657,-0.0002117619785805935
Wave-I10,Wave,10,0.42982969002808036,0.629928246799624,3.527234111577848,0.9384281804322696,0.7628983892762862
VAR-legacy-0.95-0.4-I11,VAR-legacy-0.95-0.4,11,0.0543601070728872,0.9647504767530931,15.356792354899895,0.5680314319201882,0.32987104727994443
VAR-legacy-0.2-0.4-I11,VAR-legacy-0.2-0.4,11,0.030674937876271156,0.9648881817181255,15.801830989374345,0.20778888803186535,0.05943952045746888
VAR-legacy-0.2-0.8-I11,VAR-legacy-0.2-0.8,11,0.028636571270743868,0.9653922811930644,15.826910950073762,0.11875717688700488,0.031515889116194504
CML-1.85-I11,CML-1.85,11,0.9743219521127054,0.9992488250316062,1.1886885605247195,-0.9838461931357847,0.9678550624657715
Kuramoto-fast-I11,Kuramoto-fast,11,0.22183779594207031,0.7912047019990204,7.379265095804124,0.9997666469346703,0.9990669534911045
Kuramoto-slow-I11,Kuramoto-slow,11,0.9980141599065221,0.19679319590941965,1.0030754868418903,0.9999999999833189,0.999999999933408
Gaussian-noise-I11,Gaussian-noise,11,0.02554536690232255,0.9515743343747448,15.878879034985557,-0.009475420165067819,0.008029890991458552
Cauchy-noise-I11,Cauchy-noise,11,0.00840912377510889,0.16575703224200405,2.8649391774492203,-0.0006469587904365203,-0.0005051083196787787
Wave-I11,Wave,11,0.6210033254912656,0.4132095661552767,2.048688412361702,0.9480625306443862,0.8013822917117503
VAR-legacy-0.95-0.4-I12,VAR-legacy-0.95-0.4,12,0.06034268653610062,0.9104803342487137,15.199933029629177,0.5757959347760708,0.36522608999195033
VAR-legacy-0.2-0.4-I12,VAR-legacy-0.2-0.4,12,0.029913113892339298,0.9612372946119585,15.814719356684908,0.20377281732217772,0.07287795260970295
VAR-legacy-0.2-0.8-I12,VAR-legacy-0.2-0.8,12,0.026815919766963802,0.9675194084510896,15.84889874387372,0.11392245859243721,0.0406953919470804
CML-1.85-I12,CML-1.85,12,0.9844472978650061,0.9993045532597821,1.1207489176905672,-0.9850877178729264,0.9702765999879266
Kuramoto-fast-I12,Kuramoto-fast,12,0.20184706711653963,0.6103520372453481,8.587655868590142,0.9998077977503028,0.9992315688963351
Kuramoto-slow-I12,Kuramoto-slow,12,0.9925232815151086,0.008500298756929823,1.013524398040875,0.9999999997823744,0.9999999991312349
Gaussian-noise-I12,Gaussian-noise,12,0.02549939530452228,0.9589143640579877,15.867165304025093,-0.012890247027384064,0.004681508683473272
Cauchy-noise-I12,Cauchy-noise,12,0.012313635716778017,0.1010237025994315,3.3445214056489885,-0.0015331632668402005,-0.00339484869651946
Wave-I12,Wave,12,0.6340667186939061,0.6135559621173247,2.023904327922627,0.9858412584261732,0.9444643805780921
VAR-legacy-0.95-0.4-I13,VAR-legacy-0.95-0.4,13,0.058957596284786314,0.9457997446637568,15.302302401045017,0.571040113436309,0.3443659190357469
VAR-legacy-0.2-0.4-I13,VAR-legacy-0.2-0.4,13,0.030176064991942444,0.9671216172664069,15.816483775882629,0.22047606590920402,0.07406873263843952
VAR-legacy-0.2-0.8-I13,VAR-legacy-0.2-0.8,13,0.027220574950260652,0.9700149127207033,15.845668324323817,0.12996719193961664,0.04687802966090797
CML-1.85-I13,CML-1.85,13,0.984404050911425,0.9997030967288393,1.121773742217734,-0.9852145753244839,0.9705281794124572
Kuramoto-fast-I13,Kuramoto-fast,13,0.17416057133318086,0.9508517447627112,9.481154851955397,0.9997247973404446,0.9988989596740863
Kuramoto-slow-I13,Kuramoto-slow,13,0.9974017608395189,0.13518463933388464,1.0081870269013795,0.9999999999559877,0.9999999998243039
Gaussian-noise-I13,Gaussian-noise,13,0.026941348629703002,0.9572196421797942,15.846040973923715,0.0017323459166737505,0.019263650243935178
Cauchy-noise-I13,Cauchy-noise,13,0.009168705320264599,0.10215646696350149,3.6939655105558344,-0.0025296971787328055,-0.0017215478846212468
Wave-I13,Wave,13,0.7679013375106294,0.32608492498072666,1.7087080994494128,0.9842800242133765,0.9392544134738308
VAR-legacy-0.95-0.4-I14,VAR-legacy-0.95-0.4,14,0.05823799633999124,0.9506785787663515,15.324808117493122,0.5691946855790571,0.3454159200293204
VAR-legacy-0.2-0.4-I14,VAR-legacy-0.2-0.4,14,0.030669543383510852,0.9611762946761077,15.809654672005882,0.21756338391809926,0.0653813190417402
VAR-legacy-0.2-0.8-I14,VAR-legacy-0.2-0.8,14,0.0278395211706863,0.95950074396845,15.838166788216885,0.125806446479414,0.036574920901713104
CML-1.85-I14,CML-1.85,14,0.9883914421758594,0.9982287973488663,1.0922927868965893,-0.98915203146148,0.978364542034502
Kuramoto-fast-I14,Kuramoto-fast,14,0.20210258247887783,0.1393940233368695,7.965935354045963,0.9997912923726597,0.9991658405436272
Kuramoto-slow-I14,Kuramoto-slow,14,0.9887439435736297,0.015727364138616064,1.002909386912898,0.999999999949958,0.9999999998002331
Gaussian-noise-I14,Gaussian-noise,14,0.025352674746721447,0.9682784430492541,15.868926018197039,-0.0019558001626355727,0.0004445120418959964
Cauchy-noise-I14,Cauchy-noise,14,0.014736839370984882,0.18571435915431975,4.423071286245282,-0.0011896020070456842,0.00016409852136719258
Wave-I14,Wave,14,0.784666850142548,0.3588319431511202,1.4969725770500322,0.9850154886400124,0.9440495927624009
VAR-legacy-0.95-0.4-I15,VAR-legacy-0.95-0.4,15,0.05256302569346295,0.926892123178616,15.39391708321476,0.5518633417410524,0.30831765170118564
VAR-legacy-0.2-0.4-I15,VAR-legacy-0.2-0.4,15,0.02937143705415215,0.9441381763577624,15.820924718389325,0.20712781800285623,0.04260866086084922
VAR-legacy-0.2-0.8-I15,VAR-legacy-0.2-0.8,15,0.026822205517175488,0.9485055099754401,15.847333922869348,0.1174764772306501,0.013837495480195442
CML-1.85-I15,CML-1.85,15,0.9851399430673372,0.9993060615899291,1.1128239483492197,-0.9888133511388388,0.9776878321431108
Kuramoto-fast-I15,Kuramoto-fast,15,0.20246065429664642,0.33011537811185127,7.898091837714591,0.9998336232030193,0.9993353321799979
Kuramoto-slow-I15,Kuramoto-slow,15,0.9969521292404354,0.036381114083677384,1.0068452719623777,0.9999999999142175,0.999999999657553
Gaussian-noise-I15,Gaussian-noise,15,0.026825393907292137,0.9397360799257068,15.845740500679444,-0.0019695142221912024,-0.011176366664699858
Cauchy-noise-I15,Cauchy-noise,15,0.011870125891589919,0.07787295138829664,3.741990209356845,-0.0015727630841555777,-0.001228789757922598
Wave-I15,Wave,15,0.7602604081132253,0.29906155539350066,1.2766280891868955,0.9901381564392622,0.9615590336342161
VAR-legacy-0.95-0.4-I16,VAR-legacy-0.95-0.4,16,0.057040546811921645,0.9610893356011634,15.250158122516128,0.5703405203286114,0.3453306583961353
VAR-legacy-0.2-0.4-I16,VAR-legacy-0.2-0.4,16,0.02944970683925804,0.957206326113168,15.819278394017008,0.21274430136856134,0.07063455242550043
VAR-legacy-0.2-0.8-I16,VAR-legacy-0.2-0.8,16,0.02574638318387752,0.9582541855781702,15.856106158579975,0.12537404137435104,0.03924686243573592
CML-1.85-I16,CML-1.85,16,0.9890929244933132,0.9988781965933553,1.0869391433190057,-0.9900620532433793,0.9802002848172513
Kuramoto-fast-I16,Kuramoto-fast,16,0.2237147562812347,0.9467647578801993,6.577676404192556,0.9997737346920608,0.9990955328303198
Kuramoto-slow-I16,Kuramoto-slow,16,0.9768889731470278,0.033174878785209486,1.0068367819542152,0.999999999886023,0.9999999995450005
Gaussian-noise-I16,Gaussian-noise,16,0.02474315410399341,0.9644192520764461,15.884147923689815,0.0019058662396580523,0.017737304308334978
Cauchy-noise-I16,Cauchy-noise,16,0.010692662661915353,0.09969942296277143,4.215145946158912,-0.0020622870931578,-0.0026266359019483203
Wave-I16,Wave,16,0.673590962528292,0.4497952910199868,1.8048408191165644,0.9844641844268645,0.9401062947334825
VAR-legacy-0.95-0.4-I17,VAR-legacy-0.95-0.4,17,0.05637218398924188,0.9386626555710366,15.250912669522425,0.5588154023830709,0.34410993380569826
VAR-legacy-0.2-0.4-I17,VAR-legacy-0.2-0.4,17,0.0290659895821156,0.9578600216932323,15.815862524742364,0.18763210413273784,0.06459731445255451
VAR-legacy-0.2-0.8-I17,VAR-legacy-0.2-0.8,17,0.02685048952397547,0.9644316248915842,15.847052543576423,0.09828273785268382,0.030028933402068428
CML-1.85-I17,CML-1.85,17,0.98430783338209,0.9989493039729959,1.1225922365820584,-0.9852304183874909,0.9706014098122996
Kuramoto-fast-I17,Kuramoto-fast,17,0.1764251053682814,0.3155547580861647,8.972732877267784,0.9998332209406524,0.9993323394040915
Kuramoto-slow-I17,Kuramoto-slow,17,0.9840460291877894,0.008501124418671234,1.0072078072846373,0.9999999998904876,0.9999999995628197
Gaussian-noise-I17,Gaussian-noise,17,0.02576089671088,0.9615476436690037,15.867923182088123,0.00360987046565804,-0.003289648055996711
Cauchy-noise-I17,Cauchy-noise,17,0.01665712249599697,0.05118963229676784,2.2505025345259018,-0.0010786741873993603,-0.001336674288175496
Wave-I17,Wave,17,0.5429714754053151,0.20490665501741867,2.1473399136421665,0.9783917364889059,0.915396664191227
VAR-legacy-0.95-0.4-I18,VAR-legacy-0.95-0.4,18,0.05895880058942366,0.9463527302283428,15.25981809207461,0.5683454067047626,0.3588554493851891
VAR-legacy-0.2-0.4-I18,VAR-legacy-0.2-0.4,18,0.030578323494379313,0.9606204242242811,15.818529458573597,0.2067661366047873,0.07550189227262216
VAR-legacy-0.2-0.8-I18,VAR-legacy-0.2-0.8,18,0.02691069386865815,0.9635516731876504,15.849056675531012,0.11187077677485617,0.04679136971321121
CML-1.85-I18,CML-1.85,18,0.9880654355014583,0.9996853191099506,1.094602110611685,-0.9888035568397162,0.9776757836430363
Kuramoto-fast-I18,Kuramoto-fast,18,0.20844093570894393,0.9542005882398779,7.755336248763812,0.9996974214563766,0.9987895168580088
Kuramoto-slow-I18,Kuramoto-slow,18,0.9930589329645119,0.11024184468306118,1.0054367164024394,0.9999999999233924,0.9999999996941837
Gaussian-noise-I18,Gaussian-noise,18,0.02575468732277943,0.9520106320987617,15.84489523020115,-0.013611201497429766,0.005608176843649846
Cauchy-noise-I18,Cauchy-noise,18,0.007720179369143604,0.03407645975589643,1.1273577352756867,-0.0009173122720323619,-0.0014898687219200707
Wave-I18,Wave,18,0.7329090619636318,0.4038618504610537,1.5614359817216181,0.9879191812356195,0.9533293194056403
VAR-legacy-0.95-0.4-I19,VAR-legacy-0.95-0.4,19,0.05461021328922871,0.9312698086867138,15.283790348201931,0.5641536380604459,0.3259877277968702
VAR-legacy-0.2-0.4-I19,VAR-legacy-0.2-0.4,19,0.02893957686303236,0.9525257043944542,15.812705448557228,0.20479789512532642,0.05492537295984357
VAR-legacy-0.2-0.8-I19,VAR-legacy-0.2-0.8,19,0.02709048516851833,0.9563982746981625,15.842540295233302,0.11130690515941313,0.02948323149457757
CML-1.85-I19,CML-1.85,19,0.7932339329750832,0.9944094274948304,2.3735578645396167,-0.9585064294868215,0.9245378077344826
Kuramoto-fast-I19,Kuramoto-fast,19,0.22418071971069586,0.9369962846073854,7.351798545568437,0.9997868151582694,0.9991475996915133
Kuramoto-slow-I19,Kuramoto-slow,19,0.9964137847036646,0.03349462804843786,1.0057026148954424,0.9999999999596015,0.9999999998387303
Gaussian-noise-I19,Gaussian-noise,19,0.024882008028578265,0.9691524785320118,15.873339066598945,0.008067094458377904,0.0017596653468822288
Cauchy-noise-I19,Cauchy-noise,19,0.013990624174118026,0.08294455566820219,4.21279313004703,-0.00033397642136872283,-0.00037697503228129026
Wave-I19,Wave,19,0.7987950502272736,0.22783052325436148,1.3090657908029855,0.9892425579873627,0.9581720575301375
VAR-legacy-0.95-0.4-I20,VAR-legacy-0.95-0.4,20,0.05515758167479378,0.9549940574553762,15.374702924111514,0.5581890006035504,0.3243594786930918
VAR-legacy-0.2-0.4-I20,VAR-legacy-0.2-0.4,20,0.02638139679172365,0.9602944100531713,15.855450474566691,0.19512497930373585,0.04630610431374229
VAR-legacy-0.2-0.8-I20,VAR-legacy-0.2-0.8,20,0.023535703869190835,0.9616977003445556,15.878707987383871,0.10597472433520638,0.01852785184867188
CML-1.85-I20,CML-1.85,20,0.7173048710031037,0.9866821910117086,2.414946843980161,-0.9801138632118014,0.9607668644689193
Kuramoto-fast-I20,Kuramoto-fast,20,0.18844530068977156,0.3055404391177799,9.062629205514318,0.9997143429006472,0.998856254945944
Kuramoto-slow-I20,Kuramoto-slow,20,0.9791087799220897,0.0559628031639197,1.0098027613516734,0.9999999997263777,0.9999999989077011
Gaussian-noise-I20,Gaussian-noise,20,0.028514294822915676,0.9658994267620188,15.826622213760027,0.025052292771740217,0.02305677522520939
Cauchy-noise-I20,Cauchy-noise,20,0.006611666584428816,0.16693748968614508,3.5246332650418277,-0.0012002494175841734,-0.0004905238326832759
Wave-I20,Wave,20,0.5190118234840564,0.5538705336868002,2.829949405997548,0.9747017407386942,0.9016162676890228
VAR-legacy-0.95-0.4-I21,VAR-legacy-0.95-0.4,21,0.05643558925495135,0.9486867402273671,15.343701043505362,0.566418343922425,0.3440787504455589
VAR-legacy-0.2-0.4-I21,VAR-legacy-0.2-0.4,21,0.028968331652554757,0.9546890252080487,15.831781513203392,0.20417701789727888,0.061798572957183176
VAR-legacy-0.2-0.8-I21,VAR-legacy-0.2-0.8,21,0.02636202664936799,0.956077522872556,15.858933179710828,0.11363414042688239,0.03511538883875483
CML-1.85-I21,CML-1.85,21,0.47542735698907185,0.9933393972496055,4.77504542321798,-0.9480961599665325,0.9055667538510572
Kuramoto-fast-I21,Kuramoto-fast,21,0.22361574192863615,0.1729746536641833,8.178219418589899,0.9997451164917752,0.9989800926556103
Kuramoto-slow-I21,Kuramoto-slow,21,0.9975358768756405,0.08637837411126144,1.002436469876011,0.9999999998920515,0.9999999995690682
Gaussian-noise-I21,Gaussian-noise,21,0.025079162187451556,0.9398476455374186,15.8736338272031,0.008982754365689034,0.006069555947248841
Cauchy-noise-I21,Cauchy-noise,21,0.008296043728425222,0.1057071986359792,2.0813347297549876,0.0026528087796847373,0.0025201726244541037
Wave-I21,Wave,21,0.3842522645544759,0.42051071657908135,3.8506258544427636,0.9360363832901981,0.7568621457792939
VAR-legacy-0.95-0.4-I22,VAR-legacy-0.95-0.4,22,0.052705506082734464,0.9521890085008807,15.336338649640872,0.579623465769141,0.34517430362120194
VAR-legacy-0.2-0.4-I22,VAR-legacy-0.2-0.4,22,0.02868841917343116,0.9652909245618382,15.840459006078108,0.22040169351824632,0.058880735442119705
VAR-legacy-0.2-0.8-I22,VAR-legacy-0.2-0.8,22,0.02621771951868028,0.9626294420498481,15.869450637007011,0.13089742314366082,0.03131022115388373
CML-1.85-I22,CML-1.85,22,0.9886782916679892,0.9998224892169113,1.0906798405268145,-0.989312258231541,0.9787034021052645
Kuramoto-fast-I22,Kuramoto-fast,22,0.19554219068483308,0.9539448242400185,8.340983522364121,0.9997153989415812,0.9988606982490128
Kuramoto-slow-I22,Kuramoto-slow,22,0.9792777004927162,0.022394134662083218,1.0071350508133843,0.9999999998691038,0.9999999994774637
Gaussian-noise-I22,Gaussian-noise,22,0.025668194272024086,0.9625658840959299,15.866108179790947,-0.02159371527853209,0.002941945294011957
Cauchy-noise-I22,Cauchy-noise,22,0.0093070263300293,0.09273667389900192,4.108293795024368,-0.002054495842729392,-0.0008830111973179061
Wave-I22,Wave,22,0.7543641928953747,0.393608771022219,1.4105569652028533,0.9874789604430918,0.9512106023561175
VAR-legacy-0.95-0.4-I23,VAR-legacy-0.95-0.4,23,0.05162470562901245,0.9236467269685122,15.35657962705874,0.5649280553463125,0.3356707747071893
VAR-legacy-0.2-0.4-I23,VAR-legacy-0.2-0.4,23,0.02765333866443258,0.960379361466575,15.828688668985931,0.20770957305917498,0.051686615283951236
VAR-legacy-0.2-0.8-I23,VAR-legacy-0.2-0.8,23,0.026164448500247513,0.9663923069499608,15.853658699607495,0.11731207395231318,0.022663936455360037
CML-1.85-I23,CML-1.85,23,0.5216063909800678,0.9890195825904675,3.6335263340875104,-0.9546811154625133,0.9203056666257006
Kuramoto-fast-I23,Kuramoto-fast,23,0.17277370062646105,0.504115192247682,8.17391385237977,0.9997559369411962,0.999024117872871
Kuramoto-slow-I23,Kuramoto-slow,23,0.9966508951874248,0.0024114558976371238,1.0052493009196701,0.9999999999353215,0.9999999997418041
Gaussian-noise-I23,Gaussian-noise,23,0.026724938019595378,0.9684128989176136,15.858384040393833,-0.006895239031159985,-0.014084766515022974
Cauchy-noise-I23,Cauchy-noise,23,0.00577186853691708,0.022800851826454967,1.1591753340187407,-0.00020596309184457213,-0.001186364969845239
Wave-I23,Wave,23,0.45042933700925647,0.6201978847975504,3.604005085875791,0.9543825073705783,0.8232974468862351
