method,n,BA,low,high,chance
mean,32,0.59375,0.46875,0.71875,0.5
distribution,32,0.46875,0.3125,0.625,0.5
z,32,1.0,1.0,1.0,0.5
z_validity,32,0.4375,0.28125,0.625,0.5
b,32,0.5,0.5,0.5,0.5
pearson_two,32,0.5,0.5,0.5,0.5
z_complete,32,1.0,1.0,1.0,0.5
z_standard,32,0.9375,0.84375,1.0,0.5
mean_complete,32,0.59375,0.46875,0.71875,0.5
z_shuffled_complete,32,0.53125,0.4375,0.625,0.5
mean_full,32,0.625,0.53125,0.75,0.5
mean_RBF,32,0.625,0.5,0.75,0.5
mean_trees,32,0.71875,0.59375,0.84375,0.5
b_full,32,0.5,0.5,0.5,0.5
b_RBF,32,0.53125,0.40625,0.65625,0.5
b_trees,32,0.5,0.5,0.5,0.5
pearson_two_full,32,0.5,0.5,0.5,0.5
pearson_two_RBF,32,0.5,0.5,0.5,0.5
pearson_two_trees,32,0.5,0.5,0.5,0.5
