path,class,instance,p_step,max_lag,ed_xd,ed_dtw,dtw_xd
/Users/wedi0306/Code/mts-spi-study-cluster/data/cases/dtw-euclidean-260924/data/pstep-0.0_maxlag-0/M20_T1000_I0,pstep-0.0_maxlag-0,0,0.0,0,1.0,0.999368998104275,0.9993689981042746
/Users/wedi0306/Code/mts-spi-study-cluster/data/cases/dtw-euclidean-260924/data/pstep-0.0_maxlag-0/M20_T1000_I1,pstep-0.0_maxlag-0,1,0.0,0,1.0,0.9994199343847173,0.9994199343847173
/Users/wedi0306/Code/mts-spi-study-cluster/data/cases/dtw-euclidean-260924/data/pstep-0.0_maxlag-0/M20_T1000_I10,pstep-0.0_maxlag-0,10,0.0,0,1.0,0.9992366647069382,0.9992366647069382
/Users/wedi0306/Code/mts-spi-study-cluster/data/cases/dtw-euclidean-260924/data/pstep-0.0_maxlag-0/M20_T1000_I11,pstep-0.0_maxlag-0,11,0.0,0,0.9999999999999999,0.9994132764351057,0.9994132764351054
/Users/wedi0306/Code/mts-spi-study-cluster/data/cases/dtw-euclidean-260924/data/pstep-0.0_maxlag-0/M20_T1000_I12,pstep-0.0_maxlag-0,12,0.0,0,0.9999999999999999,0.9994050378403054,0.9994050378403054
/Users/wedi0306/Code/mts-spi-study-cluster/data/cases/dtw-euclidean-260924/data/pstep-0.0_maxlag-0/M20_T1000_I13,pstep-0.0_maxlag-0,13,0.0,0,1.0,0.9991382602549922,0.9991382602549921
/Users/wedi0306/Code/mts-spi-study-cluster/data/cases/dtw-euclidean-260924/data/pstep-0.0_maxlag-0/M20_T1000_I14,pstep-0.0_maxlag-0,14,0.0,0,0.9999999999999999,0.9996457385013703,0.9996457385013707
/Users/wedi0306/Code/mts-spi-study-cluster/data/cases/dtw-euclidean-260924/data/pstep-0.0_maxlag-0/M20_T1000_I15,pstep-0.0_maxlag-0,15,0.0,0,1.0,0.9994788830291259,0.9994788830291259
/Users/wedi0306/Code/mts-spi-study-cluster/data/cases/dtw-euclidean-260924/data/pstep-0.0_maxlag-0/M20_T1000_I16,pstep-0.0_maxlag-0,16,0.0,0,1.0,0.9991022773923602,0.99910227739236
/Users/wedi0306/Code/mts-spi-study-cluster/data/cases/dtw-euclidean-260924/data/pstep-0.0_maxlag-0/M20_T1000_I17,pstep-0.0_maxlag-0,17,0.0,0,0.9999999999999998,0.9993915888465924,0.9993915888465921
/Users/wedi0306/Code/mts-spi-study-cluster/data/cases/dtw-euclidean-260924/data/pstep-0.0_maxlag-0/M20_T1000_I18,pstep-0.0_maxlag-0,18,0.0,0,1.0,0.9988958144970331,0.9988958144970332
/Users/wedi0306/Code/mts-spi-study-cluster/data/cases/dtw-euclidean-260924/data/pstep-0.0_maxlag-0/M20_T1000_I19,pstep-0.0_maxlag-0,19,0.0,0,1.0,0.9995093447006607,0.9995093447006613
/Users/wedi0306/Code/mts-spi-study-cluster/data/cases/dtw-euclidean-260924/data/pstep-0.0_maxlag-0/M20_T1000_I2,pstep-0.0_maxlag-0,2,0.0,0,1.0,0.9995431978408184,0.9995431978408182
/Users/wedi0306/Code/mts-spi-study-cluster/data/cases/dtw-euclidean-260924/data/pstep-0.0_maxlag-0/M20_T1000_I20,pstep-0.0_maxlag-0,20,0.0,0,1.0,0.9992170772011054,0.9992170772011054
/Users/wedi0306/Code/mts-spi-study-cluster/data/cases/dtw-euclidean-260924/data/pstep-0.0_maxlag-0/M20_T1000_I21,pstep-0.0_maxlag-0,21,0.0,0,1.0,0.9992902078006543,0.9992902078006541
/Users/wedi0306/Code/mts-spi-study-cluster/data/cases/dtw-euclidean-260924/data/pstep-0.0_maxlag-0/M20_T1000_I22,pstep-0.0_maxlag-0,22,0.0,0,0.9999999999999998,0.9994824646479631,0.9994824646479634
/Users/wedi0306/Code/mts-spi-study-cluster/data/cases/dtw-euclidean-260924/data/pstep-0.0_maxlag-0/M20_T1000_I23,pstep-0.0_maxlag-0,23,0.0,0,0.9999999999999999,0.9994307674160496,0.9994307674160499
/Users/wedi0306/Code/mts-spi-study-cluster/data/cases/dtw-euclidean-260924/data/pstep-0.0_maxlag-0/M20_T1000_I24,pstep-0.0_maxlag-0,24,0.0,0,0.9999999999999999,0.9988488985743735,0.9988488985743735
/Users/wedi0306/Code/mts-spi-study-cluster/data/cases/dtw-euclidean-260924/data/pstep-0.0_maxlag-0/M20_T1000_I25,pstep-0.0_maxlag-0,25,0.0,0,0.9999999999999998,0.9987767551435315,0.9987767551435316
/Users/wedi0306/Code/mts-spi-study-cluster/data/cases/dtw-euclidean-260924/data/pstep-0.0_maxlag-0/M20_T1000_I26,pstep-0.0_maxlag-0,26,0.0,0,1.0,0.9987739765902417,0.9987739765902419
/Users/wedi0306/Code/mts-spi-study-cluster/data/cases/dtw-euclidean-260924/data/pstep-0.0_maxlag-0/M20_T1000_I27,pstep-0.0_maxlag-0,27,0.0,0,1.0,0.9995433925554259,0.999543392555426
/Users/wedi0306/Code/mts-spi-study-cluster/data/cases/dtw-euclidean-260924/data/pstep-0.0_maxlag-0/M20_T1000_I28,pstep-0.0_maxlag-0,28,0.0,0,1.0,0.9994819566400694,0.9994819566400698
/Users/wedi0306/Code/mts-spi-study-cluster/data/cases/dtw-euclidean-260924/data/pstep-0.0_maxlag-0/M20_T1000_I29,pstep-0.0_maxlag-0,29,0.0,0,1.0,0.9994559315408831,0.9994559315408832
/Users/wedi0306/Code/mts-spi-study-cluster/data/cases/dtw-euclidean-260924/data/pstep-0.0_maxlag-0/M20_T1000_I3,pstep-0.0_maxlag-0,3,0.0,0,1.0,0.9994372598975284,0.9994372598975282
/Users/wedi0306/Code/mts-spi-study-cluster/data/cases/dtw-euclidean-260924/data/pstep-0.0_maxlag-0/M20_T1000_I30,pstep-0.0_maxlag-0,30,0.0,0,0.9999999999999999,0.9995483252276506,0.999548325227651
/Users/wedi0306/Code/mts-spi-study-cluster/data/cases/dtw-euclidean-260924/data/pstep-0.0_maxlag-0/M20_T1000_I31,pstep-0.0_maxlag-0,31,0.0,0,1.0,0.9991559601048781,0.999155960104878
/Users/wedi0306/Code/mts-spi-study-cluster/data/cases/dtw-euclidean-260924/data/pstep-0.0_maxlag-0/M20_T1000_I32,pstep-0.0_maxlag-0,32,0.0,0,1.0,0.9989726977000173,0.9989726977000174
/Users/wedi0306/Code/mts-spi-study-cluster/data/cases/dtw-euclidean-260924/data/pstep-0.0_maxlag-0/M20_T1000_I33,pstep-0.0_maxlag-0,33,0.0,0,0.9999999999999999,0.9995048171844765,0.9995048171844768
/Users/wedi0306/Code/mts-spi-study-cluster/data/cases/dtw-euclidean-260924/data/pstep-0.0_maxlag-0/M20_T1000_I34,pstep-0.0_maxlag-0,34,0.0,0,1.0,0.9994596093343129,0.9994596093343128
/Users/wedi0306/Code/mts-spi-study-cluster/data/cases/dtw-euclidean-260924/data/pstep-0.0_maxlag-0/M20_T1000_I35,pstep-0.0_maxlag-0,35,0.0,0,1.0,0.9992723899308942,0.9992723899308942
/Users/wedi0306/Code/mts-spi-study-cluster/data/cases/dtw-euclidean-260924/data/pstep-0.0_maxlag-0/M20_T1000_I36,pstep-0.0_maxlag-0,36,0.0,0,0.9999999999999998,0.9991991311599825,0.9991991311599824
/Users/wedi0306/Code/mts-spi-study-cluster/data/cases/dtw-euclidean-260924/data/pstep-0.0_maxlag-0/M20_T1000_I37,pstep-0.0_maxlag-0,37,0.0,0,1.0,0.999030243178775,0.9990302431787749
/Users/wedi0306/Code/mts-spi-study-cluster/data/cases/dtw-euclidean-260924/data/pstep-0.0_maxlag-0/M20_T1000_I38,pstep-0.0_maxlag-0,38,0.0,0,1.0,0.9993397695620138,0.9993397695620138
/Users/wedi0306/Code/mts-spi-study-cluster/data/cases/dtw-euclidean-260924/data/pstep-0.0_maxlag-0/M20_T1000_I39,pstep-0.0_maxlag-0,39,0.0,0,1.0,0.9991695221417699,0.99916952214177
/Users/wedi0306/Code/mts-spi-study-cluster/data/cases/dtw-euclidean-260924/data/pstep-0.0_maxlag-0/M20_T1000_I4,pstep-0.0_maxlag-0,4,0.0,0,0.9999999999999999,0.9994408594474631,0.9994408594474634
/Users/wedi0306/Code/mts-spi-study-cluster/data/cases/dtw-euclidean-260924/data/pstep-0.0_maxlag-0/M20_T1000_I40,pstep-0.0_maxlag-0,40,0.0,0,1.0,0.9990544388793056,0.9990544388793058
/Users/wedi0306/Code/mts-spi-study-cluster/data/cases/dtw-euclidean-260924/data/pstep-0.0_maxlag-0/M20_T1000_I41,pstep-0.0_maxlag-0,41,0.0,0,0.9999999999999999,0.9993476669061799,0.9993476669061798
/Users/wedi0306/Code/mts-spi-study-cluster/data/cases/dtw-euclidean-260924/data/pstep-0.0_maxlag-0/M20_T1000_I42,pstep-0.0_maxlag-0,42,0.0,0,1.0,0.9994021800095892,0.9994021800095895
/Users/wedi0306/Code/mts-spi-study-cluster/data/cases/dtw-euclidean-260924/data/pstep-0.0_maxlag-0/M20_T1000_I43,pstep-0.0_maxlag-0,43,0.0,0,0.9999999999999999,0.999287640418787,0.9992876404187868
/Users/wedi0306/Code/mts-spi-study-cluster/data/cases/dtw-euclidean-260924/data/pstep-0.0_maxlag-0/M20_T1000_I44,pstep-0.0_maxlag-0,44,0.0,0,0.9999999999999999,0.9992788224210694,0.9992788224210692
/Users/wedi0306/Code/mts-spi-study-cluster/data/cases/dtw-euclidean-260924/data/pstep-0.0_maxlag-0/M20_T1000_I45,pstep-0.0_maxlag-0,45,0.0,0,0.9999999999999997,0.9995427927142823,0.9995427927142821
/Users/wedi0306/Code/mts-spi-study-cluster/data/cases/dtw-euclidean-260924/data/pstep-0.0_maxlag-0/M20_T1000_I46,pstep-0.0_maxlag-0,46,0.0,0,1.0,0.9981920255643798,0.9981920255643805
/Users/wedi0306/Code/mts-spi-study-cluster/data/cases/dtw-euclidean-260924/data/pstep-0.0_maxlag-0/M20_T1000_I47,pstep-0.0_maxlag-0,47,0.0,0,1.0,0.9996021640206706,0.9996021640206704
/Users/wedi0306/Code/mts-spi-study-cluster/data/cases/dtw-euclidean-260924/data/pstep-0.0_maxlag-0/M20_T1000_I48,pstep-0.0_maxlag-0,48,0.0,0,1.0,0.9992688169982414,0.9992688169982415
/Users/wedi0306/Code/mts-spi-study-cluster/data/cases/dtw-euclidean-260924/data/pstep-0.0_maxlag-0/M20_T1000_I49,pstep-0.0_maxlag-0,49,0.0,0,1.0,0.9991898048507328,0.9991898048507327
/Users/wedi0306/Code/mts-spi-study-cluster/data/cases/dtw-euclidean-260924/data/pstep-0.0_maxlag-0/M20_T1000_I5,pstep-0.0_maxlag-0,5,0.0,0,0.9999999999999999,0.9991229097356976,0.9991229097356975
/Users/wedi0306/Code/mts-spi-study-cluster/data/cases/dtw-euclidean-260924/data/pstep-0.0_maxlag-0/M20_T1000_I6,pstep-0.0_maxlag-0,6,0.0,0,1.0,0.9996894906816218,0.9996894906816216
/Users/wedi0306/Code/mts-spi-study-cluster/data/cases/dtw-euclidean-260924/data/pstep-0.0_maxlag-0/M20_T1000_I7,pstep-0.0_maxlag-0,7,0.0,0,1.0,0.9995147440887748,0.9995147440887746
/Users/wedi0306/Code/mts-spi-study-cluster/data/cases/dtw-euclidean-260924/data/pstep-0.0_maxlag-0/M20_T1000_I8,pstep-0.0_maxlag-0,8,0.0,0,1.0,0.998732800756194,0.9987328007561943
/Users/wedi0306/Code/mts-spi-study-cluster/data/cases/dtw-euclidean-260924/data/pstep-0.0_maxlag-0/M20_T1000_I9,pstep-0.0_maxlag-0,9,0.0,0,0.9999999999999998,0.9989861813028781,0.9989861813028784
/Users/wedi0306/Code/mts-spi-study-cluster/data/cases/dtw-euclidean-260924/data/pstep-0.0_maxlag-5/M20_T1000_I0,pstep-0.0_maxlag-5,0,0.0,5,0.17794061025488808,0.17956489579533463,0.9986445410884235
/Users/wedi0306/Code/mts-spi-study-cluster/data/cases/dtw-euclidean-260924/data/pstep-0.0_maxlag-5/M20_T1000_I1,pstep-0.0_maxlag-5,1,0.0,5,0.14128005798623652,0.12156453180243282,0.9940883327917712
/Users/wedi0306/Code/mts-spi-study-cluster/data/cases/dtw-euclidean-260924/data/pstep-0.0_maxlag-5/M20_T1000_I10,pstep-0.0_maxlag-5,10,0.0,5,0.065200773369437,0.07086008393283282,0.9990463742324645
/Users/wedi0306/Code/mts-spi-study-cluster/data/cases/dtw-euclidean-260924/data/pstep-0.0_maxlag-5/M20_T1000_I11,pstep-0.0_maxlag-5,11,0.0,5,0.24465049561630398,0.25978493984466,0.9990328901442407
/Users/wedi0306/Code/mts-spi-study-cluster/data/cases/dtw-euclidean-260924/data/pstep-0.0_maxlag-5/M20_T1000_I12,pstep-0.0_maxlag-5,12,0.0,5,0.17805052621961295,0.19144417090927396,0.9986274776775468
/Users/wedi0306/Code/mts-spi-study-cluster/data/cases/dtw-euclidean-260924/data/pstep-0.0_maxlag-5/M20_T1000_I13,pstep-0.0_maxlag-5,13,0.0,5,0.10383805367379198,0.06427625296629973,0.9928899109323143
/Users/wedi0306/Code/mts-spi-study-cluster/data/cases/dtw-euclidean-260924/data/pstep-0.0_maxlag-5/M20_T1000_I14,pstep-0.0_maxlag-5,14,0.0,5,0.17720734428772825,0.13934945382645975,0.9876282875068091
/Users/wedi0306/Code/mts-spi-study-cluster/data/cases/dtw-euclidean-260924/data/pstep-0.0_maxlag-5/M20_T1000_I15,pstep-0.0_maxlag-5,15,0.0,5,0.11285334417120489,0.08586508905860017,0.9959009242238395
/Users/wedi0306/Code/mts-spi-study-cluster/data/cases/dtw-euclidean-260924/data/pstep-0.0_maxlag-5/M20_T1000_I16,pstep-0.0_maxlag-5,16,0.0,5,0.21929070246470278,0.21315518244379447,0.9930233530352643
/Users/wedi0306/Code/mts-spi-study-cluster/data/cases/dtw-euclidean-260924/data/pstep-0.0_maxlag-5/M20_T1000_I17,pstep-0.0_maxlag-5,17,0.0,5,0.17919896098115654,0.17284474870893893,0.998644561931389
/Users/wedi0306/Code/mts-spi-study-cluster/data/cases/dtw-euclidean-260924/data/pstep-0.0_maxlag-5/M20_T1000_I18,pstep-0.0_maxlag-5,18,0.0,5,0.22291664888830381,0.22471161151912308,0.998271026149244
/Users/wedi0306/Code/mts-spi-study-cluster/data/cases/dtw-euclidean-260924/data/pstep-0.0_maxlag-5/M20_T1000_I19,pstep-0.0_maxlag-5,19,0.0,5,0.14548100562026836,0.12645476426805285,0.9969933641859692
/Users/wedi0306/Code/mts-spi-study-cluster/data/cases/dtw-euclidean-260924/data/pstep-0.0_maxlag-5/M20_T1000_I2,pstep-0.0_maxlag-5,2,0.0,5,0.1863734362347977,0.18546217950885885,0.9980436494284292
/Users/wedi0306/Code/mts-spi-study-cluster/data/cases/dtw-euclidean-260924/data/pstep-0.0_maxlag-5/M20_T1000_I20,pstep-0.0_maxlag-5,20,0.0,5,0.09675507049838773,0.06337618589383402,0.9932966814842852
/Users/wedi0306/Code/mts-spi-study-cluster/data/cases/dtw-euclidean-260924/data/pstep-0.0_maxlag-5/M20_T1000_I21,pstep-0.0_maxlag-5,21,0.0,5,0.10388684161540475,0.09822747430514117,0.9986824709819981
/Users/wedi0306/Code/mts-spi-study-cluster/data/cases/dtw-euclidean-260924/data/pstep-0.0_maxlag-5/M20_T1000_I22,pstep-0.0_maxlag-5,22,0.0,5,0.04607351659162667,0.03179014161784769,0.9983739612970958
/Users/wedi0306/Code/mts-spi-study-cluster/data/cases/dtw-euclidean-260924/data/pstep-0.0_maxlag-5/M20_T1000_I23,pstep-0.0_maxlag-5,23,0.0,5,0.2471226288874192,0.2346843162636932,0.9973336135950726
/Users/wedi0306/Code/mts-spi-study-cluster/data/cases/dtw-euclidean-260924/data/pstep-0.0_maxlag-5/M20_T1000_I24,pstep-0.0_maxlag-5,24,0.0,5,0.1944220908675368,0.15601893854791862,0.9851073292322028
/Users/wedi0306/Code/mts-spi-study-cluster/data/cases/dtw-euclidean-260924/data/pstep-0.0_maxlag-5/M20_T1000_I25,pstep-0.0_maxlag-5,25,0.0,5,0.38756900289131646,0.3822850976065114,0.9978540672035827
/Users/wedi0306/Code/mts-spi-study-cluster/data/cases/dtw-euclidean-260924/data/pstep-0.0_maxlag-5/M20_T1000_I26,pstep-0.0_maxlag-5,26,0.0,5,0.27584409899546697,0.27540153793749006,0.9977923206166076
/Users/wedi0306/Code/mts-spi-study-cluster/data/cases/dtw-euclidean-260924/data/pstep-0.0_maxlag-5/M20_T1000_I27,pstep-0.0_maxlag-5,27,0.0,5,0.08200207013633798,0.0731971128284086,0.9989908927116212
/Users/wedi0306/Code/mts-spi-study-cluster/data/cases/dtw-euclidean-260924/data/pstep-0.0_maxlag-5/M20_T1000_I28,pstep-0.0_maxlag-5,28,0.0,5,0.16605266488127,0.16083334911713268,0.9985350702640619
/Users/wedi0306/Code/mts-spi-study-cluster/data/cases/dtw-euclidean-260924/data/pstep-0.0_maxlag-5/M20_T1000_I29,pstep-0.0_maxlag-5,29,0.0,5,0.14832790373361043,0.1575551364165464,0.997207281142843
/Users/wedi0306/Code/mts-spi-study-cluster/data/cases/dtw-euclidean-260924/data/pstep-0.0_maxlag-5/M20_T1000_I3,pstep-0.0_maxlag-5,3,0.0,5,0.26477285773949943,0.18663968490965283,0.956274926470383
/Users/wedi0306/Code/mts-spi-study-cluster/data/cases/dtw-euclidean-260924/data/pstep-0.0_maxlag-5/M20_T1000_I30,pstep-0.0_maxlag-5,30,0.0,5,-0.024816962773005675,-0.03727717737537337,0.9974791401063132
/Users/wedi0306/Code/mts-spi-study-cluster/data/cases/dtw-euclidean-260924/data/pstep-0.0_maxlag-5/M20_T1000_I31,pstep-0.0_maxlag-5,31,0.0,5,0.24116142224816076,0.24037021515261517,0.9982695177469822
/Users/wedi0306/Code/mts-spi-study-cluster/data/cases/dtw-euclidean-260924/data/pstep-0.0_maxlag-5/M20_T1000_I32,pstep-0.0_maxlag-5,32,0.0,5,0.340377260581296,0.3064131217316432,0.9698846986813895
/Users/wedi0306/Code/mts-spi-study-cluster/data/cases/dtw-euclidean-260924/data/pstep-0.0_maxlag-5/M20_T1000_I33,pstep-0.0_maxlag-5,33,0.0,5,0.3242471056484353,0.3090675053796788,0.9858161393675656
/Users/wedi0306/Code/mts-spi-study-cluster/data/cases/dtw-euclidean-260924/data/pstep-0.0_maxlag-5/M20_T1000_I34,pstep-0.0_maxlag-5,34,0.0,5,0.21311949360763421,0.1908419254655358,0.9963851073011021
/Users/wedi0306/Code/mts-spi-study-cluster/data/cases/dtw-euclidean-260924/data/pstep-0.0_maxlag-5/M20_T1000_I35,pstep-0.0_maxlag-5,35,0.0,5,0.01725286315234327,0.009361910944396729,0.998508228390382
/Users/wedi0306/Code/mts-spi-study-cluster/data/cases/dtw-euclidean-260924/data/pstep-0.0_maxlag-5/M20_T1000_I36,pstep-0.0_maxlag-5,36,0.0,5,0.12215684522948048,0.10796285396649002,0.997433124015302
/Users/wedi0306/Code/mts-spi-study-cluster/data/cases/dtw-euclidean-260924/data/pstep-0.0_maxlag-5/M20_T1000_I37,pstep-0.0_maxlag-5,37,0.0,5,0.1057105776982221,0.09587330299750207,0.999054239310693
/Users/wedi0306/Code/mts-spi-study-cluster/data/cases/dtw-euclidean-260924/data/pstep-0.0_maxlag-5/M20_T1000_I38,pstep-0.0_maxlag-5,38,0.0,5,0.0036802449171118015,-0.01825346794779104,0.9978351989610985
/Users/wedi0306/Code/mts-spi-study-cluster/data/cases/dtw-euclidean-260924/data/pstep-0.0_maxlag-5/M20_T1000_I39,pstep-0.0_maxlag-5,39,0.0,5,0.0949336418141245,0.09719550107864143,0.9992466437960128
/Users/wedi0306/Code/mts-spi-study-cluster/data/cases/dtw-euclidean-260924/data/pstep-0.0_maxlag-5/M20_T1000_I4,pstep-0.0_maxlag-5,4,0.0,5,0.2256405530378364,0.20744851904322686,0.9973335836555304
/Users/wedi0306/Code/mts-spi-study-cluster/data/cases/dtw-euclidean-260924/data/pstep-0.0_maxlag-5/M20_T1000_I40,pstep-0.0_maxlag-5,40,0.0,5,0.0528860754924028,0.055002019543316336,0.9988814019748486
/Users/wedi0306/Code/mts-spi-study-cluster/data/cases/dtw-euclidean-260924/data/pstep-0.0_maxlag-5/M20_T1000_I41,pstep-0.0_maxlag-5,41,0.0,5,0.2443991033665898,0.2302909809430085,0.9972747152186324
/Users/wedi0306/Code/mts-spi-study-cluster/data/cases/dtw-euclidean-260924/data/pstep-0.0_maxlag-5/M20_T1000_I42,pstep-0.0_maxlag-5,42,0.0,5,0.0984225947365433,0.07796408313239771,0.9962915201296527
/Users/wedi0306/Code/mts-spi-study-cluster/data/cases/dtw-euclidean-260924/data/pstep-0.0_maxlag-5/M20_T1000_I43,pstep-0.0_maxlag-5,43,0.0,5,0.053379213378886806,0.04591961605336057,0.9983172307288781
/Users/wedi0306/Code/mts-spi-study-cluster/data/cases/dtw-euclidean-260924/data/pstep-0.0_maxlag-5/M20_T1000_I44,pstep-0.0_maxlag-5,44,0.0,5,0.01752104243249779,-0.006097789395956169,0.9962364638054321
/Users/wedi0306/Code/mts-spi-study-cluster/data/cases/dtw-euclidean-260924/data/pstep-0.0_maxlag-5/M20_T1000_I45,pstep-0.0_maxlag-5,45,0.0,5,0.12240905287556779,0.12511090216365187,0.9984555080653956
/Users/wedi0306/Code/mts-spi-study-cluster/data/cases/dtw-euclidean-260924/data/pstep-0.0_maxlag-5/M20_T1000_I46,pstep-0.0_maxlag-5,46,0.0,5,0.1328791003185744,0.11046955132599941,0.9966625764672672
/Users/wedi0306/Code/mts-spi-study-cluster/data/cases/dtw-euclidean-260924/data/pstep-0.0_maxlag-5/M20_T1000_I47,pstep-0.0_maxlag-5,47,0.0,5,0.09409300906197426,0.11196296333499885,0.9973040894159628
/Users/wedi0306/Code/mts-spi-study-cluster/data/cases/dtw-euclidean-260924/data/pstep-0.0_maxlag-5/M20_T1000_I48,pstep-0.0_maxlag-5,48,0.0,5,0.1758698140093398,0.13110036429392322,0.9922252667608891
/Users/wedi0306/Code/mts-spi-study-cluster/data/cases/dtw-euclidean-260924/data/pstep-0.0_maxlag-5/M20_T1000_I49,pstep-0.0_maxlag-5,49,0.0,5,0.14048362675738127,0.11593173292713556,0.9965796155092955
/Users/wedi0306/Code/mts-spi-study-cluster/data/cases/dtw-euclidean-260924/data/pstep-0.0_maxlag-5/M20_T1000_I5,pstep-0.0_maxlag-5,5,0.0,5,0.23034780318293724,0.22040710930327845,0.9973626008391097
/Users/wedi0306/Code/mts-spi-study-cluster/data/cases/dtw-euclidean-260924/data/pstep-0.0_maxlag-5/M20_T1000_I6,pstep-0.0_maxlag-5,6,0.0,5,0.39913070799924993,0.39462099075610246,0.9920247840635996
/Users/wedi0306/Code/mts-spi-study-cluster/data/cases/dtw-euclidean-260924/data/pstep-0.0_maxlag-5/M20_T1000_I7,pstep-0.0_maxlag-5,7,0.0,5,0.04346055079971751,0.04125475666689699,0.9991840658214728
/Users/wedi0306/Code/mts-spi-study-cluster/data/cases/dtw-euclidean-260924/data/pstep-0.0_maxlag-5/M20_T1000_I8,pstep-0.0_maxlag-5,8,0.0,5,0.17018810749692662,0.15123327868253486,0.9978073809164869
/Users/wedi0306/Code/mts-spi-study-cluster/data/cases/dtw-euclidean-260924/data/pstep-0.0_maxlag-5/M20_T1000_I9,pstep-0.0_maxlag-5,9,0.0,5,0.20578842315466186,0.1543152620483398,0.9875181764187053
/Users/wedi0306/Code/mts-spi-study-cluster/data/cases/dtw-euclidean-260924/data/pstep-0.1_maxlag-5/M20_T1000_I0,pstep-0.1_maxlag-5,0,0.1,5,0.1846021663117544,0.2229547689022738,0.553349287563457
/Users/wedi0306/Code/mts-spi-study-cluster/data/cases/dtw-euclidean-260924/data/pstep-0.1_maxlag-5/M20_T1000_I1,pstep-0.1_maxlag-5,1,0.1,5,-0.07996977111278503,0.16144010611812032,0.722714409458424
/Users/wedi0306/Code/mts-spi-study-cluster/data/cases/dtw-euclidean-260924/data/pstep-0.1_maxlag-5/M20_T1000_I10,pstep-0.1_maxlag-5,10,0.1,5,-0.05318963276673503,-0.03640388755129804,0.6416225885903633
/Users/wedi0306/Code/mts-spi-study-cluster/data/cases/dtw-euclidean-260924/data/pstep-0.1_maxlag-5/M20_T1000_I11,pstep-0.1_maxlag-5,11,0.1,5,-0.02062209011144673,0.01621831702986163,0.6211757161010236
/Users/wedi0306/Code/mts-spi-study-cluster/data/cases/dtw-euclidean-260924/data/pstep-0.1_maxlag-5/M20_T1000_I12,pstep-0.1_maxlag-5,12,0.1,5,0.37133739645683705,0.5323255296889808,0.5565577158153802
/Users/wedi0306/Code/mts-spi-study-cluster/data/cases/dtw-euclidean-260924/data/pstep-0.1_maxlag-5/M20_T1000_I13,pstep-0.1_maxlag-5,13,0.1,5,0.10518631136346052,0.12876755247269855,0.5308623619836479
/Users/wedi0306/Code/mts-spi-study-cluster/data/cases/dtw-euclidean-260924/data/pstep-0.1_maxlag-5/M20_T1000_I14,pstep-0.1_maxlag-5,14,0.1,5,0.14976638831637806,0.13729999536758267,0.5128576437978684
/Users/wedi0306/Code/mts-spi-study-cluster/data/cases/dtw-euclidean-260924/data/pstep-0.1_maxlag-5/M20_T1000_I15,pstep-0.1_maxlag-5,15,0.1,5,0.2515648567698903,0.24043994134049396,0.4923674127742958
/Users/wedi0306/Code/mts-spi-study-cluster/data/cases/dtw-euclidean-260924/data/pstep-0.1_maxlag-5/M20_T1000_I16,pstep-0.1_maxlag-5,16,0.1,5,0.011269649368240103,0.03802703043116378,0.5766134526292154
/Users/wedi0306/Code/mts-spi-study-cluster/data/cases/dtw-euclidean-260924/data/pstep-0.1_maxlag-5/M20_T1000_I17,pstep-0.1_maxlag-5,17,0.1,5,0.009475418937933706,0.06756414951206675,0.6505306554133095
/Users/wedi0306/Code/mts-spi-study-cluster/data/cases/dtw-euclidean-260924/data/pstep-0.1_maxlag-5/M20_T1000_I18,pstep-0.1_maxlag-5,18,0.1,5,-0.0011886114057971038,0.09808439897055081,0.6632741423893196
/Users/wedi0306/Code/mts-spi-study-cluster/data/cases/dtw-euclidean-260924/data/pstep-0.1_maxlag-5/M20_T1000_I19,pstep-0.1_maxlag-5,19,0.1,5,0.06656384638486605,0.03369357572022342,0.5264874872949612
/Users/wedi0306/Code/mts-spi-study-cluster/data/cases/dtw-euclidean-260924/data/pstep-0.1_maxlag-5/M20_T1000_I2,pstep-0.1_maxlag-5,2,0.1,5,-0.05338587121294039,0.0599699195562985,0.6364519724491517
/Users/wedi0306/Code/mts-spi-study-cluster/data/cases/dtw-euclidean-260924/data/pstep-0.1_maxlag-5/M20_T1000_I20,pstep-0.1_maxlag-5,20,0.1,5,0.1964595097505665,0.3226108791173728,0.7537195078501158
/Users/wedi0306/Code/mts-spi-study-cluster/data/cases/dtw-euclidean-260924/data/pstep-0.1_maxlag-5/M20_T1000_I21,pstep-0.1_maxlag-5,21,0.1,5,0.08464870474512032,0.1148505656448672,0.6605185922545085
/Users/wedi0306/Code/mts-spi-study-cluster/data/cases/dtw-euclidean-260924/data/pstep-0.1_maxlag-5/M20_T1000_I22,pstep-0.1_maxlag-5,22,0.1,5,0.10082812147459036,-0.015496966431680116,0.6083064999130305
/Users/wedi0306/Code/mts-spi-study-cluster/data/cases/dtw-euclidean-260924/data/pstep-0.1_maxlag-5/M20_T1000_I23,pstep-0.1_maxlag-5,23,0.1,5,0.19804034487431948,0.2136747917485148,0.6308188309427117
/Users/wedi0306/Code/mts-spi-study-cluster/data/cases/dtw-euclidean-260924/data/pstep-0.1_maxlag-5/M20_T1000_I24,pstep-0.1_maxlag-5,24,0.1,5,-0.06535429667298484,-0.10167271272979524,0.5517617611081608
/Users/wedi0306/Code/mts-spi-study-cluster/data/cases/dtw-euclidean-260924/data/pstep-0.1_maxlag-5/M20_T1000_I25,pstep-0.1_maxlag-5,25,0.1,5,0.295231274560665,0.38648810048692667,0.6695281399192524
/Users/wedi0306/Code/mts-spi-study-cluster/data/cases/dtw-euclidean-260924/data/pstep-0.1_maxlag-5/M20_T1000_I26,pstep-0.1_maxlag-5,26,0.1,5,-0.011847025264063008,-0.0027175908654743677,0.5355673176334087
/Users/wedi0306/Code/mts-spi-study-cluster/data/cases/dtw-euclidean-260924/data/pstep-0.1_maxlag-5/M20_T1000_I27,pstep-0.1_maxlag-5,27,0.1,5,0.12233671193549692,0.2912138041544494,0.5270146179726242
/Users/wedi0306/Code/mts-spi-study-cluster/data/cases/dtw-euclidean-260924/data/pstep-0.1_maxlag-5/M20_T1000_I28,pstep-0.1_maxlag-5,28,0.1,5,0.3480428583273568,0.1647561595512469,0.5214817902947956
/Users/wedi0306/Code/mts-spi-study-cluster/data/cases/dtw-euclidean-260924/data/pstep-0.1_maxlag-5/M20_T1000_I29,pstep-0.1_maxlag-5,29,0.1,5,0.14287007613540603,0.21174247322242146,0.7554437188672855
/Users/wedi0306/Code/mts-spi-study-cluster/data/cases/dtw-euclidean-260924/data/pstep-0.1_maxlag-5/M20_T1000_I3,pstep-0.1_maxlag-5,3,0.1,5,0.03305489606776497,0.06563108469720806,0.711916314243566
/Users/wedi0306/Code/mts-spi-study-cluster/data/cases/dtw-euclidean-260924/data/pstep-0.1_maxlag-5/M20_T1000_I30,pstep-0.1_maxlag-5,30,0.1,5,0.10902752297501099,0.18671286145507804,0.546891049238991
/Users/wedi0306/Code/mts-spi-study-cluster/data/cases/dtw-euclidean-260924/data/pstep-0.1_maxlag-5/M20_T1000_I31,pstep-0.1_maxlag-5,31,0.1,5,0.17099565770136013,0.2574684181265896,0.6454257155780083
/Users/wedi0306/Code/mts-spi-study-cluster/data/cases/dtw-euclidean-260924/data/pstep-0.1_maxlag-5/M20_T1000_I32,pstep-0.1_maxlag-5,32,0.1,5,0.0838776166755249,0.16251901728994633,0.5317826034349056
/Users/wedi0306/Code/mts-spi-study-cluster/data/cases/dtw-euclidean-260924/data/pstep-0.1_maxlag-5/M20_T1000_I33,pstep-0.1_maxlag-5,33,0.1,5,0.18643502479834162,0.18282801571685212,0.5808063945030667
/Users/wedi0306/Code/mts-spi-study-cluster/data/cases/dtw-euclidean-260924/data/pstep-0.1_maxlag-5/M20_T1000_I34,pstep-0.1_maxlag-5,34,0.1,5,0.06788629288541136,0.15104964193555714,0.6496971620837376
/Users/wedi0306/Code/mts-spi-study-cluster/data/cases/dtw-euclidean-260924/data/pstep-0.1_maxlag-5/M20_T1000_I35,pstep-0.1_maxlag-5,35,0.1,5,-0.029938024499270723,0.058505762713677446,0.6898535392760747
/Users/wedi0306/Code/mts-spi-study-cluster/data/cases/dtw-euclidean-260924/data/pstep-0.1_maxlag-5/M20_T1000_I36,pstep-0.1_maxlag-5,36,0.1,5,0.05560107486164567,0.09747436313987405,0.46697171824525746
/Users/wedi0306/Code/mts-spi-study-cluster/data/cases/dtw-euclidean-260924/data/pstep-0.1_maxlag-5/M20_T1000_I37,pstep-0.1_maxlag-5,37,0.1,5,0.2405035002934838,0.10860840005993615,0.32329637012464496
/Users/wedi0306/Code/mts-spi-study-cluster/data/cases/dtw-euclidean-260924/data/pstep-0.1_maxlag-5/M20_T1000_I38,pstep-0.1_maxlag-5,38,0.1,5,0.0744508867910473,0.145969015931286,0.6516482603305354
/Users/wedi0306/Code/mts-spi-study-cluster/data/cases/dtw-euclidean-260924/data/pstep-0.1_maxlag-5/M20_T1000_I39,pstep-0.1_maxlag-5,39,0.1,5,0.03133425215566622,0.10698434614703234,0.4261603138193567
/Users/wedi0306/Code/mts-spi-study-cluster/data/cases/dtw-euclidean-260924/data/pstep-0.1_maxlag-5/M20_T1000_I4,pstep-0.1_maxlag-5,4,0.1,5,0.14348018191864087,0.3834291988351053,0.4789153682894702
/Users/wedi0306/Code/mts-spi-study-cluster/data/cases/dtw-euclidean-260924/data/pstep-0.1_maxlag-5/M20_T1000_I40,pstep-0.1_maxlag-5,40,0.1,5,0.14705378198468277,0.17207495361706396,0.6897237510044459
/Users/wedi0306/Code/mts-spi-study-cluster/data/cases/dtw-euclidean-260924/data/pstep-0.1_maxlag-5/M20_T1000_I41,pstep-0.1_maxlag-5,41,0.1,5,0.10408212551726839,0.08869097687853472,0.37518924849486146
/Users/wedi0306/Code/mts-spi-study-cluster/data/cases/dtw-euclidean-260924/data/pstep-0.1_maxlag-5/M20_T1000_I42,pstep-0.1_maxlag-5,42,0.1,5,0.0981618507526367,0.21962484092423887,0.6850015621408958
/Users/wedi0306/Code/mts-spi-study-cluster/data/cases/dtw-euclidean-260924/data/pstep-0.1_maxlag-5/M20_T1000_I43,pstep-0.1_maxlag-5,43,0.1,5,0.016169065520590928,0.06104643236283173,0.6134141995893095
/Users/wedi0306/Code/mts-spi-study-cluster/data/cases/dtw-euclidean-260924/data/pstep-0.1_maxlag-5/M20_T1000_I44,pstep-0.1_maxlag-5,44,0.1,5,0.15144286100191176,0.22955994057038223,0.7793401638938499
/Users/wedi0306/Code/mts-spi-study-cluster/data/cases/dtw-euclidean-260924/data/pstep-0.1_maxlag-5/M20_T1000_I45,pstep-0.1_maxlag-5,45,0.1,5,0.008965882827477546,0.07558042553979447,0.6431531180429627
/Users/wedi0306/Code/mts-spi-study-cluster/data/cases/dtw-euclidean-260924/data/pstep-0.1_maxlag-5/M20_T1000_I46,pstep-0.1_maxlag-5,46,0.1,5,0.055459246327763,0.13782839198030944,0.5128994932562095
/Users/wedi0306/Code/mts-spi-study-cluster/data/cases/dtw-euclidean-260924/data/pstep-0.1_maxlag-5/M20_T1000_I47,pstep-0.1_maxlag-5,47,0.1,5,0.09634267402885884,0.0011304468458218464,0.6279510750906386
/Users/wedi0306/Code/mts-spi-study-cluster/data/cases/dtw-euclidean-260924/data/pstep-0.1_maxlag-5/M20_T1000_I48,pstep-0.1_maxlag-5,48,0.1,5,0.07546551123891439,0.15357401452771724,0.5616825729699738
/Users/wedi0306/Code/mts-spi-study-cluster/data/cases/dtw-euclidean-260924/data/pstep-0.1_maxlag-5/M20_T1000_I49,pstep-0.1_maxlag-5,49,0.1,5,0.12479887967447244,0.020938741888035545,0.3291716485707986
/Users/wedi0306/Code/mts-spi-study-cluster/data/cases/dtw-euclidean-260924/data/pstep-0.1_maxlag-5/M20_T1000_I5,pstep-0.1_maxlag-5,5,0.1,5,-0.01971108365479114,0.21292664290465615,0.5472062320500568
/Users/wedi0306/Code/mts-spi-study-cluster/data/cases/dtw-euclidean-260924/data/pstep-0.1_maxlag-5/M20_T1000_I6,pstep-0.1_maxlag-5,6,0.1,5,0.3360505723134936,0.35896496490128343,0.6746063989524521
/Users/wedi0306/Code/mts-spi-study-cluster/data/cases/dtw-euclidean-260924/data/pstep-0.1_maxlag-5/M20_T1000_I7,pstep-0.1_maxlag-5,7,0.1,5,0.27619044570137696,0.31409748839096274,0.7218939914871346
/Users/wedi0306/Code/mts-spi-study-cluster/data/cases/dtw-euclidean-260924/data/pstep-0.1_maxlag-5/M20_T1000_I8,pstep-0.1_maxlag-5,8,0.1,5,-0.008276818790519115,0.20869057044404798,0.544646359601487
/Users/wedi0306/Code/mts-spi-study-cluster/data/cases/dtw-euclidean-260924/data/pstep-0.1_maxlag-5/M20_T1000_I9,pstep-0.1_maxlag-5,9,0.1,5,0.19027161894856848,0.100862885912291,0.5108561203016618
/Users/wedi0306/Code/mts-spi-study-cluster/data/cases/dtw-euclidean-260924/data/pstep-0.3_maxlag-5/M20_T1000_I0,pstep-0.3_maxlag-5,0,0.3,5,0.3066434842755105,0.15365959789443145,0.5593652772943322
/Users/wedi0306/Code/mts-spi-study-cluster/data/cases/dtw-euclidean-260924/data/pstep-0.3_maxlag-5/M20_T1000_I1,pstep-0.3_maxlag-5,1,0.3,5,0.25322677856957343,0.069847673068334,0.4689824342751265
/Users/wedi0306/Code/mts-spi-study-cluster/data/cases/dtw-euclidean-260924/data/pstep-0.3_maxlag-5/M20_T1000_I10,pstep-0.3_maxlag-5,10,0.3,5,-0.025284921621721603,-0.029539283574641192,0.4191321545399213
/Users/wedi0306/Code/mts-spi-study-cluster/data/cases/dtw-euclidean-260924/data/pstep-0.3_maxlag-5/M20_T1000_I11,pstep-0.3_maxlag-5,11,0.3,5,0.32380059705731357,0.49284030333780715,0.6294033930766484
/Users/wedi0306/Code/mts-spi-study-cluster/data/cases/dtw-euclidean-260924/data/pstep-0.3_maxlag-5/M20_T1000_I12,pstep-0.3_maxlag-5,12,0.3,5,0.12029190298208907,0.10827722541218898,0.5884882147197719
/Users/wedi0306/Code/mts-spi-study-cluster/data/cases/dtw-euclidean-260924/data/pstep-0.3_maxlag-5/M20_T1000_I13,pstep-0.3_maxlag-5,13,0.3,5,0.1477870570868162,0.14531141761651342,0.3597304134655401
/Users/wedi0306/Code/mts-spi-study-cluster/data/cases/dtw-euclidean-260924/data/pstep-0.3_maxlag-5/M20_T1000_I14,pstep-0.3_maxlag-5,14,0.3,5,0.29556596768399107,0.22656421473006835,0.5357977944654846
/Users/wedi0306/Code/mts-spi-study-cluster/data/cases/dtw-euclidean-260924/data/pstep-0.3_maxlag-5/M20_T1000_I15,pstep-0.3_maxlag-5,15,0.3,5,0.2927894651479682,0.22122776151075962,0.6019965388187379
/Users/wedi0306/Code/mts-spi-study-cluster/data/cases/dtw-euclidean-260924/data/pstep-0.3_maxlag-5/M20_T1000_I16,pstep-0.3_maxlag-5,16,0.3,5,0.12168913663429803,0.05323287330976816,0.6864346635197895
/Users/wedi0306/Code/mts-spi-study-cluster/data/cases/dtw-euclidean-260924/data/pstep-0.3_maxlag-5/M20_T1000_I17,pstep-0.3_maxlag-5,17,0.3,5,0.1880634533610828,0.26124815735541,0.5679244048643446
/Users/wedi0306/Code/mts-spi-study-cluster/data/cases/dtw-euclidean-260924/data/pstep-0.3_maxlag-5/M20_T1000_I18,pstep-0.3_maxlag-5,18,0.3,5,0.018448556665318284,0.021189776887962388,0.557517959436091
/Users/wedi0306/Code/mts-spi-study-cluster/data/cases/dtw-euclidean-260924/data/pstep-0.3_maxlag-5/M20_T1000_I19,pstep-0.3_maxlag-5,19,0.3,5,0.19909584853321388,0.31954174664232454,0.5485094901708856
/Users/wedi0306/Code/mts-spi-study-cluster/data/cases/dtw-euclidean-260924/data/pstep-0.3_maxlag-5/M20_T1000_I2,pstep-0.3_maxlag-5,2,0.3,5,0.059296550397775045,0.2164062084361051,0.5367597105769986
/Users/wedi0306/Code/mts-spi-study-cluster/data/cases/dtw-euclidean-260924/data/pstep-0.3_maxlag-5/M20_T1000_I20,pstep-0.3_maxlag-5,20,0.3,5,0.15867648828539996,0.3542943025229998,0.5856170294795302
/Users/wedi0306/Code/mts-spi-study-cluster/data/cases/dtw-euclidean-260924/data/pstep-0.3_maxlag-5/M20_T1000_I21,pstep-0.3_maxlag-5,21,0.3,5,0.055753215313097834,0.1587474671355857,0.5455501459841813
/Users/wedi0306/Code/mts-spi-study-cluster/data/cases/dtw-euclidean-260924/data/pstep-0.3_maxlag-5/M20_T1000_I22,pstep-0.3_maxlag-5,22,0.3,5,0.2779582677658148,0.2006297546960814,0.5642747304858249
/Users/wedi0306/Code/mts-spi-study-cluster/data/cases/dtw-euclidean-260924/data/pstep-0.3_maxlag-5/M20_T1000_I23,pstep-0.3_maxlag-5,23,0.3,5,0.07586419315612922,0.09498258111094843,0.4480772775402913
/Users/wedi0306/Code/mts-spi-study-cluster/data/cases/dtw-euclidean-260924/data/pstep-0.3_maxlag-5/M20_T1000_I24,pstep-0.3_maxlag-5,24,0.3,5,0.10778803242916384,0.24112515637025167,0.6286921509624565
/Users/wedi0306/Code/mts-spi-study-cluster/data/cases/dtw-euclidean-260924/data/pstep-0.3_maxlag-5/M20_T1000_I25,pstep-0.3_maxlag-5,25,0.3,5,0.30069903208703697,0.2987047938850441,0.6844010839112757
/Users/wedi0306/Code/mts-spi-study-cluster/data/cases/dtw-euclidean-260924/data/pstep-0.3_maxlag-5/M20_T1000_I26,pstep-0.3_maxlag-5,26,0.3,5,0.27375778494995606,0.1261859039530254,0.49128137561495766
/Users/wedi0306/Code/mts-spi-study-cluster/data/cases/dtw-euclidean-260924/data/pstep-0.3_maxlag-5/M20_T1000_I27,pstep-0.3_maxlag-5,27,0.3,5,0.017727141558784736,0.11036101954482021,0.5122066938504107
/Users/wedi0306/Code/mts-spi-study-cluster/data/cases/dtw-euclidean-260924/data/pstep-0.3_maxlag-5/M20_T1000_I28,pstep-0.3_maxlag-5,28,0.3,5,0.017930908564039942,0.21908408504636095,0.5645072243635818
/Users/wedi0306/Code/mts-spi-study-cluster/data/cases/dtw-euclidean-260924/data/pstep-0.3_maxlag-5/M20_T1000_I29,pstep-0.3_maxlag-5,29,0.3,5,0.12037636784621501,0.16085092327864886,0.6105926423762115
/Users/wedi0306/Code/mts-spi-study-cluster/data/cases/dtw-euclidean-260924/data/pstep-0.3_maxlag-5/M20_T1000_I3,pstep-0.3_maxlag-5,3,0.3,5,0.02374306539703716,0.08483421654303383,0.5648231886734396
/Users/wedi0306/Code/mts-spi-study-cluster/data/cases/dtw-euclidean-260924/data/pstep-0.3_maxlag-5/M20_T1000_I30,pstep-0.3_maxlag-5,30,0.3,5,0.14911746247458077,0.14435200739515647,0.5751463285194176
/Users/wedi0306/Code/mts-spi-study-cluster/data/cases/dtw-euclidean-260924/data/pstep-0.3_maxlag-5/M20_T1000_I31,pstep-0.3_maxlag-5,31,0.3,5,0.0016644316490673381,0.06211825362972097,0.4855098610417838
/Users/wedi0306/Code/mts-spi-study-cluster/data/cases/dtw-euclidean-260924/data/pstep-0.3_maxlag-5/M20_T1000_I32,pstep-0.3_maxlag-5,32,0.3,5,0.11470638534370273,0.13892402093915535,0.37000735362660614
/Users/wedi0306/Code/mts-spi-study-cluster/data/cases/dtw-euclidean-260924/data/pstep-0.3_maxlag-5/M20_T1000_I33,pstep-0.3_maxlag-5,33,0.3,5,-0.029141871619898785,0.034623208929395,0.5030484932276671
/Users/wedi0306/Code/mts-spi-study-cluster/data/cases/dtw-euclidean-260924/data/pstep-0.3_maxlag-5/M20_T1000_I34,pstep-0.3_maxlag-5,34,0.3,5,0.14493371681854814,0.22246994278242957,0.6008583378995885
/Users/wedi0306/Code/mts-spi-study-cluster/data/cases/dtw-euclidean-260924/data/pstep-0.3_maxlag-5/M20_T1000_I35,pstep-0.3_maxlag-5,35,0.3,5,0.15413092812909318,0.14032485972496883,0.5027814250670768
/Users/wedi0306/Code/mts-spi-study-cluster/data/cases/dtw-euclidean-260924/data/pstep-0.3_maxlag-5/M20_T1000_I36,pstep-0.3_maxlag-5,36,0.3,5,0.15573290361945363,0.13969335663676402,0.6556198589226246
/Users/wedi0306/Code/mts-spi-study-cluster/data/cases/dtw-euclidean-260924/data/pstep-0.3_maxlag-5/M20_T1000_I37,pstep-0.3_maxlag-5,37,0.3,5,0.2270360842279731,0.2022043740734183,0.4897048942662002
/Users/wedi0306/Code/mts-spi-study-cluster/data/cases/dtw-euclidean-260924/data/pstep-0.3_maxlag-5/M20_T1000_I38,pstep-0.3_maxlag-5,38,0.3,5,0.42044427929772216,0.3137719423037158,0.5655527154426211
/Users/wedi0306/Code/mts-spi-study-cluster/data/cases/dtw-euclidean-260924/data/pstep-0.3_maxlag-5/M20_T1000_I39,pstep-0.3_maxlag-5,39,0.3,5,0.28043375927571806,0.2408675587424613,0.5168178468484539
/Users/wedi0306/Code/mts-spi-study-cluster/data/cases/dtw-euclidean-260924/data/pstep-0.3_maxlag-5/M20_T1000_I4,pstep-0.3_maxlag-5,4,0.3,5,0.11892128847049166,0.18111784074320664,0.5525812005645826
/Users/wedi0306/Code/mts-spi-study-cluster/data/cases/dtw-euclidean-260924/data/pstep-0.3_maxlag-5/M20_T1000_I40,pstep-0.3_maxlag-5,40,0.3,5,0.3021205690861349,0.2620822998112068,0.6439442719382176
/Users/wedi0306/Code/mts-spi-study-cluster/data/cases/dtw-euclidean-260924/data/pstep-0.3_maxlag-5/M20_T1000_I41,pstep-0.3_maxlag-5,41,0.3,5,0.18475002020715373,-0.014732006590844084,0.4762580983871759
/Users/wedi0306/Code/mts-spi-study-cluster/data/cases/dtw-euclidean-260924/data/pstep-0.3_maxlag-5/M20_T1000_I42,pstep-0.3_maxlag-5,42,0.3,5,0.05581735991676412,0.007142508165865413,0.43686570836794025
/Users/wedi0306/Code/mts-spi-study-cluster/data/cases/dtw-euclidean-260924/data/pstep-0.3_maxlag-5/M20_T1000_I43,pstep-0.3_maxlag-5,43,0.3,5,0.14643037555153465,0.1782863251950145,0.5550669829512659
/Users/wedi0306/Code/mts-spi-study-cluster/data/cases/dtw-euclidean-260924/data/pstep-0.3_maxlag-5/M20_T1000_I44,pstep-0.3_maxlag-5,44,0.3,5,0.1839359611804439,0.2151165814889935,0.5499842915487247
/Users/wedi0306/Code/mts-spi-study-cluster/data/cases/dtw-euclidean-260924/data/pstep-0.3_maxlag-5/M20_T1000_I45,pstep-0.3_maxlag-5,45,0.3,5,0.3249130392266884,0.27480375338201024,0.6245243517146972
/Users/wedi0306/Code/mts-spi-study-cluster/data/cases/dtw-euclidean-260924/data/pstep-0.3_maxlag-5/M20_T1000_I46,pstep-0.3_maxlag-5,46,0.3,5,0.1162500576766205,0.20347827187150086,0.5372022895937397
/Users/wedi0306/Code/mts-spi-study-cluster/data/cases/dtw-euclidean-260924/data/pstep-0.3_maxlag-5/M20_T1000_I47,pstep-0.3_maxlag-5,47,0.3,5,0.06751081456526753,0.05329595077254457,0.5332271016239292
/Users/wedi0306/Code/mts-spi-study-cluster/data/cases/dtw-euclidean-260924/data/pstep-0.3_maxlag-5/M20_T1000_I48,pstep-0.3_maxlag-5,48,0.3,5,0.18104630250168818,0.2857524249458299,0.48895175892193515
/Users/wedi0306/Code/mts-spi-study-cluster/data/cases/dtw-euclidean-260924/data/pstep-0.3_maxlag-5/M20_T1000_I49,pstep-0.3_maxlag-5,49,0.3,5,0.21750540085411066,0.2122902258294131,0.5958050922433608
/Users/wedi0306/Code/mts-spi-study-cluster/data/cases/dtw-euclidean-260924/data/pstep-0.3_maxlag-5/M20_T1000_I5,pstep-0.3_maxlag-5,5,0.3,5,0.034056312825922225,0.09646810080276658,0.5802923920369915
/Users/wedi0306/Code/mts-spi-study-cluster/data/cases/dtw-euclidean-260924/data/pstep-0.3_maxlag-5/M20_T1000_I6,pstep-0.3_maxlag-5,6,0.3,5,0.022438411934250887,0.10903104114785607,0.5697408287404088
/Users/wedi0306/Code/mts-spi-study-cluster/data/cases/dtw-euclidean-260924/data/pstep-0.3_maxlag-5/M20_T1000_I7,pstep-0.3_maxlag-5,7,0.3,5,0.2549561648802027,0.1982612256164686,0.5122695227960862
/Users/wedi0306/Code/mts-spi-study-cluster/data/cases/dtw-euclidean-260924/data/pstep-0.3_maxlag-5/M20_T1000_I8,pstep-0.3_maxlag-5,8,0.3,5,0.06167429669148849,0.11191315292914461,0.5271892117264931
/Users/wedi0306/Code/mts-spi-study-cluster/data/cases/dtw-euclidean-260924/data/pstep-0.3_maxlag-5/M20_T1000_I9,pstep-0.3_maxlag-5,9,0.3,5,0.19851362730257383,0.11465916723604137,0.5015113575585695
/Users/wedi0306/Code/mts-spi-study-cluster/data/cases/dtw-euclidean-260924/data/pstep-0.5_maxlag-5/M20_T1000_I0,pstep-0.5_maxlag-5,0,0.5,5,0.168578787845581,0.18658265109489913,0.6392966379734497
/Users/wedi0306/Code/mts-spi-study-cluster/data/cases/dtw-euclidean-260924/data/pstep-0.5_maxlag-5/M20_T1000_I1,pstep-0.5_maxlag-5,1,0.5,5,0.18089506731685914,0.11594733413544207,0.420689026870735
/Users/wedi0306/Code/mts-spi-study-cluster/data/cases/dtw-euclidean-260924/data/pstep-0.5_maxlag-5/M20_T1000_I10,pstep-0.5_maxlag-5,10,0.5,5,0.1594866025010489,0.150838897833068,0.5232893913682631
/Users/wedi0306/Code/mts-spi-study-cluster/data/cases/dtw-euclidean-260924/data/pstep-0.5_maxlag-5/M20_T1000_I11,pstep-0.5_maxlag-5,11,0.5,5,0.30924960793814926,0.12767237069531442,0.43955790029887487
/Users/wedi0306/Code/mts-spi-study-cluster/data/cases/dtw-euclidean-260924/data/pstep-0.5_maxlag-5/M20_T1000_I12,pstep-0.5_maxlag-5,12,0.5,5,0.18411553743569672,0.21078059964376542,0.6169334635523562
/Users/wedi0306/Code/mts-spi-study-cluster/data/cases/dtw-euclidean-260924/data/pstep-0.5_maxlag-5/M20_T1000_I13,pstep-0.5_maxlag-5,13,0.5,5,0.22250505122971154,0.1751946688824899,0.5342521870589529
/Users/wedi0306/Code/mts-spi-study-cluster/data/cases/dtw-euclidean-260924/data/pstep-0.5_maxlag-5/M20_T1000_I14,pstep-0.5_maxlag-5,14,0.5,5,0.161830278012381,0.15774301865358686,0.6107658680859517
/Users/wedi0306/Code/mts-spi-study-cluster/data/cases/dtw-euclidean-260924/data/pstep-0.5_maxlag-5/M20_T1000_I15,pstep-0.5_maxlag-5,15,0.5,5,0.26107630149625033,0.1382912842564916,0.6287437255693907
/Users/wedi0306/Code/mts-spi-study-cluster/data/cases/dtw-euclidean-260924/data/pstep-0.5_maxlag-5/M20_T1000_I16,pstep-0.5_maxlag-5,16,0.5,5,0.18320554268038394,0.04977061035054425,0.5383563624850319
/Users/wedi0306/Code/mts-spi-study-cluster/data/cases/dtw-euclidean-260924/data/pstep-0.5_maxlag-5/M20_T1000_I17,pstep-0.5_maxlag-5,17,0.5,5,0.418814569835382,0.32194715603379725,0.5956243183394397
/Users/wedi0306/Code/mts-spi-study-cluster/data/cases/dtw-euclidean-260924/data/pstep-0.5_maxlag-5/M20_T1000_I18,pstep-0.5_maxlag-5,18,0.5,5,0.17586349233135706,0.10392487219132368,0.5706642114538365
/Users/wedi0306/Code/mts-spi-study-cluster/data/cases/dtw-euclidean-260924/data/pstep-0.5_maxlag-5/M20_T1000_I19,pstep-0.5_maxlag-5,19,0.5,5,0.14510771288259677,0.14970985979409732,0.5333443122600735
/Users/wedi0306/Code/mts-spi-study-cluster/data/cases/dtw-euclidean-260924/data/pstep-0.5_maxlag-5/M20_T1000_I2,pstep-0.5_maxlag-5,2,0.5,5,0.17287722376546585,0.1571076443344007,0.4941001437433005
/Users/wedi0306/Code/mts-spi-study-cluster/data/cases/dtw-euclidean-260924/data/pstep-0.5_maxlag-5/M20_T1000_I20,pstep-0.5_maxlag-5,20,0.5,5,0.25054754867514956,0.11999385060638258,0.5310738691370191
/Users/wedi0306/Code/mts-spi-study-cluster/data/cases/dtw-euclidean-260924/data/pstep-0.5_maxlag-5/M20_T1000_I21,pstep-0.5_maxlag-5,21,0.5,5,0.09784907473221416,0.11155846504649146,0.3300534595413522
/Users/wedi0306/Code/mts-spi-study-cluster/data/cases/dtw-euclidean-260924/data/pstep-0.5_maxlag-5/M20_T1000_I22,pstep-0.5_maxlag-5,22,0.5,5,0.13138908333454993,0.0033424416294999698,0.552885551517455
/Users/wedi0306/Code/mts-spi-study-cluster/data/cases/dtw-euclidean-260924/data/pstep-0.5_maxlag-5/M20_T1000_I23,pstep-0.5_maxlag-5,23,0.5,5,0.11703340273146325,0.2905939871598765,0.4984021293070757
/Users/wedi0306/Code/mts-spi-study-cluster/data/cases/dtw-euclidean-260924/data/pstep-0.5_maxlag-5/M20_T1000_I24,pstep-0.5_maxlag-5,24,0.5,5,0.139456838550629,0.1377533057281144,0.615865686403952
/Users/wedi0306/Code/mts-spi-study-cluster/data/cases/dtw-euclidean-260924/data/pstep-0.5_maxlag-5/M20_T1000_I25,pstep-0.5_maxlag-5,25,0.5,5,0.317081206718162,0.28423579278157135,0.6031186621907186
/Users/wedi0306/Code/mts-spi-study-cluster/data/cases/dtw-euclidean-260924/data/pstep-0.5_maxlag-5/M20_T1000_I26,pstep-0.5_maxlag-5,26,0.5,5,0.23405425413695893,0.14107644495893323,0.4898015900048742
/Users/wedi0306/Code/mts-spi-study-cluster/data/cases/dtw-euclidean-260924/data/pstep-0.5_maxlag-5/M20_T1000_I27,pstep-0.5_maxlag-5,27,0.5,5,0.2690072198716747,0.2839226961748756,0.6416268396813677
/Users/wedi0306/Code/mts-spi-study-cluster/data/cases/dtw-euclidean-260924/data/pstep-0.5_maxlag-5/M20_T1000_I28,pstep-0.5_maxlag-5,28,0.5,5,0.3613684214933337,0.3180230435454191,0.5319421167046139
/Users/wedi0306/Code/mts-spi-study-cluster/data/cases/dtw-euclidean-260924/data/pstep-0.5_maxlag-5/M20_T1000_I29,pstep-0.5_maxlag-5,29,0.5,5,0.27015304526670714,0.29299201743334335,0.6179409314317262
/Users/wedi0306/Code/mts-spi-study-cluster/data/cases/dtw-euclidean-260924/data/pstep-0.5_maxlag-5/M20_T1000_I3,pstep-0.5_maxlag-5,3,0.5,5,0.04893112283068821,0.009463067196634886,0.667800632767328
/Users/wedi0306/Code/mts-spi-study-cluster/data/cases/dtw-euclidean-260924/data/pstep-0.5_maxlag-5/M20_T1000_I30,pstep-0.5_maxlag-5,30,0.5,5,0.09599085122225301,0.15504220561712603,0.6091165103562844
/Users/wedi0306/Code/mts-spi-study-cluster/data/cases/dtw-euclidean-260924/data/pstep-0.5_maxlag-5/M20_T1000_I31,pstep-0.5_maxlag-5,31,0.5,5,0.1454901286145623,0.1462634273078669,0.6791518783034673
/Users/wedi0306/Code/mts-spi-study-cluster/data/cases/dtw-euclidean-260924/data/pstep-0.5_maxlag-5/M20_T1000_I32,pstep-0.5_maxlag-5,32,0.5,5,0.34961220813724364,0.2915259547464061,0.5403342844070653
/Users/wedi0306/Code/mts-spi-study-cluster/data/cases/dtw-euclidean-260924/data/pstep-0.5_maxlag-5/M20_T1000_I33,pstep-0.5_maxlag-5,33,0.5,5,0.16897892413226687,0.06593991041367879,0.43789589642675275
/Users/wedi0306/Code/mts-spi-study-cluster/data/cases/dtw-euclidean-260924/data/pstep-0.5_maxlag-5/M20_T1000_I34,pstep-0.5_maxlag-5,34,0.5,5,0.15998838132607876,0.13741294076097288,0.5896984610822376
/Users/wedi0306/Code/mts-spi-study-cluster/data/cases/dtw-euclidean-260924/data/pstep-0.5_maxlag-5/M20_T1000_I35,pstep-0.5_maxlag-5,35,0.5,5,0.19591570664453117,0.1215816749110729,0.6400340343266449
/Users/wedi0306/Code/mts-spi-study-cluster/data/cases/dtw-euclidean-260924/data/pstep-0.5_maxlag-5/M20_T1000_I36,pstep-0.5_maxlag-5,36,0.5,5,0.17433745303841183,0.15272822579568027,0.5891061168559646
/Users/wedi0306/Code/mts-spi-study-cluster/data/cases/dtw-euclidean-260924/data/pstep-0.5_maxlag-5/M20_T1000_I37,pstep-0.5_maxlag-5,37,0.5,5,0.08281843484728521,0.03031425280129272,0.5758265059490253
/Users/wedi0306/Code/mts-spi-study-cluster/data/cases/dtw-euclidean-260924/data/pstep-0.5_maxlag-5/M20_T1000_I38,pstep-0.5_maxlag-5,38,0.5,5,0.024578403694894908,0.1181989252546216,0.6255014983861809
/Users/wedi0306/Code/mts-spi-study-cluster/data/cases/dtw-euclidean-260924/data/pstep-0.5_maxlag-5/M20_T1000_I39,pstep-0.5_maxlag-5,39,0.5,5,0.030292280109180284,0.007909123761711165,0.4952392502284118
/Users/wedi0306/Code/mts-spi-study-cluster/data/cases/dtw-euclidean-260924/data/pstep-0.5_maxlag-5/M20_T1000_I4,pstep-0.5_maxlag-5,4,0.5,5,0.15854989823344864,0.08806508072531306,0.4709740933054003
/Users/wedi0306/Code/mts-spi-study-cluster/data/cases/dtw-euclidean-260924/data/pstep-0.5_maxlag-5/M20_T1000_I40,pstep-0.5_maxlag-5,40,0.5,5,0.27253190007986405,0.31854539797404885,0.6052467412772728
/Users/wedi0306/Code/mts-spi-study-cluster/data/cases/dtw-euclidean-260924/data/pstep-0.5_maxlag-5/M20_T1000_I41,pstep-0.5_maxlag-5,41,0.5,5,0.21575935694542822,0.20179379388512886,0.47175952961877493
/Users/wedi0306/Code/mts-spi-study-cluster/data/cases/dtw-euclidean-260924/data/pstep-0.5_maxlag-5/M20_T1000_I42,pstep-0.5_maxlag-5,42,0.5,5,0.0321104766569922,0.04208397875157742,0.4519058682492923
/Users/wedi0306/Code/mts-spi-study-cluster/data/cases/dtw-euclidean-260924/data/pstep-0.5_maxlag-5/M20_T1000_I43,pstep-0.5_maxlag-5,43,0.5,5,0.0412831522831228,0.03873658567417524,0.5698001435802786
/Users/wedi0306/Code/mts-spi-study-cluster/data/cases/dtw-euclidean-260924/data/pstep-0.5_maxlag-5/M20_T1000_I44,pstep-0.5_maxlag-5,44,0.5,5,0.2518901067039761,0.19567052985430258,0.5377102335679609
/Users/wedi0306/Code/mts-spi-study-cluster/data/cases/dtw-euclidean-260924/data/pstep-0.5_maxlag-5/M20_T1000_I45,pstep-0.5_maxlag-5,45,0.5,5,0.14149512006960668,0.20268892000760896,0.49910246866702546
/Users/wedi0306/Code/mts-spi-study-cluster/data/cases/dtw-euclidean-260924/data/pstep-0.5_maxlag-5/M20_T1000_I46,pstep-0.5_maxlag-5,46,0.5,5,0.3641236858156426,0.20463562737944377,0.613636592707636
/Users/wedi0306/Code/mts-spi-study-cluster/data/cases/dtw-euclidean-260924/data/pstep-0.5_maxlag-5/M20_T1000_I47,pstep-0.5_maxlag-5,47,0.5,5,0.23332322986058188,0.19745559116263536,0.57572994285448
/Users/wedi0306/Code/mts-spi-study-cluster/data/cases/dtw-euclidean-260924/data/pstep-0.5_maxlag-5/M20_T1000_I48,pstep-0.5_maxlag-5,48,0.5,5,0.28310634500794507,0.28694058781779225,0.5732448049155944
/Users/wedi0306/Code/mts-spi-study-cluster/data/cases/dtw-euclidean-260924/data/pstep-0.5_maxlag-5/M20_T1000_I49,pstep-0.5_maxlag-5,49,0.5,5,0.2595373571579421,0.12417188912277995,0.5742135682364007
/Users/wedi0306/Code/mts-spi-study-cluster/data/cases/dtw-euclidean-260924/data/pstep-0.5_maxlag-5/M20_T1000_I5,pstep-0.5_maxlag-5,5,0.5,5,0.1970831014702286,0.15019820715392415,0.6172694268361515
/Users/wedi0306/Code/mts-spi-study-cluster/data/cases/dtw-euclidean-260924/data/pstep-0.5_maxlag-5/M20_T1000_I6,pstep-0.5_maxlag-5,6,0.5,5,0.0553416034275639,0.21489796401921485,0.47447793552311773
/Users/wedi0306/Code/mts-spi-study-cluster/data/cases/dtw-euclidean-260924/data/pstep-0.5_maxlag-5/M20_T1000_I7,pstep-0.5_maxlag-5,7,0.5,5,-0.09824793014235679,0.06927469185874778,0.5542410541000816
/Users/wedi0306/Code/mts-spi-study-cluster/data/cases/dtw-euclidean-260924/data/pstep-0.5_maxlag-5/M20_T1000_I8,pstep-0.5_maxlag-5,8,0.5,5,0.09480757730159851,0.08284157129130765,0.5643801870899338
/Users/wedi0306/Code/mts-spi-study-cluster/data/cases/dtw-euclidean-260924/data/pstep-0.5_maxlag-5/M20_T1000_I9,pstep-0.5_maxlag-5,9,0.5,5,0.2587418973093658,0.21688914297758036,0.42034801520847015
/Users/wedi0306/Code/mts-spi-study-cluster/data/cases/dtw-euclidean-260924/data/pstep-0.7_maxlag-5/M20_T1000_I0,pstep-0.7_maxlag-5,0,0.7,5,0.3205307381013984,0.20581908926767886,0.5945208894646206
/Users/wedi0306/Code/mts-spi-study-cluster/data/cases/dtw-euclidean-260924/data/pstep-0.7_maxlag-5/M20_T1000_I1,pstep-0.7_maxlag-5,1,0.7,5,0.18028253683790477,0.1537968746206614,0.6440674672742741
/Users/wedi0306/Code/mts-spi-study-cluster/data/cases/dtw-euclidean-260924/data/pstep-0.7_maxlag-5/M20_T1000_I10,pstep-0.7_maxlag-5,10,0.7,5,0.0558315917354954,0.09656945169091168,0.6049434155317398
/Users/wedi0306/Code/mts-spi-study-cluster/data/cases/dtw-euclidean-260924/data/pstep-0.7_maxlag-5/M20_T1000_I11,pstep-0.7_maxlag-5,11,0.7,5,0.17176981345054976,0.15435191802276474,0.5675968188964532
/Users/wedi0306/Code/mts-spi-study-cluster/data/cases/dtw-euclidean-260924/data/pstep-0.7_maxlag-5/M20_T1000_I12,pstep-0.7_maxlag-5,12,0.7,5,0.30484797388931295,0.13641993655807494,0.5653822020178356
/Users/wedi0306/Code/mts-spi-study-cluster/data/cases/dtw-euclidean-260924/data/pstep-0.7_maxlag-5/M20_T1000_I13,pstep-0.7_maxlag-5,13,0.7,5,0.15950538655758126,0.13178209280898354,0.560170006395818
/Users/wedi0306/Code/mts-spi-study-cluster/data/cases/dtw-euclidean-260924/data/pstep-0.7_maxlag-5/M20_T1000_I14,pstep-0.7_maxlag-5,14,0.7,5,0.21377356459923444,0.20578424294744868,0.6389248042874083
/Users/wedi0306/Code/mts-spi-study-cluster/data/cases/dtw-euclidean-260924/data/pstep-0.7_maxlag-5/M20_T1000_I15,pstep-0.7_maxlag-5,15,0.7,5,0.13615138633070695,0.2064519323346383,0.5099451072702085
/Users/wedi0306/Code/mts-spi-study-cluster/data/cases/dtw-euclidean-260924/data/pstep-0.7_maxlag-5/M20_T1000_I16,pstep-0.7_maxlag-5,16,0.7,5,0.14351615858068165,-0.050327076877495665,0.5940239037162129
/Users/wedi0306/Code/mts-spi-study-cluster/data/cases/dtw-euclidean-260924/data/pstep-0.7_maxlag-5/M20_T1000_I17,pstep-0.7_maxlag-5,17,0.7,5,0.14509466939553728,0.26437141653244234,0.5333028497767063
/Users/wedi0306/Code/mts-spi-study-cluster/data/cases/dtw-euclidean-260924/data/pstep-0.7_maxlag-5/M20_T1000_I18,pstep-0.7_maxlag-5,18,0.7,5,0.3100198479095046,0.3067772891056381,0.6582922326389838
/Users/wedi0306/Code/mts-spi-study-cluster/data/cases/dtw-euclidean-260924/data/pstep-0.7_maxlag-5/M20_T1000_I19,pstep-0.7_maxlag-5,19,0.7,5,0.1907002783461992,0.09306012515640939,0.3277044264442129
/Users/wedi0306/Code/mts-spi-study-cluster/data/cases/dtw-euclidean-260924/data/pstep-0.7_maxlag-5/M20_T1000_I2,pstep-0.7_maxlag-5,2,0.7,5,0.08954400694455078,0.09446174929970448,0.5451501274697338
/Users/wedi0306/Code/mts-spi-study-cluster/data/cases/dtw-euclidean-260924/data/pstep-0.7_maxlag-5/M20_T1000_I20,pstep-0.7_maxlag-5,20,0.7,5,0.10684040793794095,0.10889525395093577,0.4745384916566355
/Users/wedi0306/Code/mts-spi-study-cluster/data/cases/dtw-euclidean-260924/data/pstep-0.7_maxlag-5/M20_T1000_I21,pstep-0.7_maxlag-5,21,0.7,5,0.308709151557175,0.16012947436611627,0.5894336057337773
/Users/wedi0306/Code/mts-spi-study-cluster/data/cases/dtw-euclidean-260924/data/pstep-0.7_maxlag-5/M20_T1000_I22,pstep-0.7_maxlag-5,22,0.7,5,0.1753109279930592,0.12936562464042745,0.35337008187222896
/Users/wedi0306/Code/mts-spi-study-cluster/data/cases/dtw-euclidean-260924/data/pstep-0.7_maxlag-5/M20_T1000_I23,pstep-0.7_maxlag-5,23,0.7,5,0.17650619953760774,0.19726159287969014,0.4447974048298481
/Users/wedi0306/Code/mts-spi-study-cluster/data/cases/dtw-euclidean-260924/data/pstep-0.7_maxlag-5/M20_T1000_I24,pstep-0.7_maxlag-5,24,0.7,5,0.3498423810108638,0.1152043113415203,0.4387831045727142
/Users/wedi0306/Code/mts-spi-study-cluster/data/cases/dtw-euclidean-260924/data/pstep-0.7_maxlag-5/M20_T1000_I25,pstep-0.7_maxlag-5,25,0.7,5,0.04166827023981838,0.017757341767542168,0.3914853205251923
/Users/wedi0306/Code/mts-spi-study-cluster/data/cases/dtw-euclidean-260924/data/pstep-0.7_maxlag-5/M20_T1000_I26,pstep-0.7_maxlag-5,26,0.7,5,0.2719280677655132,0.20561754553304262,0.43171168918152614
/Users/wedi0306/Code/mts-spi-study-cluster/data/cases/dtw-euclidean-260924/data/pstep-0.7_maxlag-5/M20_T1000_I27,pstep-0.7_maxlag-5,27,0.7,5,0.1785843196307725,0.2260489093890161,0.4973784960902242
/Users/wedi0306/Code/mts-spi-study-cluster/data/cases/dtw-euclidean-260924/data/pstep-0.7_maxlag-5/M20_T1000_I28,pstep-0.7_maxlag-5,28,0.7,5,0.1750604005786394,0.10260265067235312,0.4799161325667464
/Users/wedi0306/Code/mts-spi-study-cluster/data/cases/dtw-euclidean-260924/data/pstep-0.7_maxlag-5/M20_T1000_I29,pstep-0.7_maxlag-5,29,0.7,5,0.19026236218048442,0.05284385429218714,0.5451134568335237
/Users/wedi0306/Code/mts-spi-study-cluster/data/cases/dtw-euclidean-260924/data/pstep-0.7_maxlag-5/M20_T1000_I3,pstep-0.7_maxlag-5,3,0.7,5,0.21173165471997007,0.10849711590111107,0.4973271641991849
/Users/wedi0306/Code/mts-spi-study-cluster/data/cases/dtw-euclidean-260924/data/pstep-0.7_maxlag-5/M20_T1000_I30,pstep-0.7_maxlag-5,30,0.7,5,0.06863581689125116,0.0683716636355781,0.544110746778748
/Users/wedi0306/Code/mts-spi-study-cluster/data/cases/dtw-euclidean-260924/data/pstep-0.7_maxlag-5/M20_T1000_I31,pstep-0.7_maxlag-5,31,0.7,5,0.05024812746684737,0.06642337206005688,0.4495008838772416
/Users/wedi0306/Code/mts-spi-study-cluster/data/cases/dtw-euclidean-260924/data/pstep-0.7_maxlag-5/M20_T1000_I32,pstep-0.7_maxlag-5,32,0.7,5,0.137279847853133,0.11976383844115988,0.48835673766520654
/Users/wedi0306/Code/mts-spi-study-cluster/data/cases/dtw-euclidean-260924/data/pstep-0.7_maxlag-5/M20_T1000_I33,pstep-0.7_maxlag-5,33,0.7,5,0.17316395641425125,0.1403650760792413,0.5586674632847902
/Users/wedi0306/Code/mts-spi-study-cluster/data/cases/dtw-euclidean-260924/data/pstep-0.7_maxlag-5/M20_T1000_I34,pstep-0.7_maxlag-5,34,0.7,5,0.23932055567396776,0.05864337163531864,0.45209711654964946
/Users/wedi0306/Code/mts-spi-study-cluster/data/cases/dtw-euclidean-260924/data/pstep-0.7_maxlag-5/M20_T1000_I35,pstep-0.7_maxlag-5,35,0.7,5,0.1411798709374714,0.04156787131694492,0.652339150737676
/Users/wedi0306/Code/mts-spi-study-cluster/data/cases/dtw-euclidean-260924/data/pstep-0.7_maxlag-5/M20_T1000_I36,pstep-0.7_maxlag-5,36,0.7,5,0.3979882563521877,0.26262141882370704,0.5709043287242729
/Users/wedi0306/Code/mts-spi-study-cluster/data/cases/dtw-euclidean-260924/data/pstep-0.7_maxlag-5/M20_T1000_I37,pstep-0.7_maxlag-5,37,0.7,5,0.07406942569036508,0.0821059111357323,0.525365309383819
/Users/wedi0306/Code/mts-spi-study-cluster/data/cases/dtw-euclidean-260924/data/pstep-0.7_maxlag-5/M20_T1000_I38,pstep-0.7_maxlag-5,38,0.7,5,-0.003575559369427798,-0.0552493071260093,0.470471459889334
/Users/wedi0306/Code/mts-spi-study-cluster/data/cases/dtw-euclidean-260924/data/pstep-0.7_maxlag-5/M20_T1000_I39,pstep-0.7_maxlag-5,39,0.7,5,0.07465109928084615,0.09943161400548471,0.49189130495779115
/Users/wedi0306/Code/mts-spi-study-cluster/data/cases/dtw-euclidean-260924/data/pstep-0.7_maxlag-5/M20_T1000_I4,pstep-0.7_maxlag-5,4,0.7,5,0.07050071844475807,0.14132784190919645,0.5718257590662581
/Users/wedi0306/Code/mts-spi-study-cluster/data/cases/dtw-euclidean-260924/data/pstep-0.7_maxlag-5/M20_T1000_I40,pstep-0.7_maxlag-5,40,0.7,5,0.14160130449290664,0.15701762631965868,0.4963458226984156
/Users/wedi0306/Code/mts-spi-study-cluster/data/cases/dtw-euclidean-260924/data/pstep-0.7_maxlag-5/M20_T1000_I41,pstep-0.7_maxlag-5,41,0.7,5,0.3352346146318812,0.19179641469508893,0.5763929332761709
/Users/wedi0306/Code/mts-spi-study-cluster/data/cases/dtw-euclidean-260924/data/pstep-0.7_maxlag-5/M20_T1000_I42,pstep-0.7_maxlag-5,42,0.7,5,0.07905709391198985,0.128355559054775,0.5787930890732322
/Users/wedi0306/Code/mts-spi-study-cluster/data/cases/dtw-euclidean-260924/data/pstep-0.7_maxlag-5/M20_T1000_I43,pstep-0.7_maxlag-5,43,0.7,5,0.2104401188992426,0.1731384862164509,0.4463078355766094
/Users/wedi0306/Code/mts-spi-study-cluster/data/cases/dtw-euclidean-260924/data/pstep-0.7_maxlag-5/M20_T1000_I44,pstep-0.7_maxlag-5,44,0.7,5,0.2532264488562987,0.23142628130046497,0.5323967316319222
/Users/wedi0306/Code/mts-spi-study-cluster/data/cases/dtw-euclidean-260924/data/pstep-0.7_maxlag-5/M20_T1000_I45,pstep-0.7_maxlag-5,45,0.7,5,0.1995001585092539,0.09648278235031853,0.608950734702276
/Users/wedi0306/Code/mts-spi-study-cluster/data/cases/dtw-euclidean-260924/data/pstep-0.7_maxlag-5/M20_T1000_I46,pstep-0.7_maxlag-5,46,0.7,5,0.22441566535243068,0.2684184609848377,0.6147963464919851
/Users/wedi0306/Code/mts-spi-study-cluster/data/cases/dtw-euclidean-260924/data/pstep-0.7_maxlag-5/M20_T1000_I47,pstep-0.7_maxlag-5,47,0.7,5,0.2791274337324161,0.1848138531402194,0.6779067912705077
/Users/wedi0306/Code/mts-spi-study-cluster/data/cases/dtw-euclidean-260924/data/pstep-0.7_maxlag-5/M20_T1000_I48,pstep-0.7_maxlag-5,48,0.7,5,0.058773201674442443,0.050616341128354225,0.6569701971830221
/Users/wedi0306/Code/mts-spi-study-cluster/data/cases/dtw-euclidean-260924/data/pstep-0.7_maxlag-5/M20_T1000_I49,pstep-0.7_maxlag-5,49,0.7,5,0.30387316817222093,0.053118677629697825,0.41730275401959366
/Users/wedi0306/Code/mts-spi-study-cluster/data/cases/dtw-euclidean-260924/data/pstep-0.7_maxlag-5/M20_T1000_I5,pstep-0.7_maxlag-5,5,0.7,5,0.2191724649184287,0.16204653116830295,0.5703400456841571
/Users/wedi0306/Code/mts-spi-study-cluster/data/cases/dtw-euclidean-260924/data/pstep-0.7_maxlag-5/M20_T1000_I6,pstep-0.7_maxlag-5,6,0.7,5,0.2120310187912008,0.05808806102806984,0.41847816236184154
/Users/wedi0306/Code/mts-spi-study-cluster/data/cases/dtw-euclidean-260924/data/pstep-0.7_maxlag-5/M20_T1000_I7,pstep-0.7_maxlag-5,7,0.7,5,0.23165393539935383,0.09799030761281056,0.5849453587507148
/Users/wedi0306/Code/mts-spi-study-cluster/data/cases/dtw-euclidean-260924/data/pstep-0.7_maxlag-5/M20_T1000_I8,pstep-0.7_maxlag-5,8,0.7,5,-0.005998362506912845,0.01961985334357798,0.4766195609763101
/Users/wedi0306/Code/mts-spi-study-cluster/data/cases/dtw-euclidean-260924/data/pstep-0.7_maxlag-5/M20_T1000_I9,pstep-0.7_maxlag-5,9,0.7,5,0.238476163610139,0.04457346525273109,0.4657335291640956
/Users/wedi0306/Code/mts-spi-study-cluster/data/cases/dtw-euclidean-260924/data/pstep-0.9_maxlag-5/M20_T1000_I0,pstep-0.9_maxlag-5,0,0.9,5,0.3497645977562039,0.18604086513749438,0.5687255452412046
/Users/wedi0306/Code/mts-spi-study-cluster/data/cases/dtw-euclidean-260924/data/pstep-0.9_maxlag-5/M20_T1000_I1,pstep-0.9_maxlag-5,1,0.9,5,0.26117343107211904,0.23134583854566734,0.4641609232324024
/Users/wedi0306/Code/mts-spi-study-cluster/data/cases/dtw-euclidean-260924/data/pstep-0.9_maxlag-5/M20_T1000_I10,pstep-0.9_maxlag-5,10,0.9,5,0.18598516962598932,0.05030056747924434,0.47718808776346283
/Users/wedi0306/Code/mts-spi-study-cluster/data/cases/dtw-euclidean-260924/data/pstep-0.9_maxlag-5/M20_T1000_I11,pstep-0.9_maxlag-5,11,0.9,5,0.16010578976482642,0.11674831255154486,0.42220494835581185
/Users/wedi0306/Code/mts-spi-study-cluster/data/cases/dtw-euclidean-260924/data/pstep-0.9_maxlag-5/M20_T1000_I12,pstep-0.9_maxlag-5,12,0.9,5,0.38178122134748593,0.17400017322260286,0.4089303044907907
/Users/wedi0306/Code/mts-spi-study-cluster/data/cases/dtw-euclidean-260924/data/pstep-0.9_maxlag-5/M20_T1000_I13,pstep-0.9_maxlag-5,13,0.9,5,0.20340954892425356,0.19438736574118964,0.5947708000398897
/Users/wedi0306/Code/mts-spi-study-cluster/data/cases/dtw-euclidean-260924/data/pstep-0.9_maxlag-5/M20_T1000_I14,pstep-0.9_maxlag-5,14,0.9,5,0.13180637424167294,-0.003645943753720887,0.5004377779257542
/Users/wedi0306/Code/mts-spi-study-cluster/data/cases/dtw-euclidean-260924/data/pstep-0.9_maxlag-5/M20_T1000_I15,pstep-0.9_maxlag-5,15,0.9,5,0.33549264976956006,0.3268824169683567,0.5395741187105073
/Users/wedi0306/Code/mts-spi-study-cluster/data/cases/dtw-euclidean-260924/data/pstep-0.9_maxlag-5/M20_T1000_I16,pstep-0.9_maxlag-5,16,0.9,5,0.36416307158558187,0.0851197944079764,0.4429598287876078
/Users/wedi0306/Code/mts-spi-study-cluster/data/cases/dtw-euclidean-260924/data/pstep-0.9_maxlag-5/M20_T1000_I17,pstep-0.9_maxlag-5,17,0.9,5,0.19102019167292322,0.20364217607889626,0.5512012048904551
/Users/wedi0306/Code/mts-spi-study-cluster/data/cases/dtw-euclidean-260924/data/pstep-0.9_maxlag-5/M20_T1000_I18,pstep-0.9_maxlag-5,18,0.9,5,0.17151255937936585,0.14186700891179282,0.46081702925571943
/Users/wedi0306/Code/mts-spi-study-cluster/data/cases/dtw-euclidean-260924/data/pstep-0.9_maxlag-5/M20_T1000_I19,pstep-0.9_maxlag-5,19,0.9,5,0.2961197541052763,0.1476890510570073,0.5461337261763038
/Users/wedi0306/Code/mts-spi-study-cluster/data/cases/dtw-euclidean-260924/data/pstep-0.9_maxlag-5/M20_T1000_I2,pstep-0.9_maxlag-5,2,0.9,5,0.3458232841145196,0.1835163241446207,0.487852547259415
/Users/wedi0306/Code/mts-spi-study-cluster/data/cases/dtw-euclidean-260924/data/pstep-0.9_maxlag-5/M20_T1000_I20,pstep-0.9_maxlag-5,20,0.9,5,0.31911953223102413,0.2703614655977747,0.6044116364922649
/Users/wedi0306/Code/mts-spi-study-cluster/data/cases/dtw-euclidean-260924/data/pstep-0.9_maxlag-5/M20_T1000_I21,pstep-0.9_maxlag-5,21,0.9,5,0.2697806582070892,0.17344634067399192,0.46564973135190424
/Users/wedi0306/Code/mts-spi-study-cluster/data/cases/dtw-euclidean-260924/data/pstep-0.9_maxlag-5/M20_T1000_I22,pstep-0.9_maxlag-5,22,0.9,5,0.029973552860373415,-0.013692771644756553,0.4326708955897952
/Users/wedi0306/Code/mts-spi-study-cluster/data/cases/dtw-euclidean-260924/data/pstep-0.9_maxlag-5/M20_T1000_I23,pstep-0.9_maxlag-5,23,0.9,5,0.2963083067242276,0.18001124352284392,0.43542429373902425
/Users/wedi0306/Code/mts-spi-study-cluster/data/cases/dtw-euclidean-260924/data/pstep-0.9_maxlag-5/M20_T1000_I24,pstep-0.9_maxlag-5,24,0.9,5,0.28425131809817095,0.1118053014425873,0.5797789351365601
/Users/wedi0306/Code/mts-spi-study-cluster/data/cases/dtw-euclidean-260924/data/pstep-0.9_maxlag-5/M20_T1000_I25,pstep-0.9_maxlag-5,25,0.9,5,0.29566559567426376,0.19576837940440836,0.4782917268354016
/Users/wedi0306/Code/mts-spi-study-cluster/data/cases/dtw-euclidean-260924/data/pstep-0.9_maxlag-5/M20_T1000_I26,pstep-0.9_maxlag-5,26,0.9,5,0.14691683059257726,0.12775673383336764,0.5306906727181538
/Users/wedi0306/Code/mts-spi-study-cluster/data/cases/dtw-euclidean-260924/data/pstep-0.9_maxlag-5/M20_T1000_I27,pstep-0.9_maxlag-5,27,0.9,5,0.11373477851338419,0.18439510524285554,0.5014294071434832
/Users/wedi0306/Code/mts-spi-study-cluster/data/cases/dtw-euclidean-260924/data/pstep-0.9_maxlag-5/M20_T1000_I28,pstep-0.9_maxlag-5,28,0.9,5,0.30328109397641095,0.17454587830786042,0.5939394116741591
/Users/wedi0306/Code/mts-spi-study-cluster/data/cases/dtw-euclidean-260924/data/pstep-0.9_maxlag-5/M20_T1000_I29,pstep-0.9_maxlag-5,29,0.9,5,0.27363162452110057,0.193443646322239,0.5813733002524415
/Users/wedi0306/Code/mts-spi-study-cluster/data/cases/dtw-euclidean-260924/data/pstep-0.9_maxlag-5/M20_T1000_I3,pstep-0.9_maxlag-5,3,0.9,5,0.08209315040778666,0.14147624376601511,0.5989588860481603
/Users/wedi0306/Code/mts-spi-study-cluster/data/cases/dtw-euclidean-260924/data/pstep-0.9_maxlag-5/M20_T1000_I30,pstep-0.9_maxlag-5,30,0.9,5,0.2622713495213017,0.12397287147115517,0.5662163549793472
/Users/wedi0306/Code/mts-spi-study-cluster/data/cases/dtw-euclidean-260924/data/pstep-0.9_maxlag-5/M20_T1000_I31,pstep-0.9_maxlag-5,31,0.9,5,0.1736844390164183,0.11183414075148185,0.49541232579362626
/Users/wedi0306/Code/mts-spi-study-cluster/data/cases/dtw-euclidean-260924/data/pstep-0.9_maxlag-5/M20_T1000_I32,pstep-0.9_maxlag-5,32,0.9,5,0.3478447623615088,0.2251633361983205,0.5668525529065279
/Users/wedi0306/Code/mts-spi-study-cluster/data/cases/dtw-euclidean-260924/data/pstep-0.9_maxlag-5/M20_T1000_I33,pstep-0.9_maxlag-5,33,0.9,5,0.37802590602238095,0.2810097195267045,0.45231300209652525
/Users/wedi0306/Code/mts-spi-study-cluster/data/cases/dtw-euclidean-260924/data/pstep-0.9_maxlag-5/M20_T1000_I34,pstep-0.9_maxlag-5,34,0.9,5,0.2168060309949228,0.0867696235930029,0.46100708277428687
/Users/wedi0306/Code/mts-spi-study-cluster/data/cases/dtw-euclidean-260924/data/pstep-0.9_maxlag-5/M20_T1000_I35,pstep-0.9_maxlag-5,35,0.9,5,0.19601402987543434,0.0638359131336871,0.41189730620936227
/Users/wedi0306/Code/mts-spi-study-cluster/data/cases/dtw-euclidean-260924/data/pstep-0.9_maxlag-5/M20_T1000_I36,pstep-0.9_maxlag-5,36,0.9,5,0.10483471077530758,0.06156590941018004,0.6347665515810854
/Users/wedi0306/Code/mts-spi-study-cluster/data/cases/dtw-euclidean-260924/data/pstep-0.9_maxlag-5/M20_T1000_I37,pstep-0.9_maxlag-5,37,0.9,5,0.3156824038078695,0.2513167478118329,0.44942725391207033
/Users/wedi0306/Code/mts-spi-study-cluster/data/cases/dtw-euclidean-260924/data/pstep-0.9_maxlag-5/M20_T1000_I38,pstep-0.9_maxlag-5,38,0.9,5,0.32756898335054885,0.16249349461700363,0.6165342558300241
/Users/wedi0306/Code/mts-spi-study-cluster/data/cases/dtw-euclidean-260924/data/pstep-0.9_maxlag-5/M20_T1000_I39,pstep-0.9_maxlag-5,39,0.9,5,0.21092165765502288,0.11648323449221988,0.6211333243928914
/Users/wedi0306/Code/mts-spi-study-cluster/data/cases/dtw-euclidean-260924/data/pstep-0.9_maxlag-5/M20_T1000_I4,pstep-0.9_maxlag-5,4,0.9,5,0.18314502179231226,0.12177569437402433,0.5836737397838172
/Users/wedi0306/Code/mts-spi-study-cluster/data/cases/dtw-euclidean-260924/data/pstep-0.9_maxlag-5/M20_T1000_I40,pstep-0.9_maxlag-5,40,0.9,5,0.20598809076514427,0.12033394842298645,0.4807597143085891
/Users/wedi0306/Code/mts-spi-study-cluster/data/cases/dtw-euclidean-260924/data/pstep-0.9_maxlag-5/M20_T1000_I41,pstep-0.9_maxlag-5,41,0.9,5,0.20765759625968008,0.13803765152045286,0.6203565760566097
/Users/wedi0306/Code/mts-spi-study-cluster/data/cases/dtw-euclidean-260924/data/pstep-0.9_maxlag-5/M20_T1000_I42,pstep-0.9_maxlag-5,42,0.9,5,0.2895223722243486,0.3055048453005004,0.5261536092989012
/Users/wedi0306/Code/mts-spi-study-cluster/data/cases/dtw-euclidean-260924/data/pstep-0.9_maxlag-5/M20_T1000_I43,pstep-0.9_maxlag-5,43,0.9,5,0.16619582896862511,-0.013935586509898948,0.3475796428597027
/Users/wedi0306/Code/mts-spi-study-cluster/data/cases/dtw-euclidean-260924/data/pstep-0.9_maxlag-5/M20_T1000_I44,pstep-0.9_maxlag-5,44,0.9,5,0.0822797075681653,0.21504413153790808,0.45633612595947565
/Users/wedi0306/Code/mts-spi-study-cluster/data/cases/dtw-euclidean-260924/data/pstep-0.9_maxlag-5/M20_T1000_I45,pstep-0.9_maxlag-5,45,0.9,5,0.12637741441115155,0.14400733509583002,0.540130959407156
/Users/wedi0306/Code/mts-spi-study-cluster/data/cases/dtw-euclidean-260924/data/pstep-0.9_maxlag-5/M20_T1000_I46,pstep-0.9_maxlag-5,46,0.9,5,0.32393262152511726,0.14796299708393143,0.5126918685699511
/Users/wedi0306/Code/mts-spi-study-cluster/data/cases/dtw-euclidean-260924/data/pstep-0.9_maxlag-5/M20_T1000_I47,pstep-0.9_maxlag-5,47,0.9,5,0.21107396242091434,0.25342334365711305,0.5724159392399923
/Users/wedi0306/Code/mts-spi-study-cluster/data/cases/dtw-euclidean-260924/data/pstep-0.9_maxlag-5/M20_T1000_I48,pstep-0.9_maxlag-5,48,0.9,5,0.2021398399144803,0.24016384094941043,0.39560545323623864
/Users/wedi0306/Code/mts-spi-study-cluster/data/cases/dtw-euclidean-260924/data/pstep-0.9_maxlag-5/M20_T1000_I49,pstep-0.9_maxlag-5,49,0.9,5,0.21318987926647567,0.13843428095879126,0.48070723524754
/Users/wedi0306/Code/mts-spi-study-cluster/data/cases/dtw-euclidean-260924/data/pstep-0.9_maxlag-5/M20_T1000_I5,pstep-0.9_maxlag-5,5,0.9,5,0.22853967182834153,0.05920256117141947,0.4223588855247566
/Users/wedi0306/Code/mts-spi-study-cluster/data/cases/dtw-euclidean-260924/data/pstep-0.9_maxlag-5/M20_T1000_I6,pstep-0.9_maxlag-5,6,0.9,5,0.2868137406170015,0.15350568449141413,0.4888541887805321
/Users/wedi0306/Code/mts-spi-study-cluster/data/cases/dtw-euclidean-260924/data/pstep-0.9_maxlag-5/M20_T1000_I7,pstep-0.9_maxlag-5,7,0.9,5,0.2074718713281959,0.06818546423891039,0.5085918981555492
/Users/wedi0306/Code/mts-spi-study-cluster/data/cases/dtw-euclidean-260924/data/pstep-0.9_maxlag-5/M20_T1000_I8,pstep-0.9_maxlag-5,8,0.9,5,0.2835070695172047,0.14427391302576872,0.5184334826190031
/Users/wedi0306/Code/mts-spi-study-cluster/data/cases/dtw-euclidean-260924/data/pstep-0.9_maxlag-5/M20_T1000_I9,pstep-0.9_maxlag-5,9,0.9,5,0.27446850129318895,0.27281519674018306,0.677132163680331
