class,M,T,I,n_pcs_95
var-ring-sym,5,500,0,4
var-ring-sym,5,500,1,4
var-ring-sym,5,500,2,5
var-ring-sym,5,500,3,4
var-ring-sym,5,500,4,4
var-ring-sym,5,500,5,4
var-ring-sym,5,500,6,4
var-ring-sym,5,500,7,4
var-ring-sym,5,500,8,4
var-ring-sym,5,500,9,4
var-ring-sym,5,1000,0,4
var-ring-sym,5,1000,1,4
var-ring-sym,5,1000,2,4
var-ring-sym,5,1000,3,4
var-ring-sym,5,1000,4,4
var-ring-sym,5,1000,5,4
var-ring-sym,5,1000,6,4
var-ring-sym,5,1000,7,4
var-ring-sym,5,1000,8,4
var-ring-sym,5,1000,9,4
var-ring-sym,5,2000,0,4
var-ring-sym,5,2000,1,3
var-ring-sym,5,2000,2,4
var-ring-sym,5,2000,3,4
var-ring-sym,5,2000,4,4
var-ring-sym,5,2000,5,4
var-ring-sym,5,2000,6,4
var-ring-sym,5,2000,7,4
var-ring-sym,5,2000,8,4
var-ring-sym,5,2000,9,4
var-ring-sym,10,500,0,8
var-ring-sym,10,500,1,8
var-ring-sym,10,500,2,7
var-ring-sym,10,500,3,8
var-ring-sym,10,500,4,8
var-ring-sym,10,500,5,9
var-ring-sym,10,500,6,9
var-ring-sym,10,500,7,8
var-ring-sym,10,500,8,8
var-ring-sym,10,500,9,8
var-ring-sym,10,1000,0,9
var-ring-sym,10,1000,1,8
var-ring-sym,10,1000,2,9
var-ring-sym,10,1000,3,9
var-ring-sym,10,1000,4,8
var-ring-sym,10,1000,5,8
var-ring-sym,10,1000,6,8
var-ring-sym,10,1000,7,8
var-ring-sym,10,1000,8,9
var-ring-sym,10,1000,9,9
var-ring-sym,10,2000,0,8
var-ring-sym,10,2000,1,8
var-ring-sym,10,2000,2,9
var-ring-sym,10,2000,3,8
var-ring-sym,10,2000,4,8
var-ring-sym,10,2000,5,8
var-ring-sym,10,2000,6,8
var-ring-sym,10,2000,7,8
var-ring-sym,10,2000,8,9
var-ring-sym,10,2000,9,9
var-ring-sym,20,500,0,16
var-ring-sym,20,500,1,16
var-ring-sym,20,500,2,16
var-ring-sym,20,500,3,16
var-ring-sym,20,500,4,16
var-ring-sym,20,500,5,15
var-ring-sym,20,500,6,16
var-ring-sym,20,500,7,17
var-ring-sym,20,500,8,16
var-ring-sym,20,500,9,16
var-ring-sym,20,1000,0,16
var-ring-sym,20,1000,1,17
var-ring-sym,20,1000,2,16
var-ring-sym,20,1000,3,17
var-ring-sym,20,1000,4,17
var-ring-sym,20,1000,5,16
var-ring-sym,20,1000,6,17
var-ring-sym,20,1000,7,16
var-ring-sym,20,1000,8,16
var-ring-sym,20,1000,9,16
var-ring-sym,20,2000,0,17
var-ring-sym,20,2000,1,17
var-ring-sym,20,2000,2,17
var-ring-sym,20,2000,3,16
var-ring-sym,20,2000,4,17
var-ring-sym,20,2000,5,16
var-ring-sym,20,2000,6,16
var-ring-sym,20,2000,7,16
var-ring-sym,20,2000,8,16
var-ring-sym,20,2000,9,17
kuramoto,5,500,0,4
kuramoto,5,500,1,5
kuramoto,5,500,2,5
kuramoto,5,500,3,4
kuramoto,5,500,4,4
kuramoto,5,500,5,4
kuramoto,5,500,6,5
kuramoto,5,500,7,4
kuramoto,5,500,8,4
kuramoto,5,500,9,3
kuramoto,5,1000,0,3
kuramoto,5,1000,1,5
kuramoto,5,1000,2,4
kuramoto,5,1000,3,4
kuramoto,5,1000,4,4
kuramoto,5,1000,5,4
kuramoto,5,1000,6,5
kuramoto,5,1000,7,5
kuramoto,5,1000,8,4
kuramoto,5,1000,9,5
kuramoto,5,2000,0,4
kuramoto,5,2000,1,5
kuramoto,5,2000,2,4
kuramoto,5,2000,3,4
kuramoto,5,2000,4,4
kuramoto,5,2000,5,5
kuramoto,5,2000,6,4
kuramoto,5,2000,7,3
kuramoto,5,2000,8,4
kuramoto,5,2000,9,4
kuramoto,10,500,0,7
kuramoto,10,500,1,10
kuramoto,10,500,2,7
kuramoto,10,500,3,7
kuramoto,10,500,4,7
kuramoto,10,500,5,8
kuramoto,10,500,6,9
kuramoto,10,500,7,7
kuramoto,10,500,8,6
kuramoto,10,500,9,7
kuramoto,10,1000,0,8
kuramoto,10,1000,1,7
kuramoto,10,1000,2,9
kuramoto,10,1000,3,8
kuramoto,10,1000,4,8
kuramoto,10,1000,5,10
kuramoto,10,1000,6,8
kuramoto,10,1000,7,7
kuramoto,10,1000,8,9
kuramoto,10,1000,9,7
kuramoto,10,2000,0,6
kuramoto,10,2000,1,9
kuramoto,10,2000,2,7
kuramoto,10,2000,3,9
kuramoto,10,2000,4,8
kuramoto,10,2000,5,8
kuramoto,10,2000,6,7
kuramoto,10,2000,7,7
kuramoto,10,2000,8,7
kuramoto,10,2000,9,8
kuramoto,20,500,0,13
kuramoto,20,500,1,15
kuramoto,20,500,2,15
kuramoto,20,500,3,15
kuramoto,20,500,4,14
kuramoto,20,500,5,15
kuramoto,20,500,6,16
kuramoto,20,500,7,15
kuramoto,20,500,8,15
kuramoto,20,500,9,15
kuramoto,20,1000,0,14
kuramoto,20,1000,1,15
kuramoto,20,1000,2,15
kuramoto,20,1000,3,15
kuramoto,20,1000,4,15
kuramoto,20,1000,5,13
kuramoto,20,1000,6,14
kuramoto,20,1000,7,14
kuramoto,20,1000,8,15
kuramoto,20,1000,9,18
kuramoto,20,2000,0,13
kuramoto,20,2000,1,15
kuramoto,20,2000,2,18
kuramoto,20,2000,3,15
kuramoto,20,2000,4,15
kuramoto,20,2000,5,13
kuramoto,20,2000,6,16
kuramoto,20,2000,7,15
kuramoto,20,2000,8,13
kuramoto,20,2000,9,15
cauchy-noise,5,500,0,5
cauchy-noise,5,500,1,5
cauchy-noise,5,500,2,5
cauchy-noise,5,500,3,5
cauchy-noise,5,500,4,5
cauchy-noise,5,500,5,5
cauchy-noise,5,500,6,5
cauchy-noise,5,500,7,5
cauchy-noise,5,500,8,5
cauchy-noise,5,500,9,5
cauchy-noise,5,1000,0,5
cauchy-noise,5,1000,1,5
cauchy-noise,5,1000,2,5
cauchy-noise,5,1000,3,5
cauchy-noise,5,1000,4,5
cauchy-noise,5,1000,5,5
cauchy-noise,5,1000,6,5
cauchy-noise,5,1000,7,5
cauchy-noise,5,1000,8,5
cauchy-noise,5,1000,9,5
cauchy-noise,5,2000,0,5
cauchy-noise,5,2000,1,5
cauchy-noise,5,2000,2,5
cauchy-noise,5,2000,3,5
cauchy-noise,5,2000,4,5
cauchy-noise,5,2000,5,5
cauchy-noise,5,2000,6,5
cauchy-noise,5,2000,7,5
cauchy-noise,5,2000,8,5
cauchy-noise,5,2000,9,5
cauchy-noise,10,500,0,10
cauchy-noise,10,500,1,9
cauchy-noise,10,500,2,10
cauchy-noise,10,500,3,10
cauchy-noise,10,500,4,10
cauchy-noise,10,500,5,10
cauchy-noise,10,500,6,10
cauchy-noise,10,500,7,10
cauchy-noise,10,500,8,10
cauchy-noise,10,500,9,10
cauchy-noise,10,1000,0,10
cauchy-noise,10,1000,1,10
cauchy-noise,10,1000,2,10
cauchy-noise,10,1000,3,10
cauchy-noise,10,1000,4,10
cauchy-noise,10,1000,5,10
cauchy-noise,10,1000,6,10
cauchy-noise,10,1000,7,10
cauchy-noise,10,1000,8,10
cauchy-noise,10,1000,9,10
cauchy-noise,10,2000,0,10
cauchy-noise,10,2000,1,10
cauchy-noise,10,2000,2,10
cauchy-noise,10,2000,3,10
cauchy-noise,10,2000,4,10
cauchy-noise,10,2000,5,9
cauchy-noise,10,2000,6,10
cauchy-noise,10,2000,7,10
cauchy-noise,10,2000,8,10
cauchy-noise,10,2000,9,10
cauchy-noise,20,500,0,19
cauchy-noise,20,500,1,19
cauchy-noise,20,500,2,19
cauchy-noise,20,500,3,19
cauchy-noise,20,500,4,19
cauchy-noise,20,500,5,19
cauchy-noise,20,500,6,19
cauchy-noise,20,500,7,19
cauchy-noise,20,500,8,19
cauchy-noise,20,500,9,18
cauchy-noise,20,1000,0,19
cauchy-noise,20,1000,1,19
cauchy-noise,20,1000,2,19
cauchy-noise,20,1000,3,19
cauchy-noise,20,1000,4,19
cauchy-noise,20,1000,5,19
cauchy-noise,20,1000,6,19
cauchy-noise,20,1000,7,19
cauchy-noise,20,1000,8,19
cauchy-noise,20,1000,9,19
cauchy-noise,20,2000,0,19
cauchy-noise,20,2000,1,19
cauchy-noise,20,2000,2,19
cauchy-noise,20,2000,3,19
cauchy-noise,20,2000,4,19
cauchy-noise,20,2000,5,19
cauchy-noise,20,2000,6,19
cauchy-noise,20,2000,7,19
cauchy-noise,20,2000,8,19
cauchy-noise,20,2000,9,19
gaussian-noise,5,500,0,5
gaussian-noise,5,500,1,5
gaussian-noise,5,500,2,5
gaussian-noise,5,500,3,5
gaussian-noise,5,500,4,5
gaussian-noise,5,500,5,5
gaussian-noise,5,500,6,5
gaussian-noise,5,500,7,5
gaussian-noise,5,500,8,5
gaussian-noise,5,500,9,5
gaussian-noise,5,1000,0,5
gaussian-noise,5,1000,1,5
gaussian-noise,5,1000,2,5
gaussian-noise,5,1000,3,5
gaussian-noise,5,1000,4,5
gaussian-noise,5,1000,5,5
gaussian-noise,5,1000,6,5
gaussian-noise,5,1000,7,5
gaussian-noise,5,1000,8,5
gaussian-noise,5,1000,9,5
gaussian-noise,5,2000,0,5
gaussian-noise,5,2000,1,5
gaussian-noise,5,2000,2,5
gaussian-noise,5,2000,3,5
gaussian-noise,5,2000,4,5
gaussian-noise,5,2000,5,5
gaussian-noise,5,2000,6,5
gaussian-noise,5,2000,7,5
gaussian-noise,5,2000,8,5
gaussian-noise,5,2000,9,5
gaussian-noise,10,500,0,10
gaussian-noise,10,500,1,10
gaussian-noise,10,500,2,10
gaussian-noise,10,500,3,10
gaussian-noise,10,500,4,10
gaussian-noise,10,500,5,10
gaussian-noise,10,500,6,10
gaussian-noise,10,500,7,10
gaussian-noise,10,500,8,10
gaussian-noise,10,500,9,10
gaussian-noise,10,1000,0,10
gaussian-noise,10,1000,1,10
gaussian-noise,10,1000,2,10
gaussian-noise,10,1000,3,10
gaussian-noise,10,1000,4,10
gaussian-noise,10,1000,5,10
gaussian-noise,10,1000,6,10
gaussian-noise,10,1000,7,10
gaussian-noise,10,1000,8,10
gaussian-noise,10,1000,9,10
gaussian-noise,10,2000,0,10
gaussian-noise,10,2000,1,10
gaussian-noise,10,2000,2,10
gaussian-noise,10,2000,3,10
gaussian-noise,10,2000,4,10
gaussian-noise,10,2000,5,10
gaussian-noise,10,2000,6,10
gaussian-noise,10,2000,7,10
gaussian-noise,10,2000,8,10
gaussian-noise,10,2000,9,10
gaussian-noise,20,500,0,19
gaussian-noise,20,500,1,19
gaussian-noise,20,500,2,19
gaussian-noise,20,500,3,19
gaussian-noise,20,500,4,19
gaussian-noise,20,500,5,19
gaussian-noise,20,500,6,19
gaussian-noise,20,500,7,19
gaussian-noise,20,500,8,19
gaussian-noise,20,500,9,19
gaussian-noise,20,1000,0,19
gaussian-noise,20,1000,1,19
gaussian-noise,20,1000,2,19
gaussian-noise,20,1000,3,19
gaussian-noise,20,1000,4,19
gaussian-noise,20,1000,5,19
gaussian-noise,20,1000,6,19
gaussian-noise,20,1000,7,19
gaussian-noise,20,1000,8,19
gaussian-noise,20,1000,9,19
gaussian-noise,20,2000,0,19
gaussian-noise,20,2000,1,19
gaussian-noise,20,2000,2,19
gaussian-noise,20,2000,3,19
gaussian-noise,20,2000,4,19
gaussian-noise,20,2000,5,19
gaussian-noise,20,2000,6,19
gaussian-noise,20,2000,7,19
gaussian-noise,20,2000,8,19
gaussian-noise,20,2000,9,19
frozen-chaos,5,500,0,1
frozen-chaos,5,500,1,2
frozen-chaos,5,500,2,2
frozen-chaos,5,500,3,2
frozen-chaos,5,500,4,1
frozen-chaos,5,500,5,1
frozen-chaos,5,500,6,2
frozen-chaos,5,500,7,1
frozen-chaos,5,500,8,1
frozen-chaos,5,500,9,1
frozen-chaos,5,1000,0,1
frozen-chaos,5,1000,1,2
frozen-chaos,5,1000,2,1
frozen-chaos,5,1000,3,1
frozen-chaos,5,1000,4,1
frozen-chaos,5,1000,5,2
frozen-chaos,5,1000,6,1
frozen-chaos,5,1000,7,1
frozen-chaos,5,1000,8,1
frozen-chaos,5,1000,9,1
frozen-chaos,5,2000,0,2
frozen-chaos,5,2000,1,1
frozen-chaos,5,2000,2,1
frozen-chaos,5,2000,3,1
frozen-chaos,5,2000,4,2
frozen-chaos,5,2000,5,1
frozen-chaos,5,2000,6,1
frozen-chaos,5,2000,7,1
frozen-chaos,5,2000,8,1
frozen-chaos,5,2000,9,1
frozen-chaos,10,500,0,1
frozen-chaos,10,500,1,1
frozen-chaos,10,500,2,2
frozen-chaos,10,500,3,1
frozen-chaos,10,500,4,2
frozen-chaos,10,500,5,1
frozen-chaos,10,500,6,2
frozen-chaos,10,500,7,1
frozen-chaos,10,500,8,1
frozen-chaos,10,500,9,2
frozen-chaos,10,1000,0,1
frozen-chaos,10,1000,1,2
frozen-chaos,10,1000,2,2
frozen-chaos,10,1000,3,1
frozen-chaos,10,1000,4,1
frozen-chaos,10,1000,5,2
frozen-chaos,10,1000,6,1
frozen-chaos,10,1000,7,1
frozen-chaos,10,1000,8,1
frozen-chaos,10,1000,9,1
frozen-chaos,10,2000,0,2
frozen-chaos,10,2000,1,1
frozen-chaos,10,2000,2,2
frozen-chaos,10,2000,3,2
frozen-chaos,10,2000,4,1
frozen-chaos,10,2000,5,2
frozen-chaos,10,2000,6,2
frozen-chaos,10,2000,7,1
frozen-chaos,10,2000,8,1
frozen-chaos,10,2000,9,1
frozen-chaos,20,500,0,1
frozen-chaos,20,500,1,2
frozen-chaos,20,500,2,1
frozen-chaos,20,500,3,1
frozen-chaos,20,500,4,1
frozen-chaos,20,500,5,2
frozen-chaos,20,500,6,2
frozen-chaos,20,500,7,2
frozen-chaos,20,500,8,1
frozen-chaos,20,500,9,1
frozen-chaos,20,1000,0,2
frozen-chaos,20,1000,1,1
frozen-chaos,20,1000,2,1
frozen-chaos,20,1000,3,2
frozen-chaos,20,1000,4,1
frozen-chaos,20,1000,5,1
frozen-chaos,20,1000,6,1
frozen-chaos,20,1000,7,2
frozen-chaos,20,1000,8,1
frozen-chaos,20,1000,9,2
frozen-chaos,20,2000,0,2
frozen-chaos,20,2000,1,1
frozen-chaos,20,2000,2,2
frozen-chaos,20,2000,3,1
frozen-chaos,20,2000,4,1
frozen-chaos,20,2000,5,2
frozen-chaos,20,2000,6,2
frozen-chaos,20,2000,7,2
frozen-chaos,20,2000,8,2
frozen-chaos,20,2000,9,2
pattern-selection,5,500,0,2
pattern-selection,5,500,1,1
pattern-selection,5,500,2,1
pattern-selection,5,500,3,3
pattern-selection,5,500,4,3
pattern-selection,5,500,5,3
pattern-selection,5,500,6,2
pattern-selection,5,500,7,3
pattern-selection,5,500,8,3
pattern-selection,5,500,9,2
pattern-selection,5,1000,0,3
pattern-selection,5,1000,1,2
pattern-selection,5,1000,2,1
pattern-selection,5,1000,3,3
pattern-selection,5,1000,4,2
pattern-selection,5,1000,5,2
pattern-selection,5,1000,6,3
pattern-selection,5,1000,7,1
pattern-selection,5,1000,8,2
pattern-selection,5,1000,9,1
pattern-selection,5,2000,0,1
pattern-selection,5,2000,1,1
pattern-selection,5,2000,2,2
pattern-selection,5,2000,3,2
pattern-selection,5,2000,4,3
pattern-selection,5,2000,5,3
pattern-selection,5,2000,6,3
pattern-selection,5,2000,7,3
pattern-selection,5,2000,8,1
pattern-selection,5,2000,9,2
pattern-selection,10,500,0,2
pattern-selection,10,500,1,4
pattern-selection,10,500,2,5
pattern-selection,10,500,3,1
pattern-selection,10,500,4,3
pattern-selection,10,500,5,2
pattern-selection,10,500,6,2
pattern-selection,10,500,7,5
pattern-selection,10,500,8,2
pattern-selection,10,500,9,5
pattern-selection,10,1000,0,5
pattern-selection,10,1000,1,4
pattern-selection,10,1000,2,4
pattern-selection,10,1000,3,5
pattern-selection,10,1000,4,3
pattern-selection,10,1000,5,5
pattern-selection,10,1000,6,5
pattern-selection,10,1000,7,5
pattern-selection,10,1000,8,4
pattern-selection,10,1000,9,2
pattern-selection,10,2000,0,5
pattern-selection,10,2000,1,1
pattern-selection,10,2000,2,4
pattern-selection,10,2000,3,3
pattern-selection,10,2000,4,5
pattern-selection,10,2000,5,5
pattern-selection,10,2000,6,3
pattern-selection,10,2000,7,3
pattern-selection,10,2000,8,1
pattern-selection,10,2000,9,1
pattern-selection,20,500,0,2
pattern-selection,20,500,1,7
pattern-selection,20,500,2,4
pattern-selection,20,500,3,2
pattern-selection,20,500,4,7
pattern-selection,20,500,5,2
pattern-selection,20,500,6,3
pattern-selection,20,500,7,2
pattern-selection,20,500,8,8
pattern-selection,20,500,9,9
pattern-selection,20,1000,0,2
pattern-selection,20,1000,1,3
pattern-selection,20,1000,2,6
pattern-selection,20,1000,3,4
pattern-selection,20,1000,4,3
pattern-selection,20,1000,5,4
pattern-selection,20,1000,6,9
pattern-selection,20,1000,7,7
pattern-selection,20,1000,8,3
pattern-selection,20,1000,9,8
pattern-selection,20,2000,0,2
pattern-selection,20,2000,1,6
pattern-selection,20,2000,2,3
pattern-selection,20,2000,3,9
pattern-selection,20,2000,4,9
pattern-selection,20,2000,5,7
pattern-selection,20,2000,6,9
pattern-selection,20,2000,7,5
pattern-selection,20,2000,8,5
pattern-selection,20,2000,9,8
brownian-defect,5,500,0,4
brownian-defect,5,500,1,1
brownian-defect,5,500,2,1
brownian-defect,5,500,3,1
brownian-defect,5,500,4,4
brownian-defect,5,500,5,1
brownian-defect,5,500,6,1
brownian-defect,5,500,7,3
brownian-defect,5,500,8,1
brownian-defect,5,500,9,1
brownian-defect,5,1000,0,1
brownian-defect,5,1000,1,1
brownian-defect,5,1000,2,4
brownian-defect,5,1000,3,5
brownian-defect,5,1000,4,3
brownian-defect,5,1000,5,1
brownian-defect,5,1000,6,2
brownian-defect,5,1000,7,1
brownian-defect,5,1000,8,1
brownian-defect,5,1000,9,5
brownian-defect,5,2000,0,3
brownian-defect,5,2000,1,1
brownian-defect,5,2000,2,1
brownian-defect,5,2000,3,2
brownian-defect,5,2000,4,1
brownian-defect,5,2000,5,1
brownian-defect,5,2000,6,1
brownian-defect,5,2000,7,1
brownian-defect,5,2000,8,4
brownian-defect,5,2000,9,4
brownian-defect,10,500,0,4
brownian-defect,10,500,1,2
brownian-defect,10,500,2,1
brownian-defect,10,500,3,1
brownian-defect,10,500,4,6
brownian-defect,10,500,5,1
brownian-defect,10,500,6,4
brownian-defect,10,500,7,3
brownian-defect,10,500,8,3
brownian-defect,10,500,9,5
brownian-defect,10,1000,0,7
brownian-defect,10,1000,1,1
brownian-defect,10,1000,2,1
brownian-defect,10,1000,3,3
brownian-defect,10,1000,4,1
brownian-defect,10,1000,5,4
brownian-defect,10,1000,6,6
brownian-defect,10,1000,7,4
brownian-defect,10,1000,8,1
brownian-defect,10,1000,9,4
brownian-defect,10,2000,0,1
brownian-defect,10,2000,1,6
brownian-defect,10,2000,2,1
brownian-defect,10,2000,3,7
brownian-defect,10,2000,4,1
brownian-defect,10,2000,5,3
brownian-defect,10,2000,6,1
brownian-defect,10,2000,7,1
brownian-defect,10,2000,8,5
brownian-defect,10,2000,9,1
brownian-defect,20,500,0,4
brownian-defect,20,500,1,8
brownian-defect,20,500,2,6
brownian-defect,20,500,3,5
brownian-defect,20,500,4,1
brownian-defect,20,500,5,5
brownian-defect,20,500,6,5
brownian-defect,20,500,7,8
brownian-defect,20,500,8,1
brownian-defect,20,500,9,10
brownian-defect,20,1000,0,3
brownian-defect,20,1000,1,8
brownian-defect,20,1000,2,5
brownian-defect,20,1000,3,8
brownian-defect,20,1000,4,1
brownian-defect,20,1000,5,7
brownian-defect,20,1000,6,9
brownian-defect,20,1000,7,4
brownian-defect,20,1000,8,11
brownian-defect,20,1000,9,1
brownian-defect,20,2000,0,1
brownian-defect,20,2000,1,6
brownian-defect,20,2000,2,9
brownian-defect,20,2000,3,9
brownian-defect,20,2000,4,1
brownian-defect,20,2000,5,7
brownian-defect,20,2000,6,1
brownian-defect,20,2000,7,1
brownian-defect,20,2000,8,1
brownian-defect,20,2000,9,6
defect-turbulence,5,500,0,4
defect-turbulence,5,500,1,5
defect-turbulence,5,500,2,5
defect-turbulence,5,500,3,5
defect-turbulence,5,500,4,5
defect-turbulence,5,500,5,5
defect-turbulence,5,500,6,5
defect-turbulence,5,500,7,5
defect-turbulence,5,500,8,4
defect-turbulence,5,500,9,5
defect-turbulence,5,1000,0,5
defect-turbulence,5,1000,1,5
defect-turbulence,5,1000,2,5
defect-turbulence,5,1000,3,5
defect-turbulence,5,1000,4,5
defect-turbulence,5,1000,5,5
defect-turbulence,5,1000,6,5
defect-turbulence,5,1000,7,5
defect-turbulence,5,1000,8,5
defect-turbulence,5,1000,9,5
defect-turbulence,5,2000,0,5
defect-turbulence,5,2000,1,5
defect-turbulence,5,2000,2,5
defect-turbulence,5,2000,3,5
defect-turbulence,5,2000,4,5
defect-turbulence,5,2000,5,5
defect-turbulence,5,2000,6,5
defect-turbulence,5,2000,7,5
defect-turbulence,5,2000,8,5
defect-turbulence,5,2000,9,5
defect-turbulence,10,500,0,9
defect-turbulence,10,500,1,9
defect-turbulence,10,500,2,6
defect-turbulence,10,500,3,6
defect-turbulence,10,500,4,8
defect-turbulence,10,500,5,9
defect-turbulence,10,500,6,7
defect-turbulence,10,500,7,8
defect-turbulence,10,500,8,6
defect-turbulence,10,500,9,9
defect-turbulence,10,1000,0,9
defect-turbulence,10,1000,1,8
defect-turbulence,10,1000,2,9
defect-turbulence,10,1000,3,9
defect-turbulence,10,1000,4,9
defect-turbulence,10,1000,5,9
defect-turbulence,10,1000,6,5
defect-turbulence,10,1000,7,10
defect-turbulence,10,1000,8,9
defect-turbulence,10,1000,9,9
defect-turbulence,10,2000,0,9
defect-turbulence,10,2000,1,9
defect-turbulence,10,2000,2,9
defect-turbulence,10,2000,3,9
defect-turbulence,10,2000,4,9
defect-turbulence,10,2000,5,9
defect-turbulence,10,2000,6,9
defect-turbulence,10,2000,7,9
defect-turbulence,10,2000,8,9
defect-turbulence,10,2000,9,9
defect-turbulence,20,500,0,18
defect-turbulence,20,500,1,16
defect-turbulence,20,500,2,18
defect-turbulence,20,500,3,15
defect-turbulence,20,500,4,8
defect-turbulence,20,500,5,18
defect-turbulence,20,500,6,17
defect-turbulence,20,500,7,12
defect-turbulence,20,500,8,8
defect-turbulence,20,500,9,18
defect-turbulence,20,1000,0,18
defect-turbulence,20,1000,1,17
defect-turbulence,20,1000,2,18
defect-turbulence,20,1000,3,17
defect-turbulence,20,1000,4,13
defect-turbulence,20,1000,5,17
defect-turbulence,20,1000,6,18
defect-turbulence,20,1000,7,17
defect-turbulence,20,1000,8,16
defect-turbulence,20,1000,9,18
defect-turbulence,20,2000,0,17
defect-turbulence,20,2000,1,14
defect-turbulence,20,2000,2,18
defect-turbulence,20,2000,3,18
defect-turbulence,20,2000,4,18
defect-turbulence,20,2000,5,18
defect-turbulence,20,2000,6,17
defect-turbulence,20,2000,7,18
defect-turbulence,20,2000,8,17
defect-turbulence,20,2000,9,17
sti-i,5,500,0,3
sti-i,5,500,1,4
sti-i,5,500,2,4
sti-i,5,500,3,5
sti-i,5,500,4,5
sti-i,5,500,5,5
sti-i,5,500,6,5
sti-i,5,500,7,5
sti-i,5,500,8,3
sti-i,5,500,9,5
sti-i,5,1000,0,5
sti-i,5,1000,1,5
sti-i,5,1000,2,5
sti-i,5,1000,3,5
sti-i,5,1000,4,4
sti-i,5,1000,5,5
sti-i,5,1000,6,5
sti-i,5,1000,7,5
sti-i,5,1000,8,4
sti-i,5,1000,9,5
sti-i,5,2000,0,1
sti-i,5,2000,1,5
sti-i,5,2000,2,5
sti-i,5,2000,3,5
sti-i,5,2000,4,5
sti-i,5,2000,5,5
sti-i,5,2000,6,5
sti-i,5,2000,7,5
sti-i,5,2000,8,2
sti-i,5,2000,9,5
sti-i,10,500,0,6
sti-i,10,500,1,8
sti-i,10,500,2,6
sti-i,10,500,3,6
sti-i,10,500,4,10
sti-i,10,500,5,6
sti-i,10,500,6,9
sti-i,10,500,7,7
sti-i,10,500,8,8
sti-i,10,500,9,2
sti-i,10,1000,0,10
sti-i,10,1000,1,7
sti-i,10,1000,2,6
sti-i,10,1000,3,9
sti-i,10,1000,4,9
sti-i,10,1000,5,8
sti-i,10,1000,6,8
sti-i,10,1000,7,9
sti-i,10,1000,8,4
sti-i,10,1000,9,9
sti-i,10,2000,0,9
sti-i,10,2000,1,5
sti-i,10,2000,2,9
sti-i,10,2000,3,9
sti-i,10,2000,4,8
sti-i,10,2000,5,9
sti-i,10,2000,6,4
sti-i,10,2000,7,10
sti-i,10,2000,8,8
sti-i,10,2000,9,9
sti-i,20,500,0,11
sti-i,20,500,1,15
sti-i,20,500,2,18
sti-i,20,500,3,15
sti-i,20,500,4,16
sti-i,20,500,5,11
sti-i,20,500,6,11
sti-i,20,500,7,8
sti-i,20,500,8,14
sti-i,20,500,9,15
sti-i,20,1000,0,15
sti-i,20,1000,1,11
sti-i,20,1000,2,17
sti-i,20,1000,3,17
sti-i,20,1000,4,16
sti-i,20,1000,5,17
sti-i,20,1000,6,13
sti-i,20,1000,7,15
sti-i,20,1000,8,12
sti-i,20,1000,9,14
sti-i,20,2000,0,15
sti-i,20,2000,1,13
sti-i,20,2000,2,18
sti-i,20,2000,3,17
sti-i,20,2000,4,16
sti-i,20,2000,5,17
sti-i,20,2000,6,16
sti-i,20,2000,7,15
sti-i,20,2000,8,17
sti-i,20,2000,9,17
sti-ii,5,500,0,1
sti-ii,5,500,1,3
sti-ii,5,500,2,1
sti-ii,5,500,3,4
sti-ii,5,500,4,3
sti-ii,5,500,5,2
sti-ii,5,500,6,4
sti-ii,5,500,7,3
sti-ii,5,500,8,1
sti-ii,5,500,9,3
sti-ii,5,1000,0,4
sti-ii,5,1000,1,3
sti-ii,5,1000,2,3
sti-ii,5,1000,3,4
sti-ii,5,1000,4,3
sti-ii,5,1000,5,4
sti-ii,5,1000,6,4
sti-ii,5,1000,7,3
sti-ii,5,1000,8,2
sti-ii,5,1000,9,3
sti-ii,5,2000,0,4
sti-ii,5,2000,1,3
sti-ii,5,2000,2,4
sti-ii,5,2000,3,4
sti-ii,5,2000,4,1
sti-ii,5,2000,5,4
sti-ii,5,2000,6,3
sti-ii,5,2000,7,4
sti-ii,5,2000,8,3
sti-ii,5,2000,9,3
sti-ii,10,500,0,6
sti-ii,10,500,1,5
sti-ii,10,500,2,6
sti-ii,10,500,3,6
sti-ii,10,500,4,6
sti-ii,10,500,5,6
sti-ii,10,500,6,1
sti-ii,10,500,7,4
sti-ii,10,500,8,6
sti-ii,10,500,9,5
sti-ii,10,1000,0,5
sti-ii,10,1000,1,6
sti-ii,10,1000,2,6
sti-ii,10,1000,3,5
sti-ii,10,1000,4,5
sti-ii,10,1000,5,6
sti-ii,10,1000,6,6
sti-ii,10,1000,7,6
sti-ii,10,1000,8,6
sti-ii,10,1000,9,5
sti-ii,10,2000,0,5
sti-ii,10,2000,1,6
sti-ii,10,2000,2,6
sti-ii,10,2000,3,6
sti-ii,10,2000,4,4
sti-ii,10,2000,5,6
sti-ii,10,2000,6,6
sti-ii,10,2000,7,6
sti-ii,10,2000,8,6
sti-ii,10,2000,9,6
sti-ii,20,500,0,11
sti-ii,20,500,1,1
sti-ii,20,500,2,10
sti-ii,20,500,3,10
sti-ii,20,500,4,10
sti-ii,20,500,5,8
sti-ii,20,500,6,10
sti-ii,20,500,7,11
sti-ii,20,500,8,8
sti-ii,20,500,9,7
sti-ii,20,1000,0,11
sti-ii,20,1000,1,8
sti-ii,20,1000,2,8
sti-ii,20,1000,3,11
sti-ii,20,1000,4,11
sti-ii,20,1000,5,10
sti-ii,20,1000,6,11
sti-ii,20,1000,7,11
sti-ii,20,1000,8,10
sti-ii,20,1000,9,11
sti-ii,20,2000,0,11
sti-ii,20,2000,1,11
sti-ii,20,2000,2,11
sti-ii,20,2000,3,6
sti-ii,20,2000,4,10
sti-ii,20,2000,5,11
sti-ii,20,2000,6,11
sti-ii,20,2000,7,11
sti-ii,20,2000,8,12
sti-ii,20,2000,9,11
fdstc,5,500,0,4
fdstc,5,500,1,4
fdstc,5,500,2,4
fdstc,5,500,3,4
fdstc,5,500,4,4
fdstc,5,500,5,4
fdstc,5,500,6,4
fdstc,5,500,7,4
fdstc,5,500,8,4
fdstc,5,500,9,4
fdstc,5,1000,0,4
fdstc,5,1000,1,4
fdstc,5,1000,2,4
fdstc,5,1000,3,4
fdstc,5,1000,4,4
fdstc,5,1000,5,4
fdstc,5,1000,6,4
fdstc,5,1000,7,4
fdstc,5,1000,8,4
fdstc,5,1000,9,4
fdstc,5,2000,0,4
fdstc,5,2000,1,4
fdstc,5,2000,2,4
fdstc,5,2000,3,4
fdstc,5,2000,4,4
fdstc,5,2000,5,4
fdstc,5,2000,6,4
fdstc,5,2000,7,4
fdstc,5,2000,8,4
fdstc,5,2000,9,4
fdstc,10,500,0,7
fdstc,10,500,1,7
fdstc,10,500,2,7
fdstc,10,500,3,7
fdstc,10,500,4,7
fdstc,10,500,5,7
fdstc,10,500,6,7
fdstc,10,500,7,7
fdstc,10,500,8,7
fdstc,10,500,9,7
fdstc,10,1000,0,7
fdstc,10,1000,1,7
fdstc,10,1000,2,7
fdstc,10,1000,3,7
fdstc,10,1000,4,7
fdstc,10,1000,5,7
fdstc,10,1000,6,7
fdstc,10,1000,7,7
fdstc,10,1000,8,7
fdstc,10,1000,9,7
fdstc,10,2000,0,7
fdstc,10,2000,1,7
fdstc,10,2000,2,7
fdstc,10,2000,3,7
fdstc,10,2000,4,7
fdstc,10,2000,5,7
fdstc,10,2000,6,7
fdstc,10,2000,7,7
fdstc,10,2000,8,7
fdstc,10,2000,9,7
fdstc,20,500,0,13
fdstc,20,500,1,13
fdstc,20,500,2,12
fdstc,20,500,3,12
fdstc,20,500,4,13
fdstc,20,500,5,13
fdstc,20,500,6,12
fdstc,20,500,7,13
fdstc,20,500,8,13
fdstc,20,500,9,12
fdstc,20,1000,0,12
fdstc,20,1000,1,12
fdstc,20,1000,2,13
fdstc,20,1000,3,13
fdstc,20,1000,4,13
fdstc,20,1000,5,13
fdstc,20,1000,6,13
fdstc,20,1000,7,13
fdstc,20,1000,8,13
fdstc,20,1000,9,13
fdstc,20,2000,0,13
fdstc,20,2000,1,13
fdstc,20,2000,2,13
fdstc,20,2000,3,13
fdstc,20,2000,4,13
fdstc,20,2000,5,13
fdstc,20,2000,6,13
fdstc,20,2000,7,13
fdstc,20,2000,8,13
fdstc,20,2000,9,13
traveling-wave,5,500,0,1
traveling-wave,5,500,1,2
traveling-wave,5,500,2,1
traveling-wave,5,500,3,1
traveling-wave,5,500,4,1
traveling-wave,5,500,5,2
traveling-wave,5,500,6,1
traveling-wave,5,500,7,1
traveling-wave,5,500,8,1
traveling-wave,5,500,9,2
traveling-wave,5,1000,0,2
traveling-wave,5,1000,1,1
traveling-wave,5,1000,2,1
traveling-wave,5,1000,3,2
traveling-wave,5,1000,4,2
traveling-wave,5,1000,5,2
traveling-wave,5,1000,6,1
traveling-wave,5,1000,7,1
traveling-wave,5,1000,8,1
traveling-wave,5,1000,9,2
traveling-wave,5,2000,0,2
traveling-wave,5,2000,1,1
traveling-wave,5,2000,2,2
traveling-wave,5,2000,3,2
traveling-wave,5,2000,4,1
traveling-wave,5,2000,5,1
traveling-wave,5,2000,6,1
traveling-wave,5,2000,7,1
traveling-wave,5,2000,8,2
traveling-wave,5,2000,9,2
traveling-wave,10,500,0,2
traveling-wave,10,500,1,1
traveling-wave,10,500,2,2
traveling-wave,10,500,3,1
traveling-wave,10,500,4,1
traveling-wave,10,500,5,1
traveling-wave,10,500,6,2
traveling-wave,10,500,7,2
traveling-wave,10,500,8,3
traveling-wave,10,500,9,2
traveling-wave,10,1000,0,3
traveling-wave,10,1000,1,1
traveling-wave,10,1000,2,2
traveling-wave,10,1000,3,2
traveling-wave,10,1000,4,2
traveling-wave,10,1000,5,2
traveling-wave,10,1000,6,2
traveling-wave,10,1000,7,2
traveling-wave,10,1000,8,2
traveling-wave,10,1000,9,3
traveling-wave,10,2000,0,2
traveling-wave,10,2000,1,2
traveling-wave,10,2000,2,1
traveling-wave,10,2000,3,3
traveling-wave,10,2000,4,2
traveling-wave,10,2000,5,2
traveling-wave,10,2000,6,1
traveling-wave,10,2000,7,2
traveling-wave,10,2000,8,3
traveling-wave,10,2000,9,2
traveling-wave,20,500,0,2
traveling-wave,20,500,1,1
traveling-wave,20,500,2,2
traveling-wave,20,500,3,3
traveling-wave,20,500,4,2
traveling-wave,20,500,5,2
traveling-wave,20,500,6,1
traveling-wave,20,500,7,2
traveling-wave,20,500,8,3
traveling-wave,20,500,9,3
traveling-wave,20,1000,0,3
traveling-wave,20,1000,1,3
traveling-wave,20,1000,2,3
traveling-wave,20,1000,3,1
traveling-wave,20,1000,4,3
traveling-wave,20,1000,5,2
traveling-wave,20,1000,6,2
traveling-wave,20,1000,7,1
traveling-wave,20,1000,8,1
traveling-wave,20,1000,9,2
traveling-wave,20,2000,0,2
traveling-wave,20,2000,1,2
traveling-wave,20,2000,2,3
traveling-wave,20,2000,3,3
traveling-wave,20,2000,4,2
traveling-wave,20,2000,5,3
traveling-wave,20,2000,6,2
traveling-wave,20,2000,7,3
traveling-wave,20,2000,8,3
traveling-wave,20,2000,9,2
chaotic-traveling-wave,5,500,0,2
chaotic-traveling-wave,5,500,1,2
chaotic-traveling-wave,5,500,2,1
chaotic-traveling-wave,5,500,3,2
chaotic-traveling-wave,5,500,4,1
chaotic-traveling-wave,5,500,5,1
chaotic-traveling-wave,5,500,6,1
chaotic-traveling-wave,5,500,7,2
chaotic-traveling-wave,5,500,8,1
chaotic-traveling-wave,5,500,9,2
chaotic-traveling-wave,5,1000,0,1
chaotic-traveling-wave,5,1000,1,2
chaotic-traveling-wave,5,1000,2,2
chaotic-traveling-wave,5,1000,3,2
chaotic-traveling-wave,5,1000,4,2
chaotic-traveling-wave,5,1000,5,2
chaotic-traveling-wave,5,1000,6,2
chaotic-traveling-wave,5,1000,7,1
chaotic-traveling-wave,5,1000,8,2
chaotic-traveling-wave,5,1000,9,3
chaotic-traveling-wave,5,2000,0,2
chaotic-traveling-wave,5,2000,1,2
chaotic-traveling-wave,5,2000,2,2
chaotic-traveling-wave,5,2000,3,2
chaotic-traveling-wave,5,2000,4,2
chaotic-traveling-wave,5,2000,5,2
chaotic-traveling-wave,5,2000,6,3
chaotic-traveling-wave,5,2000,7,2
chaotic-traveling-wave,5,2000,8,2
chaotic-traveling-wave,5,2000,9,2
chaotic-traveling-wave,10,500,0,2
chaotic-traveling-wave,10,500,1,3
chaotic-traveling-wave,10,500,2,1
chaotic-traveling-wave,10,500,3,2
chaotic-traveling-wave,10,500,4,2
chaotic-traveling-wave,10,500,5,2
chaotic-traveling-wave,10,500,6,3
chaotic-traveling-wave,10,500,7,1
chaotic-traveling-wave,10,500,8,3
chaotic-traveling-wave,10,500,9,3
chaotic-traveling-wave,10,1000,0,2
chaotic-traveling-wave,10,1000,1,3
chaotic-traveling-wave,10,1000,2,3
chaotic-traveling-wave,10,1000,3,2
chaotic-traveling-wave,10,1000,4,2
chaotic-traveling-wave,10,1000,5,2
chaotic-traveling-wave,10,1000,6,3
chaotic-traveling-wave,10,1000,7,3
chaotic-traveling-wave,10,1000,8,2
chaotic-traveling-wave,10,1000,9,2
chaotic-traveling-wave,10,2000,0,2
chaotic-traveling-wave,10,2000,1,3
chaotic-traveling-wave,10,2000,2,3
chaotic-traveling-wave,10,2000,3,3
chaotic-traveling-wave,10,2000,4,3
chaotic-traveling-wave,10,2000,5,3
chaotic-traveling-wave,10,2000,6,3
chaotic-traveling-wave,10,2000,7,3
chaotic-traveling-wave,10,2000,8,4
chaotic-traveling-wave,10,2000,9,2
chaotic-traveling-wave,20,500,0,3
chaotic-traveling-wave,20,500,1,1
chaotic-traveling-wave,20,500,2,4
chaotic-traveling-wave,20,500,3,3
chaotic-traveling-wave,20,500,4,7
chaotic-traveling-wave,20,500,5,4
chaotic-traveling-wave,20,500,6,3
chaotic-traveling-wave,20,500,7,2
chaotic-traveling-wave,20,500,8,4
chaotic-traveling-wave,20,500,9,6
chaotic-traveling-wave,20,1000,0,2
chaotic-traveling-wave,20,1000,1,2
chaotic-traveling-wave,20,1000,2,4
chaotic-traveling-wave,20,1000,3,6
chaotic-traveling-wave,20,1000,4,6
chaotic-traveling-wave,20,1000,5,6
chaotic-traveling-wave,20,1000,6,2
chaotic-traveling-wave,20,1000,7,6
chaotic-traveling-wave,20,1000,8,5
chaotic-traveling-wave,20,1000,9,5
chaotic-traveling-wave,20,2000,0,7
chaotic-traveling-wave,20,2000,1,7
chaotic-traveling-wave,20,2000,2,7
chaotic-traveling-wave,20,2000,3,7
chaotic-traveling-wave,20,2000,4,5
chaotic-traveling-wave,20,2000,5,3
chaotic-traveling-wave,20,2000,6,7
chaotic-traveling-wave,20,2000,7,4
chaotic-traveling-wave,20,2000,8,3
chaotic-traveling-wave,20,2000,9,5
traveling-wave-kaneko67,5,500,0,2
traveling-wave-kaneko67,5,500,1,1
traveling-wave-kaneko67,5,500,2,2
traveling-wave-kaneko67,5,500,3,3
traveling-wave-kaneko67,5,500,4,2
traveling-wave-kaneko67,5,500,5,2
traveling-wave-kaneko67,5,500,6,2
traveling-wave-kaneko67,5,500,7,1
traveling-wave-kaneko67,5,500,8,2
traveling-wave-kaneko67,5,500,9,2
traveling-wave-kaneko67,5,1000,0,1
traveling-wave-kaneko67,5,1000,1,2
traveling-wave-kaneko67,5,1000,2,2
traveling-wave-kaneko67,5,1000,3,2
traveling-wave-kaneko67,5,1000,4,2
traveling-wave-kaneko67,5,1000,5,2
traveling-wave-kaneko67,5,1000,6,2
traveling-wave-kaneko67,5,1000,7,2
traveling-wave-kaneko67,5,1000,8,2
traveling-wave-kaneko67,5,1000,9,1
traveling-wave-kaneko67,5,2000,0,2
traveling-wave-kaneko67,5,2000,1,2
traveling-wave-kaneko67,5,2000,2,2
traveling-wave-kaneko67,5,2000,3,1
traveling-wave-kaneko67,5,2000,4,2
traveling-wave-kaneko67,5,2000,5,1
traveling-wave-kaneko67,5,2000,6,2
traveling-wave-kaneko67,5,2000,7,1
traveling-wave-kaneko67,5,2000,8,2
traveling-wave-kaneko67,5,2000,9,2
traveling-wave-kaneko67,10,500,0,1
traveling-wave-kaneko67,10,500,1,2
traveling-wave-kaneko67,10,500,2,4
traveling-wave-kaneko67,10,500,3,2
traveling-wave-kaneko67,10,500,4,2
traveling-wave-kaneko67,10,500,5,2
traveling-wave-kaneko67,10,500,6,4
traveling-wave-kaneko67,10,500,7,2
traveling-wave-kaneko67,10,500,8,1
traveling-wave-kaneko67,10,500,9,3
traveling-wave-kaneko67,10,1000,0,1
traveling-wave-kaneko67,10,1000,1,1
traveling-wave-kaneko67,10,1000,2,1
traveling-wave-kaneko67,10,1000,3,2
traveling-wave-kaneko67,10,1000,4,2
traveling-wave-kaneko67,10,1000,5,2
traveling-wave-kaneko67,10,1000,6,3
traveling-wave-kaneko67,10,1000,7,2
traveling-wave-kaneko67,10,1000,8,3
traveling-wave-kaneko67,10,1000,9,3
traveling-wave-kaneko67,10,2000,0,3
traveling-wave-kaneko67,10,2000,1,2
traveling-wave-kaneko67,10,2000,2,2
traveling-wave-kaneko67,10,2000,3,2
traveling-wave-kaneko67,10,2000,4,2
traveling-wave-kaneko67,10,2000,5,3
traveling-wave-kaneko67,10,2000,6,3
traveling-wave-kaneko67,10,2000,7,2
traveling-wave-kaneko67,10,2000,8,1
traveling-wave-kaneko67,10,2000,9,2
traveling-wave-kaneko67,20,500,0,2
traveling-wave-kaneko67,20,500,1,3
traveling-wave-kaneko67,20,500,2,2
traveling-wave-kaneko67,20,500,3,3
traveling-wave-kaneko67,20,500,4,2
traveling-wave-kaneko67,20,500,5,2
traveling-wave-kaneko67,20,500,6,1
traveling-wave-kaneko67,20,500,7,1
traveling-wave-kaneko67,20,500,8,3
traveling-wave-kaneko67,20,500,9,4
traveling-wave-kaneko67,20,1000,0,3
traveling-wave-kaneko67,20,1000,1,3
traveling-wave-kaneko67,20,1000,2,2
traveling-wave-kaneko67,20,1000,3,2
traveling-wave-kaneko67,20,1000,4,2
traveling-wave-kaneko67,20,1000,5,2
traveling-wave-kaneko67,20,1000,6,3
traveling-wave-kaneko67,20,1000,7,5
traveling-wave-kaneko67,20,1000,8,2
traveling-wave-kaneko67,20,1000,9,7
traveling-wave-kaneko67,20,2000,0,2
traveling-wave-kaneko67,20,2000,1,3
traveling-wave-kaneko67,20,2000,2,2
traveling-wave-kaneko67,20,2000,3,3
traveling-wave-kaneko67,20,2000,4,3
traveling-wave-kaneko67,20,2000,5,5
traveling-wave-kaneko67,20,2000,6,5
traveling-wave-kaneko67,20,2000,7,2
traveling-wave-kaneko67,20,2000,8,2
traveling-wave-kaneko67,20,2000,9,2
