class,seed,f0,f1,f2,f3,f4,f5
gaussian,0,0.028231829747416518,0.03640340994045082,0.011737616262642794,2.9709164956584475,0.018718042452635412,0.07870972587466955
gaussian,1,0.0239755347958446,0.035825958034701594,-0.0007497141216305254,3.0636554218126077,0.018868332611329697,0.1897734083932813
gaussian,2,0.024968814565279645,0.036455003311461204,0.021390210774147173,2.99030509929207,0.018928611922155864,0.09827615745947743
gaussian,3,0.026847029517867185,0.034898655048666606,0.0008732936384639661,2.938591853911773,0.02018907949071453,0.1263018148622576
gaussian,4,0.024854407897017226,0.03679182331662485,0.012358208965316945,3.0433341550216424,0.01726092782237925,0.16283956408935912
gaussian,5,0.024482447552853875,0.0361561775491034,0.0046045659719273725,2.9592635589258647,0.01828891030332652,0.16335599365821413
gaussian,6,0.024860331261856355,0.033545967654090646,0.016167463532278596,3.018457824788941,0.019101604762066928,0.14700999447847926
gaussian,7,0.026517652397289686,0.03665717770622155,-0.005184768096064561,3.0043140355048963,0.018601593650613486,0.14224811980441296
gaussian,8,0.026955637890307967,0.038998061101814745,-0.00025522219962830704,3.0319318335315755,0.01840538707091515,0.12984741646447956
gaussian,9,0.02530133043875777,0.040379415054029935,-0.014989886126350752,2.930307098568874,0.018802068600893725,0.12927327012627407
gaussian,10,0.02904599158148854,0.03884178856923543,0.009599022324752713,3.0327983681929083,0.018408105927047357,0.12835107721962252
gaussian,11,0.026095897494926863,0.03735365771430418,-0.0052033222784371195,3.0102138027083365,0.01907854212171498,0.10982052119253487
gaussian,12,0.026165846747883047,0.034749030160361474,-0.012964248987741225,2.961758134683034,0.01794111301264472,0.09831108574356265
gaussian,13,0.023142210119014624,0.037018834247469094,-0.00961972228326149,3.0409527372612586,0.017171362106042736,0.14378820823741076
gaussian,14,0.019250951029559676,0.03389863481634687,-0.002987669830988684,2.951469272828162,0.018984142996069143,0.12870545440710984
gaussian,15,0.02749488733049021,0.036144094411036845,0.004593555780794894,2.952528948101919,0.01871708393503783,0.1673589949871981
gaussian,16,0.021792259991613473,0.036462650930519744,-0.012710178268411207,2.9429039638569554,0.017828908295114635,0.15501513991709204
gaussian,17,0.02163487098358523,0.035524064645433576,0.0048723553935959615,2.9590310783441196,0.01829022518503536,0.12331382253472237
gaussian,18,0.02403753934860272,0.03447071823723485,-0.002397514440789096,3.0057264306400437,0.01953307727773438,0.10116810441815395
gaussian,19,0.026577655060044354,0.036015688712215194,-0.0010327149192868729,3.00422446349029,0.018082885160346847,0.1098899707164512
cauchy,0,0.009018870859757168,0.08118030099108925,-0.001046022157031813,470.22168772898885,0.013201237414503441,0.14919676294164572
cauchy,1,0.011532075404107688,0.16675603271889064,0.0033728498342419184,614.0169597916351,0.03372881908476524,0.15876876119454356
cauchy,2,0.008872663059107656,0.052025839561873365,-0.004961386057508245,353.88200273710356,0.014809186124041775,0.18914843411181897
cauchy,3,0.016889832722108408,0.05806306708048623,-0.005062818336215644,469.9676110794409,0.014979800406429173,0.1706114778295631
cauchy,4,0.007612232901057672,0.0673391145865301,-0.0014698802460941635,501.01681618649826,0.013949453581945086,0.11328125
cauchy,5,0.005602270162883469,0.07738867921313954,-0.03622087097764813,473.1869780528244,0.039089181793986315,0.14683551663447267
cauchy,6,0.01495338913934826,0.06248914422730239,0.008676719727673848,441.65417734561225,0.013261393284081874,0.1525359364676485
cauchy,7,0.01391820884965315,0.0535552636315518,-0.017642982129265194,299.0037947407818,0.015246487364194755,0.1468043380553688
cauchy,8,0.007400699394614989,0.06675329001488474,-0.008935182204272848,371.39940737040513,0.013494366688427439,0.17219607793969205
cauchy,9,0.006162490437040105,0.0569806321572849,-0.003632479625966534,524.146992972228,0.013031063988030559,0.10476909133900131
cauchy,10,0.0076674298178192185,0.1253693922550024,0.0071231610491404255,555.1734083496551,0.017821247173534234,0.1338430833000556
cauchy,11,0.009631685844758521,0.0559830680320858,-0.003109537790015713,367.45059452582467,0.01438689855407126,0.1360452159440015
cauchy,12,0.01883057217791145,0.07519580882252236,0.0023949481271120523,402.4200304726909,0.01464095084418245,0.16991109879622526
cauchy,13,0.007929059832666847,0.16495884303188552,0.0032934009607743947,611.5912688278104,0.021822226119270698,0.13697297791786342
cauchy,14,0.0026069826508554705,0.1513879518390414,0.0008176568388071744,721.1813708528829,0.012616466375173377,0.14659683183314579
cauchy,15,0.008813488450581084,0.07246197142822255,0.00020097833899797662,503.87589738005556,0.01339829427161752,0.1514602788339343
cauchy,16,0.006828773391962476,0.07183610407725839,-0.009304614452399764,477.95014083246207,0.012302596541112027,0.14614596326318766
cauchy,17,0.004969565609045873,0.08761214081453134,-0.0014670031490802119,553.3694216968868,0.01250007529546288,0.1594807591806238
cauchy,18,0.02950234579444164,0.10738771453702473,0.004142449789412541,537.7956782268851,0.03300954165408089,0.10761984598576603
cauchy,19,0.009088532414385606,0.06974889556645007,0.0016352183804186466,437.18726565991,0.013363699913199209,0.14068791995161667
var-ring,0,0.536274079715023,0.4656126064096053,0.8352362142473215,2.909211925559915,0.1797143098370761,0.00234375
var-ring,1,0.5530843796580954,0.5099428590888678,0.8336573650198977,2.8323894859652716,0.27463154557295116,0.0
var-ring,2,0.6559983173325775,0.6055872622187115,0.8750035332210097,2.80521647643081,0.1694539939781294,0.00234375
var-ring,3,0.3604819358341964,0.3022188514167665,0.7576232951646936,2.9958764151002795,0.1315620368443199,0.004436647145156464
var-ring,4,0.5533989667101692,0.5088051719256027,0.8482800882837627,2.732833474565035,0.23923264295461277,0.0
var-ring,5,0.4158300592389006,0.3688592683242744,0.7791141433406351,2.7837741466235126,0.1805341927083151,0.0
var-ring,6,0.5046343289197021,0.43512866637122205,0.8348095037572808,2.776163068555405,0.19118460590032152,0.001913663861549358
var-ring,7,0.5407656000973137,0.42973138801319655,0.8383471550599984,2.910830020223953,0.22448773923088144,0.001913663861549358
var-ring,8,0.49120048881075234,0.4111876031445397,0.80602553304791,2.8360431095288563,0.14931175092803828,0.0017900686308421248
var-ring,9,0.3890967783321421,0.3393487055501493,0.77938859100422,2.936572941642887,0.2184823604921026,0.0025012204052472066
var-ring,10,0.4288253640177508,0.36858672678970095,0.7921253496520646,2.841898989479168,0.19394286304503494,0.0
var-ring,11,0.4484627751407164,0.35848023842432514,0.8175341693055943,3.1134168702971303,0.21464684798789974,0.001171875
var-ring,12,0.45862293928108916,0.3747868010932853,0.789455703802485,2.97082730082838,0.17151029319410033,0.0035801372616842504
var-ring,13,0.5366081847322712,0.47232860059433995,0.8258042660143093,2.723940143760041,0.19007821383483892,0.0
var-ring,14,0.5693135151208051,0.5163225250280655,0.8292875709445893,2.7893118559618344,0.22266571227615942,0.0
var-ring,15,0.48754603976220334,0.4035047849094672,0.8249245359905875,2.769132362837736,0.26808333614821084,0.0
var-ring,16,0.3727919070087745,0.3181852171321418,0.7750786306935551,2.9699727189648932,0.1264182269890834,0.005182226234930313
var-ring,17,0.6263129696669656,0.5235213296442474,0.8624759995215541,2.5914836215696333,0.19463953533429412,0.0
var-ring,18,0.4572690618222095,0.37421763816198966,0.8055679494349794,2.98179204095294,0.19426688753495663,0.003125
var-ring,19,0.522838940043231,0.4334287892471766,0.8231621546320275,2.76757155418865,0.21203118328028886,0.0
sti-ii,0,0.9508540752815462,0.9295354449414657,-0.9497997065452604,1.1859845131152975,0.6282965706881937,0.0
sti-ii,1,0.9797475470771508,0.9742956241121283,-0.978468360206362,1.0814410995525399,0.6514624115426667,0.0
sti-ii,2,0.3007686739569954,0.34576562304085906,-0.8359228024576651,1.9401233514480503,0.2714019815685247,0.0019136638615493578
sti-ii,3,0.9350610092135938,0.9048428530947886,-0.9362045852199872,1.231938028975415,0.6179325949593502,0.0
sti-ii,4,0.21466701172512406,0.24250931807365256,-0.8205111093411306,1.923465880778148,0.2550968787437612,0.00234375
sti-ii,5,0.27501474732768977,0.3993929326269719,-0.8366563991219296,1.913816163694182,0.2444912242229626,0.0019136638615493578
sti-ii,6,0.2732411427205533,0.3490147177785855,-0.8339454559505721,1.903000119446101,0.23294293018955928,0.0011718750000000002
sti-ii,7,0.28941622002895767,0.32400450570155276,-0.8329307454187873,1.923600300746049,0.24495792109138734,0.0017900686308421248
sti-ii,8,0.4343070458725167,0.5249205203734705,-0.8698272431381195,1.7679548831492586,0.3694999416833127,0.0
sti-ii,9,0.6110968843536657,0.6461770895384029,-0.9122258588255985,1.5455092269634063,0.49445210644534116,0.0
sti-ii,10,0.7597120732086882,0.77467427372297,-0.9350778235070027,1.359696458725983,0.6322067368957675,0.0
sti-ii,11,0.9173754925489337,0.8849097722656749,-0.9494860578881967,1.2036036349361094,0.6242716233368364,0.0
sti-ii,12,0.30315743138895734,0.3267912199546403,-0.8468520343506644,1.8613623951157279,0.2979334524544456,0.0015625
sti-ii,13,0.9113686666987241,0.9236959125372155,-0.9618279470075997,1.227009776982179,0.637764451220502,0.0
sti-ii,14,0.22229830349281313,0.24077550549619905,-0.8176301991760523,1.9678765619700251,0.19547802554601285,0.0034938562148434213
sti-ii,15,0.2508813005155583,0.2705913081741178,-0.8133532145340521,1.949229727989247,0.1909095638950913,0.00234375
sti-ii,16,0.3940765263303595,0.4268775690687382,-0.8794163363390058,1.689173002472336,0.3670338551798974,0.0015625
sti-ii,17,0.795783931352477,0.795027342246256,-0.9211441687335279,1.413035620436934,0.6113648632915818,0.0
sti-ii,18,0.3004445446230826,0.3663756829951672,-0.8684280688641198,1.7554721035615846,0.28177622249781065,0.0019136638615493578
sti-ii,19,0.5510342751565194,0.6178081570543684,-0.8852908055836834,1.640756988581264,0.362894861829611,0.0019136638615493578
current K=-1 sig=0.6 bidir,0,0.06273750236753145,0.1601134372191749,0.990355908873646,1.506130059051632,0.5065166399366188,0.008567075077914574
current K=-1 sig=0.6 bidir,1,0.21653768406998183,0.40472761597201173,0.9892134231882082,1.5017232021639773,0.5588833732532892,0.004436647145156463
current K=-1 sig=0.6 bidir,2,0.13644947172778563,0.24740091544660153,0.9878350358978087,1.5017902543689852,0.5366818157109275,0.0062499999999999995
current K=-1 sig=0.6 bidir,3,0.1313631634006035,0.24732050443274,0.9887518155804639,1.5023235884966415,0.4885812438065463,0.005538065187014775
current K=-1 sig=0.6 bidir,4,0.054413751121158524,0.10688433624345467,0.9789434930948205,1.500457558771198,0.6177413348061508,0.017026948998205758
current K=-1 sig=0.6 bidir,5,0.07783044149658458,0.14477041425030054,0.9895919912236864,1.5664590996817525,0.5254347614566487,0.011192616235855001
current K=-1 sig=0.6 bidir,6,0.11253569481025794,0.18585049816073168,0.979028856068495,1.4978780493940633,0.5514493350176954,0.013355719529124031
current K=-1 sig=0.6 bidir,7,0.07222558851346743,0.1585601461684344,0.99018508221026,1.6477102770827312,0.5228188165815018,0.010633326241262656
current K=-1 sig=0.6 bidir,8,0.05811524527155884,0.14497692492406672,0.9799378077386093,1.5010216153140763,0.5202080500553563,0.011020887484113973
current K=-1 sig=0.6 bidir,9,0.040954294612329904,0.08140233024693397,0.9728987550812077,1.502098630124896,0.5495563070272407,0.016503617323654383
current K=-1 sig=0.6 bidir,10,0.11876255482963301,0.18699867775387813,0.9925592674730597,1.4948574025838535,0.5603798278993715,0.007042092334890604
current K=-1 sig=0.6 bidir,11,0.09619133742420408,0.1855787062800585,0.9811779071898817,1.497905231633738,0.5517378459659843,0.0073702977594192216
current K=-1 sig=0.6 bidir,12,0.1298854615124532,0.21554715526141674,0.9807038092166553,1.5127213319824313,0.5624189108703785,0.012693810007243688
current K=-1 sig=0.6 bidir,13,0.10630529545908557,0.16286771106076664,0.9843223460433055,1.5019553315431755,0.5570149869153452,0.011725258609221589
current K=-1 sig=0.6 bidir,14,0.05850309514911411,0.11642646598128745,0.9761487787769457,1.4965093130327884,0.5770077311555233,0.01931126108485668
current K=-1 sig=0.6 bidir,15,0.08761130487991944,0.17561649101368632,0.9743566065939089,1.4992236746818943,0.5663118610228849,0.011620683422377747
current K=-1 sig=0.6 bidir,16,0.07940557523594445,0.1812939608780219,0.9864918963829803,1.5015257500731045,0.5091850869024244,0.009407495764681481
current K=-1 sig=0.6 bidir,17,0.03677099376199466,0.09399161223072085,0.9799108464616257,1.500137957450368,0.566717263366468,0.014105836004115462
current K=-1 sig=0.6 bidir,18,0.15918623371839122,0.25983676008021506,0.9813525913872223,1.4967347918661644,0.553444555489649,0.009252124439317978
current K=-1 sig=0.6 bidir,19,0.09032392830767326,0.13750688333873007,0.9830257909874642,1.48886697907258,0.5632300732892312,0.013887803777055606
K=-1 sig=0.3 bidir,0,0.20183370054992597,0.3035143095204137,0.9900993998651165,1.5094586482115524,0.5579330859887699,0.004349815908460954
K=-1 sig=0.3 bidir,1,0.6535908955004961,0.9956952556306283,0.9886764680065736,1.501586551083089,0.6549195669015657,0.0
K=-1 sig=0.3 bidir,2,0.42210164320767213,0.6478453181147028,0.9881680994620388,1.5003663737694657,0.553689844874455,0.0019136638615493578
K=-1 sig=0.3 bidir,3,0.2969838514646231,0.4852848552758732,0.9885627122763821,1.5005868923721168,0.5235250141740215,0.003405389799641151
K=-1 sig=0.3 bidir,4,0.12579270253293848,0.23339601088790757,0.9852314316008496,1.50049277643504,0.5180076396157002,0.007624695818727788
K=-1 sig=0.3 bidir,5,0.19351338904573823,0.3327716409649011,0.9899035121059725,1.5017367592416475,0.5414951906490993,0.005298695299316616
K=-1 sig=0.3 bidir,6,0.19567667687005263,0.3036965394312421,0.9843923735604804,1.499588509055098,0.6173732679188564,0.005793905068043487
K=-1 sig=0.3 bidir,7,0.24459977487914558,0.37478941923793857,0.9899867617363256,1.5045449185957636,0.551624752122061,0.004878904686248749
K=-1 sig=0.3 bidir,8,0.21796849825155437,0.38003564623679137,0.9846839033478136,1.4987492885987321,0.5452445762462159,0.0030257682392245445
K=-1 sig=0.3 bidir,9,0.08733480241302026,0.19985344196587265,0.9824883408303553,1.4989663009897143,0.5094036824584867,0.0077733393523954685
K=-1 sig=0.3 bidir,10,0.2562265552376239,0.39876786176146756,0.9909678072121635,1.5019590885068577,0.5321778673467732,0.003244774946452373
K=-1 sig=0.3 bidir,11,0.4569886188413856,0.7560156124858126,0.984971519585123,1.4990767066312614,0.5946493086460953,0.0015624999999999999
K=-1 sig=0.3 bidir,12,0.21325862755995495,0.3012079908414158,0.9853289486518351,1.502051531191984,0.5657184884217854,0.00600089511552235
K=-1 sig=0.3 bidir,13,0.21277401932825582,0.3269464373271511,0.9869434491732767,1.4991806687716625,0.509505775461127,0.005078125
K=-1 sig=0.3 bidir,14,0.1769243371950632,0.25395759183332256,0.9841870918422071,1.5035350655721327,0.5607624073283691,0.00943987966687076
K=-1 sig=0.3 bidir,15,0.20743649775894327,0.3540832773807795,0.9823216485010603,1.4998646810399747,0.5319777152138352,0.0039836089949943625
K=-1 sig=0.3 bidir,16,0.2210184371666472,0.37469984480246504,0.9877562854668597,1.4992462353628693,0.5351382782074989,0.0029231698334171415
K=-1 sig=0.3 bidir,17,0.19103928607143017,0.3571989408795376,0.9858346600510727,1.5005011654431635,0.5898852612685224,0.008043461047646094
K=-1 sig=0.3 bidir,18,0.24004566725813611,0.4169671949398541,0.9852337677256575,1.4995748600321368,0.5450867617256013,0.0032447749464523733
K=-1 sig=0.3 bidir,19,0.2903126627731651,0.4603492651637519,0.9864381831502224,1.499926665383551,0.5192969710173758,0.004638414877749186
K=-2 sig=0.3 bidir (splay),0,0.3196255819678799,0.5219056981406933,0.9904628721781901,1.502623419949256,0.5152621666544795,0.001953125
K=-2 sig=0.3 bidir (splay),1,0.6692938141511083,0.996717361837484,0.9886674354173349,1.5015269311083852,0.6551529752668477,0.0
K=-2 sig=0.3 bidir (splay),2,0.8992431443817761,0.9975262483796877,0.9884005927965374,1.4947770957888677,0.6213162913588903,0.0
K=-2 sig=0.3 bidir (splay),3,0.655510141421501,0.9933442235381347,0.9886736416370516,1.5009260937130515,0.6543825037513935,0.0
K=-2 sig=0.3 bidir (splay),4,0.3078070333044424,0.5008843752843095,0.9859293579126378,1.502629143770617,0.47870773215333673,0.0039836089949943625
K=-2 sig=0.3 bidir (splay),5,0.4297701259514159,0.7337026659599784,0.9902558099130332,1.501095815011334,0.5832479039325139,0.0031249999999999997
K=-2 sig=0.3 bidir (splay),6,0.2917966377711914,0.4434979582373663,0.9845638504040002,1.5029235617870622,0.5438728793713883,0.004878904686248749
K=-2 sig=0.3 bidir (splay),7,0.41183237450842486,0.603549499609487,0.990255524062766,1.5030984282952686,0.5243509553712993,0.002620392161132566
K=-2 sig=0.3 bidir (splay),8,0.6527284320296937,0.994436288691076,0.9850898155495867,1.5000349643294166,0.6649697354700045,0.0
K=-2 sig=0.3 bidir (splay),9,0.3502615667597559,0.4824053240843089,0.9832173385816778,1.5064305563513283,0.5514551633939997,0.004436647145156463
K=-2 sig=0.3 bidir (splay),10,0.7716392934192342,0.9989589365673013,0.9912702292204096,1.5004324171328416,0.555129012678307,0.0
K=-2 sig=0.3 bidir (splay),11,0.6727131654072428,0.995958628943601,0.985106119059964,1.5004355968027916,0.6653713343408617,0.0
K=-2 sig=0.3 bidir (splay),12,0.2728951026872597,0.43281994854618433,0.9855693690880638,1.5012984558030993,0.5542072225027972,0.004638414877749186
K=-2 sig=0.3 bidir (splay),13,0.4050559944116223,0.6141699857270203,0.9874082555321493,1.4980268200558107,0.5583780678098469,0.0035801372616842504
K=-2 sig=0.3 bidir (splay),14,0.2336255887609746,0.34061252998784103,0.9847905521747669,1.5039201975683518,0.5010262494643288,0.006720566614877052
K=-2 sig=0.3 bidir (splay),15,0.48349534954796525,0.7007427005715259,0.9827063103699608,1.499144304284355,0.5664778900798622,0.0019136638615493578
K=-2 sig=0.3 bidir (splay),16,0.4656385511172284,0.6787696304258902,0.9878942035551409,1.502443064686863,0.5673300571106672,0.0019136638615493578
K=-2 sig=0.3 bidir (splay),17,0.324881403017032,0.561617637360087,0.9865617378886162,1.5030463094665816,0.5108075897749418,0.0035801372616842504
K=-2 sig=0.3 bidir (splay),18,0.4712290431802957,0.7769796957428076,0.9853582276552217,1.500454672910474,0.5967081606270415,0.0
K=-2 sig=0.3 bidir (splay),19,0.3613499399513084,0.5430541149786913,0.986623045797069,1.4984821557161783,0.507978277387069,0.003827327723098716
K=-4 sig=0.3 bidir (splay),0,0.6030695312654057,0.9969615065180943,0.9907207327634682,1.5010389172283176,0.502077093735196,0.0
K=-4 sig=0.3 bidir (splay),1,0.6158735151057182,0.9989158276981759,0.9886869327414741,1.5003248596316152,0.6553869090798358,0.0
K=-4 sig=0.3 bidir (splay),2,0.9758837500225562,0.9991351521981253,0.9884167413786409,1.4932742450197578,0.6215264217193188,0.0
K=-4 sig=0.3 bidir (splay),3,0.7459183924248007,0.9992231664551642,0.9887660091404783,1.4987300609822083,0.6548054021210385,0.0
K=-4 sig=0.3 bidir (splay),4,0.8173711460476869,0.9994899740313179,0.9866048457408946,1.5003570083011653,0.5741978603831696,0.0
K=-4 sig=0.3 bidir (splay),5,0.8102762970763137,0.9990450867221696,0.9904575666449744,1.504364080000216,0.5332776133618699,0.0
K=-4 sig=0.3 bidir (splay),6,0.6200568751592745,0.9957590959619711,0.9851115275537321,1.5004303975247821,0.6654278652842599,0.0
K=-4 sig=0.3 bidir (splay),7,0.6224023100110019,0.9990336304374079,0.9906203171129292,1.498507513223038,0.5240110985513649,0.0
K=-4 sig=0.3 bidir (splay),8,0.60316909317776,0.9962217979998232,0.9850654870547283,1.500657630435098,0.6650872708790865,0.0
K=-4 sig=0.3 bidir (splay),9,0.7069898637246249,0.9981354078715479,0.9838473186571287,1.4999947196672259,0.5828907112931028,0.0
K=-4 sig=0.3 bidir (splay),10,0.9481520217799043,0.9995128004032913,0.9912738868519779,1.4996922439012996,0.5552361775317917,0.0
K=-4 sig=0.3 bidir (splay),11,0.5928250377936224,0.9960757281664019,0.9851008139645228,1.4999315562474655,0.6654775787416088,0.0
K=-4 sig=0.3 bidir (splay),12,0.5860429319675586,0.9961424132529618,0.9861004031369868,1.5000115823762001,0.6265003562907556,0.0
K=-4 sig=0.3 bidir (splay),13,0.8662435178030642,0.9993966315567028,0.9876140334570438,1.5006217299823714,0.5403650408203442,0.0
K=-4 sig=0.3 bidir (splay),14,0.404306259170944,0.6520899503847211,0.9858832726681316,1.5014837961380825,0.4844938307175064,0.0019136638615493578
K=-4 sig=0.3 bidir (splay),15,0.778425929370323,0.998249185849983,0.9827592509880743,1.4999602628630044,0.5178373347116305,0.0
K=-4 sig=0.3 bidir (splay),16,0.5921435930399903,0.995824133179197,0.988116896249155,1.499775140728484,0.6064806466056045,0.0
K=-4 sig=0.3 bidir (splay),17,0.41443314375457196,0.6850505671050735,0.9870693326823992,1.50055924156113,0.5485536911030644,0.0019136638615493578
K=-4 sig=0.3 bidir (splay),18,0.8564694848485496,0.9990437609599713,0.9854274312236765,1.4986787153778365,0.6644199352646024,0.0
K=-4 sig=0.3 bidir (splay),19,0.601769890665074,0.99646427104541,0.9870666264810494,1.500017442670053,0.5033449225552986,0.0
K=2 sig=0.3 bidir (B),0,0.31021723660959166,0.5136141710079827,0.9905061679663199,1.4964209508987767,0.5149809172089597,0.0025911131174651564
K=2 sig=0.3 bidir (B),1,0.9052228588756064,0.9986753004608704,0.9886715849581741,1.5027945115013144,0.6551923950728955,0.0
K=2 sig=0.3 bidir (B),2,0.8977941955184813,0.9970162870962059,0.9882821029389233,1.5008285506128083,0.6214963882802949,0.0
K=2 sig=0.3 bidir (B),3,0.6615839910020028,0.9966020803511579,0.9887418116596145,1.4989018357169033,0.6545229724805105,0.0
K=2 sig=0.3 bidir (B),4,0.31361450422538534,0.5082952404076664,0.985945771165405,1.501459771297076,0.4827661861261296,0.0039836089949943625
K=2 sig=0.3 bidir (B),5,0.44299227728121654,0.7504272909116512,0.9902512865804308,1.5034099028060601,0.5885095590637991,0.0031249999999999997
K=2 sig=0.3 bidir (B),6,0.2893828557931469,0.43313435114058574,0.9845493751017722,1.5021326704708016,0.541506434521737,0.004878904686248749
K=2 sig=0.3 bidir (B),7,0.41164583692273715,0.6010672231889226,0.990221318659635,1.5035550394183919,0.5117551612025099,0.003515625
K=2 sig=0.3 bidir (B),8,0.6526333465032649,0.995869929300578,0.9850523986881315,1.500514527715502,0.6647919426611918,0.0
K=2 sig=0.3 bidir (B),9,0.39056448556310436,0.5404574176414204,0.9832794709172141,1.5015720780029997,0.5420432089250237,0.004436647145156463
K=2 sig=0.3 bidir (B),10,0.7716300168287802,0.9989655399524068,0.9912626972351767,1.5010059974952437,0.555014071671632,0.0
K=2 sig=0.3 bidir (B),11,0.6726319768738412,0.9960809722900625,0.9850997477874861,1.5009783599468305,0.6652711693340714,0.0
K=2 sig=0.3 bidir (B),12,0.2759567749080846,0.4375949810160369,0.9856035883204057,1.5013404827247805,0.547346904765375,0.004638414877749186
K=2 sig=0.3 bidir (B),13,0.40504274017135844,0.6142148349692446,0.9873928378334108,1.4995382171879998,0.5583032912703462,0.0035801372616842504
K=2 sig=0.3 bidir (B),14,0.21621563605116095,0.3440690309420991,0.9848818990901194,1.4997015800180375,0.5060855186889797,0.006720566614877052
K=2 sig=0.3 bidir (B),15,0.4718175760220206,0.6678943108968761,0.9826527493669065,1.5010793980126926,0.5652181711449172,0.0019136638615493578
K=2 sig=0.3 bidir (B),16,0.4479435824990184,0.6561105739816304,0.9879257552518693,1.5006892351157315,0.5698472427747763,0.0019136638615493578
K=2 sig=0.3 bidir (B),17,0.3017353722876958,0.5505656291725999,0.9866015742699231,1.4942786139033806,0.5101424824595694,0.0035801372616842504
K=2 sig=0.3 bidir (B),18,0.472475261127303,0.7779575866479599,0.9853226730603731,1.5006517622274405,0.5946093004919643,0.0
K=2 sig=0.3 bidir (B),19,0.3638375044343515,0.5454530353303935,0.9866517902545759,1.4991182462577304,0.5074170597464702,0.003827327723098716
K=2 sig=0.5 bidir,0,0.2398611250344367,0.3735335435580291,0.9910341151877222,1.4997027389700517,0.4976949649204987,0.007899901725061205
K=2 sig=0.5 bidir,1,0.7412886021714405,0.9981566801494038,0.9894496785212598,1.4982328423375335,0.6602882186716595,0.0
K=2 sig=0.5 bidir,2,0.4241973464269241,0.5292162212432813,0.9883406738365681,1.5017897621721317,0.4733009641284319,0.004078244730043183
K=2 sig=0.5 bidir,3,0.3357144757945681,0.5423081875682766,0.989072064455965,1.5002943764628907,0.5796551101501525,0.00390625
K=2 sig=0.5 bidir,4,0.1562663392493954,0.26408329497067207,0.9822329789092825,1.50222654977513,0.510247741074366,0.012358821890278418
K=2 sig=0.5 bidir,5,0.2699375954900169,0.46078286925902245,0.9907989641984181,1.499681562172246,0.4685656139026325,0.007213353637741949
K=2 sig=0.5 bidir,6,0.22110231202827899,0.34808647792123537,0.9813856249281745,1.501009846170371,0.49324212316113386,0.010065702130254003
K=2 sig=0.5 bidir,7,0.2727215565251556,0.47705784840106275,0.9910958667389093,1.5014506738173046,0.4836928552578591,0.00869963181692191
K=2 sig=0.5 bidir,8,0.20562103572757856,0.37428155829329257,0.9823809610388439,1.4995796489613176,0.4271600146501611,0.005538065187014776
K=2 sig=0.5 bidir,9,0.1849696180834261,0.3124606949638259,0.9780378956595929,1.4958794511602864,0.5053140045788391,0.01074041178505275
K=2 sig=0.5 bidir,10,0.40755521301932945,0.6344841264865947,0.9928907386597563,1.5025236046477555,0.5215398942387413,0.004078244730043183
K=2 sig=0.5 bidir,11,0.5325652362242306,0.7872883524427264,0.9830055487980879,1.5015709033008995,0.592603522418106,0.0031249999999999997
K=2 sig=0.5 bidir,12,0.2323328538436666,0.33377236315176384,0.9830299017057651,1.4920328881519158,0.5585798073644818,0.009568319307746789
K=2 sig=0.5 bidir,13,0.22290535571924422,0.3381373345696641,0.9858989773180872,1.5094348279937349,0.4962801168303626,0.008043461047646094
K=2 sig=0.5 bidir,14,0.2433696542948333,0.3522000812934616,0.9800453419766118,1.504153453236182,0.5584458567882966,0.015073266704355263
K=2 sig=0.5 bidir,15,0.25916375599395985,0.4456351945078092,0.9780698876921805,1.4966048547910342,0.47419213956091405,0.007255537351955746
K=2 sig=0.5 bidir,16,0.3099410627004264,0.5254870853776518,0.9875855673517864,1.4969423745777746,0.5646065100128859,0.005740991584648074
K=2 sig=0.5 bidir,17,0.27962871143882595,0.47946816586991065,0.9826740456939053,1.7546082961123157,0.5232040446119256,0.012033532656835438
K=2 sig=0.5 bidir,18,0.33032849046245777,0.5025691459022811,0.983278544148836,1.5007943243750277,0.5458869550749484,0.004296875
K=2 sig=0.5 bidir,19,0.36854406803968776,0.4783932765443142,0.9851124344784091,1.5019967591374175,0.5159032016564831,0.007654655446197432
K=1 sig=0.4 all-to-all,0,0.21583518122761045,0.3777589220633275,0.9903219711978484,1.5062395580624675,0.5804069603741948,0.007574499777213015
K=1 sig=0.4 all-to-all,1,0.5205984500419137,0.8436600574502838,0.9889729447541564,1.4993701255716338,0.5642265204262413,0.0015624999999999999
K=1 sig=0.4 all-to-all,2,0.1950305165377003,0.39014053923139946,0.9880256413784598,1.4983614985929383,0.49936723745365025,0.004555431167847891
K=1 sig=0.4 all-to-all,3,0.3948090017219919,0.6308445163906109,0.9886489072256109,1.5000670562897092,0.5501754635230618,0.0036851488797096108
K=1 sig=0.4 all-to-all,4,0.06599861517237604,0.15646110310967992,0.9832166235830753,1.4983857165082826,0.5636327129966936,0.011594392249731116
K=1 sig=0.4 all-to-all,5,0.1163394172973408,0.2501781460083702,0.9898894188396689,1.497861207007504,0.5590909510117505,0.008230979494416202
K=1 sig=0.4 all-to-all,6,0.16089878079046216,0.29313334650051087,0.9827615369028173,1.5000203185656096,0.5427338679128041,0.00837797288653407
K=1 sig=0.4 all-to-all,7,0.08423276918809776,0.20474624485888987,0.9901773731556727,1.5032368107268472,0.5577024551905654,0.008014954894016872
K=1 sig=0.4 all-to-all,8,0.1513022210976444,0.3118616525912268,0.9830741484592199,1.4992593828909204,0.5787362734737552,0.006943901888527804
K=1 sig=0.4 all-to-all,9,0.09376666187847629,0.19058931241127625,0.9794692801064444,1.4990577145121458,0.6022828626718775,0.012860998150901819
K=1 sig=0.4 all-to-all,10,0.18413238986361147,0.37177487460502284,0.9916135203831006,1.4931911058035536,0.5489194193317302,0.006051536478449089
K=1 sig=0.4 all-to-all,11,0.36875897196035784,0.6342455776241723,0.9837882946451157,1.4992286700432218,0.47027133734587495,0.004768185787395978
K=1 sig=0.4 all-to-all,12,0.14874953067213229,0.29267986741316326,0.9838316304569101,1.5028178846707179,0.5375635119889868,0.009077304717673634
K=1 sig=0.4 all-to-all,13,0.2708201108245702,0.43314971844977335,0.986208045464457,1.5095530322169517,0.5534075800685663,0.007664615964979916
K=1 sig=0.4 all-to-all,14,0.13117467481884093,0.25060284685397016,0.9818394567660598,1.5012899388745848,0.5977432941152927,0.01384378527083543
K=1 sig=0.4 all-to-all,15,0.2003281597849896,0.3608826048928241,0.9797842937997432,1.5006423050685203,0.5290853657743761,0.008341467384399462
K=1 sig=0.4 all-to-all,16,0.13226971665181744,0.27708680977000694,0.9873107154189096,1.5021238494997882,0.542962864072665,0.006406726354240909
K=1 sig=0.4 all-to-all,17,0.08737422578206422,0.18519149374166335,0.9839893564186216,1.5066458819036233,0.5741465004572348,0.0125
K=1 sig=0.4 all-to-all,18,0.19252142548319143,0.36138865874384246,0.9838830121261056,1.4988498142809423,0.5200185958766459,0.006548068208687582
K=1 sig=0.4 all-to-all,19,0.19552995979736876,0.3477689903289052,0.9853722330739119,1.5023655601450252,0.5468130295986926,0.007861176483397698
K=1.5 sig=0.4 all-to-all,0,0.3939260127923456,0.6283529393720835,0.9906518262255212,1.5007125688125078,0.4760621148309342,0.006298638865858242
K=1.5 sig=0.4 all-to-all,1,0.8480269739055869,0.9964537626101195,0.989074596425233,1.5008570978466038,0.6658448560452371,0.0
K=1.5 sig=0.4 all-to-all,2,0.6581177353557779,0.9624654177236298,0.9884055065728882,1.5030145155929286,0.6280900125198503,0.0
K=1.5 sig=0.4 all-to-all,3,0.7015005012084901,0.9655181310341556,0.9890440653947747,1.4992084111996602,0.6409731653744356,0.0
K=1.5 sig=0.4 all-to-all,4,0.10165359854460439,0.2060161320225921,0.9834112961855194,1.4933582403665069,0.5571885216693957,0.011594392249731116
K=1.5 sig=0.4 all-to-all,5,0.300190937293732,0.5465085103073828,0.9902059338968956,1.4977650272707304,0.4762977935504937,0.0073702977594192216
K=1.5 sig=0.4 all-to-all,6,0.22194037189904509,0.4087844771928184,0.9829805221893272,1.501291597602298,0.4953410595055101,0.007202769107260068
K=1.5 sig=0.4 all-to-all,7,0.23466788445656261,0.43879539691762487,0.9904243676957897,1.5073992885409402,0.5061720720806341,0.006821972342411321
K=1.5 sig=0.4 all-to-all,8,0.22126106897688105,0.4217735411568799,0.9832828929486522,1.5005863468637137,0.48846337916426547,0.006548068208687582
K=1.5 sig=0.4 all-to-all,9,0.12747931284417896,0.263597554711613,0.9796038177869703,1.5055747404682895,0.530766317031833,0.012860998150901819
K=1.5 sig=0.4 all-to-all,10,0.5774015320220829,0.8787961663127536,0.9921022612046576,1.4999919262883283,0.58995691599095,0.00234375
K=1.5 sig=0.4 all-to-all,11,0.6914150806926129,0.9123032526628461,0.9840804557847891,1.4985438386181693,0.6214345047594796,0.00234375
K=1.5 sig=0.4 all-to-all,12,0.4036091172827082,0.6087662140539934,0.9841869082863977,1.4958514959649443,0.5171526699341191,0.007452650011069889
K=1.5 sig=0.4 all-to-all,13,0.4422703523328917,0.7100230674897406,0.9866748125873066,1.49324736931466,0.5047774201466757,0.006987712429686843
K=1.5 sig=0.4 all-to-all,14,0.2310478329143792,0.4049946771102737,0.9821134841923952,1.4968032971802379,0.5043851236905501,0.013666293503543673
K=1.5 sig=0.4 all-to-all,15,0.30707678329343563,0.5296353643506192,0.9799478082715481,1.5010910952797445,0.48573404817814625,0.0063107400083607474
K=1.5 sig=0.4 all-to-all,16,0.38056734661512914,0.6267112524836552,0.9876501492904737,1.498960819828399,0.4790108142401522,0.005538065187014776
K=1.5 sig=0.4 all-to-all,17,0.11518338666366572,0.24700438591112356,0.9840917276650106,1.5155115342677778,0.5412769321344442,0.0120017902310447
K=1.5 sig=0.4 all-to-all,18,0.4624846410380102,0.7727885993750833,0.9843060585314071,1.498220240441773,0.4764268719807398,0.003601384553630034
K=1.5 sig=0.4 all-to-all,19,0.32456752294304014,0.554525279831007,0.9856549353358541,1.502118583344125,0.5591533171958646,0.007255537351955746
K=-2 sig=0.3 all-to-all,0,0.09931513369053183,0.15974795752992688,0.9900195000435973,1.4979853155794232,0.5795718214022527,0.006101757559302074
K=-2 sig=0.3 all-to-all,1,0.14845156008376317,0.2086326269758175,0.9885263547258699,1.4992834930488652,0.581221117636123,0.0024705294220065464
K=-2 sig=0.3 all-to-all,2,0.12722588441021895,0.1951948271174174,0.9879593382046901,1.5012230376392484,0.5645556115205352,0.0036851488797096108
K=-2 sig=0.3 all-to-all,3,0.13983468275450883,0.2305802604419953,0.9884462884919343,1.5001999852790895,0.5742930690339535,0.003405389799641151
K=-2 sig=0.3 all-to-all,4,0.07332797739679468,0.15034352950593702,0.9850062494034171,1.497958987188066,0.5284123202121798,0.008043461047646094
K=-2 sig=0.3 all-to-all,5,0.12512742191658027,0.205343575639941,0.9897272239090501,1.4968747263991562,0.5642556386228674,0.006810779599282302
K=-2 sig=0.3 all-to-all,6,0.11305445690507256,0.1665519550902109,0.9842226586410261,1.5024359272155032,0.5989874380768645,0.006640625
K=-2 sig=0.3 all-to-all,7,0.11119389208033569,0.18748467505989663,0.9898648082715289,1.5024259228843142,0.5457423173096844,0.005313074417474782
K=-2 sig=0.3 all-to-all,8,0.12847872075327157,0.20286803664152958,0.9843853653315524,1.5016145887455357,0.6017407533490124,0.005793905068043487
K=-2 sig=0.3 all-to-all,9,0.09349223030500979,0.15732808080759392,0.9821771572493032,1.5012979726487943,0.5695765202452472,0.008916181414463537
K=-2 sig=0.3 all-to-all,10,0.14745405921316543,0.2284794852355396,0.9908339606582077,1.4985442501405994,0.6036827201448756,0.0046875
K=-2 sig=0.3 all-to-all,11,0.1504097817142863,0.19163897257882923,0.984782645582959,1.498261316732703,0.5955055096861896,0.00427908248050911
K=-2 sig=0.3 all-to-all,12,0.10685585630265379,0.1765728266190698,0.9851770099638418,1.4990138955803953,0.55336259510566,0.007031250000000001
K=-2 sig=0.3 all-to-all,13,0.093747366209549,0.15736065960262213,0.9868146975271916,1.4990796250280045,0.5849371624877113,0.006114248375975987
K=-2 sig=0.3 all-to-all,14,0.11321723178584751,0.14510455507636677,0.9840727971175705,1.497066288764191,0.560956669170855,0.011020887484113971
K=-2 sig=0.3 all-to-all,15,0.13077396764420024,0.17720588192408515,0.9820497812000554,1.4995062238876518,0.5607809861657882,0.006101757559302074
K=-2 sig=0.3 all-to-all,16,0.1294311210041457,0.17405648107321572,0.9875729576734462,1.5009038205183842,0.5876325670635155,0.0045554311678478905
K=-2 sig=0.3 all-to-all,17,0.1028145632132666,0.13984751018830555,0.9854315865344478,1.504890064211872,0.5562543282080453,0.010073278873615334
K=-2 sig=0.3 all-to-all,18,0.14620382805930493,0.2593937512561861,0.984971826775378,1.4995136777701026,0.561492530086608,0.0038273277230987156
K=-2 sig=0.3 all-to-all,19,0.1304372162492002,0.18445804790361275,0.9861880867774447,1.5006093275692503,0.5907037242126072,0.00703125
K=-4 sig=0.3 all-to-all,0,0.1098711202746161,0.15728619354888784,0.9900145554109727,1.4997166371371284,0.5362135100594394,0.006101757559302074
K=-4 sig=0.3 all-to-all,1,0.15283569577340525,0.23622792947176263,0.9884647472506035,1.502388610285319,0.5884801527769568,0.0024705294220065464
K=-4 sig=0.3 all-to-all,2,0.13378652954621076,0.17361481785309651,0.9879791498696872,1.4996297999065284,0.5740200799608284,0.003827327723098716
K=-4 sig=0.3 all-to-all,3,0.17469140079307302,0.24580241927896399,0.9884898852167572,1.4977507686956089,0.581840471473231,0.003405389799641151
K=-4 sig=0.3 all-to-all,4,0.1063782913515401,0.18388450074503473,0.9851921568398376,1.4959867187529272,0.47355986071870815,0.0074218750000000005
K=-4 sig=0.3 all-to-all,5,0.11469774206031007,0.17702213806482586,0.9897898771631961,1.498848801607028,0.5398839287229655,0.006064130740726572
K=-4 sig=0.3 all-to-all,6,0.1218961702306004,0.14398368913377685,0.9842927962256711,1.5015962060993224,0.5753449287303353,0.006640625
K=-4 sig=0.3 all-to-all,7,0.1326819181469359,0.20584784982376975,0.9899382023779897,1.501467697524484,0.5396604846692151,0.005579240959799101
K=-4 sig=0.3 all-to-all,8,0.12736226519476773,0.21284605482152008,0.984510525732136,1.4986602361736872,0.582288883341238,0.005793905068043487
K=-4 sig=0.3 all-to-all,9,0.11841293291877632,0.1693890994073131,0.9822937962002898,1.5029903828717983,0.5298037552519379,0.008916181414463537
K=-4 sig=0.3 all-to-all,10,0.15005082016862506,0.20722232634480037,0.9908520318587992,1.5010171434979567,0.5473672926285558,0.005017668976041066
K=-4 sig=0.3 all-to-all,11,0.18393291525646527,0.22895949358952916,0.9847670846327613,1.4998549954637694,0.5919153695576419,0.00427908248050911
K=-4 sig=0.3 all-to-all,12,0.1172729651747235,0.20828740788349492,0.9851888292068962,1.499805937221194,0.5295480595399675,0.006346905003621844
K=-4 sig=0.3 all-to-all,13,0.13981320393323995,0.22284487863849436,0.9868891806843021,1.5003585547563478,0.5484597234965263,0.006594508990677396
K=-4 sig=0.3 all-to-all,14,0.12530080240050545,0.18489235255237585,0.9840442481138604,1.5037748800883841,0.5172510978471564,0.009576289587602548
K=-4 sig=0.3 all-to-all,15,0.1385376854569881,0.19980767878090677,0.9820677721145235,1.5000101964029313,0.5631879549428321,0.006114248375975987
K=-4 sig=0.3 all-to-all,16,0.13210206176301867,0.1750998966380817,0.9875536735659326,1.5018077768816753,0.5656408800964164,0.004956475601738094
K=-4 sig=0.3 all-to-all,17,0.11001527128349632,0.13817360634694117,0.9855173524039321,1.4933502500772486,0.5267664330875308,0.009600160724566022
K=-4 sig=0.3 all-to-all,18,0.1594505709165032,0.2416613986340807,0.9850006796537665,1.5008249711049708,0.5474653788349044,0.0038273277230987156
K=-4 sig=0.3 all-to-all,19,0.13454786447138278,0.18846763235273786,0.9862328094761003,1.5026063817290132,0.574250942502729,0.006594508990677396
