row_id,block,label,method,predicted
linked-signs-block-96,96,linked-signs,mean_selected_linear,unlinked-signs
unlinked-signs-block-96,96,unlinked-signs,mean_selected_linear,linked-signs
linked-signs-block-97,97,linked-signs,mean_selected_linear,unlinked-signs
unlinked-signs-block-97,97,unlinked-signs,mean_selected_linear,unlinked-signs
linked-signs-block-98,98,linked-signs,mean_selected_linear,unlinked-signs
unlinked-signs-block-98,98,unlinked-signs,mean_selected_linear,unlinked-signs
linked-signs-block-99,99,linked-signs,mean_selected_linear,unlinked-signs
unlinked-signs-block-99,99,unlinked-signs,mean_selected_linear,unlinked-signs
linked-signs-block-100,100,linked-signs,mean_selected_linear,linked-signs
unlinked-signs-block-100,100,unlinked-signs,mean_selected_linear,linked-signs
linked-signs-block-101,101,linked-signs,mean_selected_linear,unlinked-signs
unlinked-signs-block-101,101,unlinked-signs,mean_selected_linear,unlinked-signs
linked-signs-block-102,102,linked-signs,mean_selected_linear,linked-signs
unlinked-signs-block-102,102,unlinked-signs,mean_selected_linear,unlinked-signs
linked-signs-block-103,103,linked-signs,mean_selected_linear,linked-signs
unlinked-signs-block-103,103,unlinked-signs,mean_selected_linear,unlinked-signs
linked-signs-block-104,104,linked-signs,mean_selected_linear,linked-signs
unlinked-signs-block-104,104,unlinked-signs,mean_selected_linear,unlinked-signs
linked-signs-block-105,105,linked-signs,mean_selected_linear,linked-signs
unlinked-signs-block-105,105,unlinked-signs,mean_selected_linear,linked-signs
linked-signs-block-106,106,linked-signs,mean_selected_linear,unlinked-signs
unlinked-signs-block-106,106,unlinked-signs,mean_selected_linear,linked-signs
linked-signs-block-107,107,linked-signs,mean_selected_linear,linked-signs
unlinked-signs-block-107,107,unlinked-signs,mean_selected_linear,linked-signs
linked-signs-block-108,108,linked-signs,mean_selected_linear,unlinked-signs
unlinked-signs-block-108,108,unlinked-signs,mean_selected_linear,unlinked-signs
linked-signs-block-109,109,linked-signs,mean_selected_linear,linked-signs
unlinked-signs-block-109,109,unlinked-signs,mean_selected_linear,linked-signs
linked-signs-block-110,110,linked-signs,mean_selected_linear,unlinked-signs
unlinked-signs-block-110,110,unlinked-signs,mean_selected_linear,unlinked-signs
linked-signs-block-111,111,linked-signs,mean_selected_linear,unlinked-signs
unlinked-signs-block-111,111,unlinked-signs,mean_selected_linear,unlinked-signs
linked-signs-block-112,112,linked-signs,mean_selected_linear,linked-signs
unlinked-signs-block-112,112,unlinked-signs,mean_selected_linear,linked-signs
linked-signs-block-113,113,linked-signs,mean_selected_linear,linked-signs
unlinked-signs-block-113,113,unlinked-signs,mean_selected_linear,linked-signs
linked-signs-block-114,114,linked-signs,mean_selected_linear,unlinked-signs
unlinked-signs-block-114,114,unlinked-signs,mean_selected_linear,unlinked-signs
linked-signs-block-115,115,linked-signs,mean_selected_linear,linked-signs
unlinked-signs-block-115,115,unlinked-signs,mean_selected_linear,linked-signs
linked-signs-block-116,116,linked-signs,mean_selected_linear,unlinked-signs
unlinked-signs-block-116,116,unlinked-signs,mean_selected_linear,unlinked-signs
linked-signs-block-117,117,linked-signs,mean_selected_linear,linked-signs
unlinked-signs-block-117,117,unlinked-signs,mean_selected_linear,linked-signs
linked-signs-block-118,118,linked-signs,mean_selected_linear,linked-signs
unlinked-signs-block-118,118,unlinked-signs,mean_selected_linear,linked-signs
linked-signs-block-119,119,linked-signs,mean_selected_linear,linked-signs
unlinked-signs-block-119,119,unlinked-signs,mean_selected_linear,linked-signs
linked-signs-block-120,120,linked-signs,mean_selected_linear,linked-signs
unlinked-signs-block-120,120,unlinked-signs,mean_selected_linear,unlinked-signs
linked-signs-block-121,121,linked-signs,mean_selected_linear,unlinked-signs
unlinked-signs-block-121,121,unlinked-signs,mean_selected_linear,unlinked-signs
linked-signs-block-122,122,linked-signs,mean_selected_linear,unlinked-signs
unlinked-signs-block-122,122,unlinked-signs,mean_selected_linear,linked-signs
linked-signs-block-123,123,linked-signs,mean_selected_linear,unlinked-signs
unlinked-signs-block-123,123,unlinked-signs,mean_selected_linear,linked-signs
linked-signs-block-124,124,linked-signs,mean_selected_linear,linked-signs
unlinked-signs-block-124,124,unlinked-signs,mean_selected_linear,linked-signs
linked-signs-block-125,125,linked-signs,mean_selected_linear,unlinked-signs
unlinked-signs-block-125,125,unlinked-signs,mean_selected_linear,linked-signs
linked-signs-block-126,126,linked-signs,mean_selected_linear,unlinked-signs
unlinked-signs-block-126,126,unlinked-signs,mean_selected_linear,linked-signs
linked-signs-block-127,127,linked-signs,mean_selected_linear,unlinked-signs
unlinked-signs-block-127,127,unlinked-signs,mean_selected_linear,unlinked-signs
linked-signs-block-96,96,linked-signs,mean_selected_stump,unlinked-signs
unlinked-signs-block-96,96,unlinked-signs,mean_selected_stump,linked-signs
linked-signs-block-97,97,linked-signs,mean_selected_stump,unlinked-signs
unlinked-signs-block-97,97,unlinked-signs,mean_selected_stump,unlinked-signs
linked-signs-block-98,98,linked-signs,mean_selected_stump,unlinked-signs
unlinked-signs-block-98,98,unlinked-signs,mean_selected_stump,unlinked-signs
linked-signs-block-99,99,linked-signs,mean_selected_stump,linked-signs
unlinked-signs-block-99,99,unlinked-signs,mean_selected_stump,linked-signs
linked-signs-block-100,100,linked-signs,mean_selected_stump,linked-signs
unlinked-signs-block-100,100,unlinked-signs,mean_selected_stump,linked-signs
linked-signs-block-101,101,linked-signs,mean_selected_stump,linked-signs
unlinked-signs-block-101,101,unlinked-signs,mean_selected_stump,unlinked-signs
linked-signs-block-102,102,linked-signs,mean_selected_stump,linked-signs
unlinked-signs-block-102,102,unlinked-signs,mean_selected_stump,unlinked-signs
linked-signs-block-103,103,linked-signs,mean_selected_stump,linked-signs
unlinked-signs-block-103,103,unlinked-signs,mean_selected_stump,unlinked-signs
linked-signs-block-104,104,linked-signs,mean_selected_stump,linked-signs
unlinked-signs-block-104,104,unlinked-signs,mean_selected_stump,unlinked-signs
linked-signs-block-105,105,linked-signs,mean_selected_stump,linked-signs
unlinked-signs-block-105,105,unlinked-signs,mean_selected_stump,linked-signs
linked-signs-block-106,106,linked-signs,mean_selected_stump,unlinked-signs
unlinked-signs-block-106,106,unlinked-signs,mean_selected_stump,linked-signs
linked-signs-block-107,107,linked-signs,mean_selected_stump,linked-signs
unlinked-signs-block-107,107,unlinked-signs,mean_selected_stump,linked-signs
linked-signs-block-108,108,linked-signs,mean_selected_stump,unlinked-signs
unlinked-signs-block-108,108,unlinked-signs,mean_selected_stump,linked-signs
linked-signs-block-109,109,linked-signs,mean_selected_stump,linked-signs
unlinked-signs-block-109,109,unlinked-signs,mean_selected_stump,linked-signs
linked-signs-block-110,110,linked-signs,mean_selected_stump,unlinked-signs
unlinked-signs-block-110,110,unlinked-signs,mean_selected_stump,unlinked-signs
linked-signs-block-111,111,linked-signs,mean_selected_stump,unlinked-signs
unlinked-signs-block-111,111,unlinked-signs,mean_selected_stump,unlinked-signs
linked-signs-block-112,112,linked-signs,mean_selected_stump,linked-signs
unlinked-signs-block-112,112,unlinked-signs,mean_selected_stump,linked-signs
linked-signs-block-113,113,linked-signs,mean_selected_stump,linked-signs
unlinked-signs-block-113,113,unlinked-signs,mean_selected_stump,linked-signs
linked-signs-block-114,114,linked-signs,mean_selected_stump,unlinked-signs
unlinked-signs-block-114,114,unlinked-signs,mean_selected_stump,unlinked-signs
linked-signs-block-115,115,linked-signs,mean_selected_stump,linked-signs
unlinked-signs-block-115,115,unlinked-signs,mean_selected_stump,linked-signs
linked-signs-block-116,116,linked-signs,mean_selected_stump,unlinked-signs
unlinked-signs-block-116,116,unlinked-signs,mean_selected_stump,linked-signs
linked-signs-block-117,117,linked-signs,mean_selected_stump,linked-signs
unlinked-signs-block-117,117,unlinked-signs,mean_selected_stump,linked-signs
linked-signs-block-118,118,linked-signs,mean_selected_stump,linked-signs
unlinked-signs-block-118,118,unlinked-signs,mean_selected_stump,linked-signs
linked-signs-block-119,119,linked-signs,mean_selected_stump,linked-signs
unlinked-signs-block-119,119,unlinked-signs,mean_selected_stump,linked-signs
linked-signs-block-120,120,linked-signs,mean_selected_stump,linked-signs
unlinked-signs-block-120,120,unlinked-signs,mean_selected_stump,unlinked-signs
linked-signs-block-121,121,linked-signs,mean_selected_stump,unlinked-signs
unlinked-signs-block-121,121,unlinked-signs,mean_selected_stump,unlinked-signs
linked-signs-block-122,122,linked-signs,mean_selected_stump,unlinked-signs
unlinked-signs-block-122,122,unlinked-signs,mean_selected_stump,linked-signs
linked-signs-block-123,123,linked-signs,mean_selected_stump,unlinked-signs
unlinked-signs-block-123,123,unlinked-signs,mean_selected_stump,linked-signs
linked-signs-block-124,124,linked-signs,mean_selected_stump,linked-signs
unlinked-signs-block-124,124,unlinked-signs,mean_selected_stump,linked-signs
linked-signs-block-125,125,linked-signs,mean_selected_stump,unlinked-signs
unlinked-signs-block-125,125,unlinked-signs,mean_selected_stump,linked-signs
linked-signs-block-126,126,linked-signs,mean_selected_stump,unlinked-signs
unlinked-signs-block-126,126,unlinked-signs,mean_selected_stump,linked-signs
linked-signs-block-127,127,linked-signs,mean_selected_stump,unlinked-signs
unlinked-signs-block-127,127,unlinked-signs,mean_selected_stump,unlinked-signs
linked-signs-block-96,96,linked-signs,distribution_selected_linear,linked-signs
unlinked-signs-block-96,96,unlinked-signs,distribution_selected_linear,unlinked-signs
linked-signs-block-97,97,linked-signs,distribution_selected_linear,linked-signs
unlinked-signs-block-97,97,unlinked-signs,distribution_selected_linear,unlinked-signs
linked-signs-block-98,98,linked-signs,distribution_selected_linear,linked-signs
unlinked-signs-block-98,98,unlinked-signs,distribution_selected_linear,unlinked-signs
linked-signs-block-99,99,linked-signs,distribution_selected_linear,unlinked-signs
unlinked-signs-block-99,99,unlinked-signs,distribution_selected_linear,unlinked-signs
linked-signs-block-100,100,linked-signs,distribution_selected_linear,unlinked-signs
unlinked-signs-block-100,100,unlinked-signs,distribution_selected_linear,linked-signs
linked-signs-block-101,101,linked-signs,distribution_selected_linear,unlinked-signs
unlinked-signs-block-101,101,unlinked-signs,distribution_selected_linear,linked-signs
linked-signs-block-102,102,linked-signs,distribution_selected_linear,linked-signs
unlinked-signs-block-102,102,unlinked-signs,distribution_selected_linear,unlinked-signs
linked-signs-block-103,103,linked-signs,distribution_selected_linear,unlinked-signs
unlinked-signs-block-103,103,unlinked-signs,distribution_selected_linear,unlinked-signs
linked-signs-block-104,104,linked-signs,distribution_selected_linear,linked-signs
unlinked-signs-block-104,104,unlinked-signs,distribution_selected_linear,unlinked-signs
linked-signs-block-105,105,linked-signs,distribution_selected_linear,linked-signs
unlinked-signs-block-105,105,unlinked-signs,distribution_selected_linear,unlinked-signs
linked-signs-block-106,106,linked-signs,distribution_selected_linear,unlinked-signs
unlinked-signs-block-106,106,unlinked-signs,distribution_selected_linear,unlinked-signs
linked-signs-block-107,107,linked-signs,distribution_selected_linear,linked-signs
unlinked-signs-block-107,107,unlinked-signs,distribution_selected_linear,unlinked-signs
linked-signs-block-108,108,linked-signs,distribution_selected_linear,linked-signs
unlinked-signs-block-108,108,unlinked-signs,distribution_selected_linear,unlinked-signs
linked-signs-block-109,109,linked-signs,distribution_selected_linear,linked-signs
unlinked-signs-block-109,109,unlinked-signs,distribution_selected_linear,unlinked-signs
linked-signs-block-110,110,linked-signs,distribution_selected_linear,linked-signs
unlinked-signs-block-110,110,unlinked-signs,distribution_selected_linear,linked-signs
linked-signs-block-111,111,linked-signs,distribution_selected_linear,unlinked-signs
unlinked-signs-block-111,111,unlinked-signs,distribution_selected_linear,unlinked-signs
linked-signs-block-112,112,linked-signs,distribution_selected_linear,linked-signs
unlinked-signs-block-112,112,unlinked-signs,distribution_selected_linear,unlinked-signs
linked-signs-block-113,113,linked-signs,distribution_selected_linear,linked-signs
unlinked-signs-block-113,113,unlinked-signs,distribution_selected_linear,unlinked-signs
linked-signs-block-114,114,linked-signs,distribution_selected_linear,linked-signs
unlinked-signs-block-114,114,unlinked-signs,distribution_selected_linear,unlinked-signs
linked-signs-block-115,115,linked-signs,distribution_selected_linear,linked-signs
unlinked-signs-block-115,115,unlinked-signs,distribution_selected_linear,linked-signs
linked-signs-block-116,116,linked-signs,distribution_selected_linear,unlinked-signs
unlinked-signs-block-116,116,unlinked-signs,distribution_selected_linear,unlinked-signs
linked-signs-block-117,117,linked-signs,distribution_selected_linear,linked-signs
unlinked-signs-block-117,117,unlinked-signs,distribution_selected_linear,unlinked-signs
linked-signs-block-118,118,linked-signs,distribution_selected_linear,linked-signs
unlinked-signs-block-118,118,unlinked-signs,distribution_selected_linear,linked-signs
linked-signs-block-119,119,linked-signs,distribution_selected_linear,linked-signs
unlinked-signs-block-119,119,unlinked-signs,distribution_selected_linear,linked-signs
linked-signs-block-120,120,linked-signs,distribution_selected_linear,linked-signs
unlinked-signs-block-120,120,unlinked-signs,distribution_selected_linear,unlinked-signs
linked-signs-block-121,121,linked-signs,distribution_selected_linear,linked-signs
unlinked-signs-block-121,121,unlinked-signs,distribution_selected_linear,unlinked-signs
linked-signs-block-122,122,linked-signs,distribution_selected_linear,unlinked-signs
unlinked-signs-block-122,122,unlinked-signs,distribution_selected_linear,linked-signs
linked-signs-block-123,123,linked-signs,distribution_selected_linear,linked-signs
unlinked-signs-block-123,123,unlinked-signs,distribution_selected_linear,linked-signs
linked-signs-block-124,124,linked-signs,distribution_selected_linear,unlinked-signs
unlinked-signs-block-124,124,unlinked-signs,distribution_selected_linear,unlinked-signs
linked-signs-block-125,125,linked-signs,distribution_selected_linear,linked-signs
unlinked-signs-block-125,125,unlinked-signs,distribution_selected_linear,linked-signs
linked-signs-block-126,126,linked-signs,distribution_selected_linear,linked-signs
unlinked-signs-block-126,126,unlinked-signs,distribution_selected_linear,linked-signs
linked-signs-block-127,127,linked-signs,distribution_selected_linear,unlinked-signs
unlinked-signs-block-127,127,unlinked-signs,distribution_selected_linear,unlinked-signs
linked-signs-block-96,96,linked-signs,distribution_selected_stump,linked-signs
unlinked-signs-block-96,96,unlinked-signs,distribution_selected_stump,unlinked-signs
linked-signs-block-97,97,linked-signs,distribution_selected_stump,linked-signs
unlinked-signs-block-97,97,unlinked-signs,distribution_selected_stump,unlinked-signs
linked-signs-block-98,98,linked-signs,distribution_selected_stump,linked-signs
unlinked-signs-block-98,98,unlinked-signs,distribution_selected_stump,linked-signs
linked-signs-block-99,99,linked-signs,distribution_selected_stump,linked-signs
unlinked-signs-block-99,99,unlinked-signs,distribution_selected_stump,linked-signs
linked-signs-block-100,100,linked-signs,distribution_selected_stump,linked-signs
unlinked-signs-block-100,100,unlinked-signs,distribution_selected_stump,linked-signs
linked-signs-block-101,101,linked-signs,distribution_selected_stump,linked-signs
unlinked-signs-block-101,101,unlinked-signs,distribution_selected_stump,linked-signs
linked-signs-block-102,102,linked-signs,distribution_selected_stump,linked-signs
unlinked-signs-block-102,102,unlinked-signs,distribution_selected_stump,linked-signs
linked-signs-block-103,103,linked-signs,distribution_selected_stump,linked-signs
unlinked-signs-block-103,103,unlinked-signs,distribution_selected_stump,unlinked-signs
linked-signs-block-104,104,linked-signs,distribution_selected_stump,linked-signs
unlinked-signs-block-104,104,unlinked-signs,distribution_selected_stump,linked-signs
linked-signs-block-105,105,linked-signs,distribution_selected_stump,linked-signs
unlinked-signs-block-105,105,unlinked-signs,distribution_selected_stump,linked-signs
linked-signs-block-106,106,linked-signs,distribution_selected_stump,linked-signs
unlinked-signs-block-106,106,unlinked-signs,distribution_selected_stump,linked-signs
linked-signs-block-107,107,linked-signs,distribution_selected_stump,linked-signs
unlinked-signs-block-107,107,unlinked-signs,distribution_selected_stump,unlinked-signs
linked-signs-block-108,108,linked-signs,distribution_selected_stump,linked-signs
unlinked-signs-block-108,108,unlinked-signs,distribution_selected_stump,linked-signs
linked-signs-block-109,109,linked-signs,distribution_selected_stump,linked-signs
unlinked-signs-block-109,109,unlinked-signs,distribution_selected_stump,linked-signs
linked-signs-block-110,110,linked-signs,distribution_selected_stump,linked-signs
unlinked-signs-block-110,110,unlinked-signs,distribution_selected_stump,linked-signs
linked-signs-block-111,111,linked-signs,distribution_selected_stump,linked-signs
unlinked-signs-block-111,111,unlinked-signs,distribution_selected_stump,unlinked-signs
linked-signs-block-112,112,linked-signs,distribution_selected_stump,linked-signs
unlinked-signs-block-112,112,unlinked-signs,distribution_selected_stump,linked-signs
linked-signs-block-113,113,linked-signs,distribution_selected_stump,linked-signs
unlinked-signs-block-113,113,unlinked-signs,distribution_selected_stump,linked-signs
linked-signs-block-114,114,linked-signs,distribution_selected_stump,linked-signs
unlinked-signs-block-114,114,unlinked-signs,distribution_selected_stump,unlinked-signs
linked-signs-block-115,115,linked-signs,distribution_selected_stump,linked-signs
unlinked-signs-block-115,115,unlinked-signs,distribution_selected_stump,linked-signs
linked-signs-block-116,116,linked-signs,distribution_selected_stump,linked-signs
unlinked-signs-block-116,116,unlinked-signs,distribution_selected_stump,unlinked-signs
linked-signs-block-117,117,linked-signs,distribution_selected_stump,linked-signs
unlinked-signs-block-117,117,unlinked-signs,distribution_selected_stump,linked-signs
linked-signs-block-118,118,linked-signs,distribution_selected_stump,linked-signs
unlinked-signs-block-118,118,unlinked-signs,distribution_selected_stump,linked-signs
linked-signs-block-119,119,linked-signs,distribution_selected_stump,linked-signs
unlinked-signs-block-119,119,unlinked-signs,distribution_selected_stump,linked-signs
linked-signs-block-120,120,linked-signs,distribution_selected_stump,linked-signs
unlinked-signs-block-120,120,unlinked-signs,distribution_selected_stump,unlinked-signs
linked-signs-block-121,121,linked-signs,distribution_selected_stump,linked-signs
unlinked-signs-block-121,121,unlinked-signs,distribution_selected_stump,unlinked-signs
linked-signs-block-122,122,linked-signs,distribution_selected_stump,linked-signs
unlinked-signs-block-122,122,unlinked-signs,distribution_selected_stump,linked-signs
linked-signs-block-123,123,linked-signs,distribution_selected_stump,linked-signs
unlinked-signs-block-123,123,unlinked-signs,distribution_selected_stump,linked-signs
linked-signs-block-124,124,linked-signs,distribution_selected_stump,unlinked-signs
unlinked-signs-block-124,124,unlinked-signs,distribution_selected_stump,linked-signs
linked-signs-block-125,125,linked-signs,distribution_selected_stump,linked-signs
unlinked-signs-block-125,125,unlinked-signs,distribution_selected_stump,linked-signs
linked-signs-block-126,126,linked-signs,distribution_selected_stump,linked-signs
unlinked-signs-block-126,126,unlinked-signs,distribution_selected_stump,linked-signs
linked-signs-block-127,127,linked-signs,distribution_selected_stump,linked-signs
unlinked-signs-block-127,127,unlinked-signs,distribution_selected_stump,unlinked-signs
linked-signs-block-96,96,linked-signs,mean_sparse_cv,linked-signs
unlinked-signs-block-96,96,unlinked-signs,mean_sparse_cv,linked-signs
linked-signs-block-97,97,linked-signs,mean_sparse_cv,unlinked-signs
unlinked-signs-block-97,97,unlinked-signs,mean_sparse_cv,linked-signs
linked-signs-block-98,98,linked-signs,mean_sparse_cv,unlinked-signs
unlinked-signs-block-98,98,unlinked-signs,mean_sparse_cv,unlinked-signs
linked-signs-block-99,99,linked-signs,mean_sparse_cv,linked-signs
unlinked-signs-block-99,99,unlinked-signs,mean_sparse_cv,linked-signs
linked-signs-block-100,100,linked-signs,mean_sparse_cv,unlinked-signs
unlinked-signs-block-100,100,unlinked-signs,mean_sparse_cv,linked-signs
linked-signs-block-101,101,linked-signs,mean_sparse_cv,linked-signs
unlinked-signs-block-101,101,unlinked-signs,mean_sparse_cv,linked-signs
linked-signs-block-102,102,linked-signs,mean_sparse_cv,linked-signs
unlinked-signs-block-102,102,unlinked-signs,mean_sparse_cv,unlinked-signs
linked-signs-block-103,103,linked-signs,mean_sparse_cv,unlinked-signs
unlinked-signs-block-103,103,unlinked-signs,mean_sparse_cv,linked-signs
linked-signs-block-104,104,linked-signs,mean_sparse_cv,unlinked-signs
unlinked-signs-block-104,104,unlinked-signs,mean_sparse_cv,linked-signs
linked-signs-block-105,105,linked-signs,mean_sparse_cv,linked-signs
unlinked-signs-block-105,105,unlinked-signs,mean_sparse_cv,linked-signs
linked-signs-block-106,106,linked-signs,mean_sparse_cv,unlinked-signs
unlinked-signs-block-106,106,unlinked-signs,mean_sparse_cv,linked-signs
linked-signs-block-107,107,linked-signs,mean_sparse_cv,unlinked-signs
unlinked-signs-block-107,107,unlinked-signs,mean_sparse_cv,linked-signs
linked-signs-block-108,108,linked-signs,mean_sparse_cv,unlinked-signs
unlinked-signs-block-108,108,unlinked-signs,mean_sparse_cv,unlinked-signs
linked-signs-block-109,109,linked-signs,mean_sparse_cv,linked-signs
unlinked-signs-block-109,109,unlinked-signs,mean_sparse_cv,unlinked-signs
linked-signs-block-110,110,linked-signs,mean_sparse_cv,linked-signs
unlinked-signs-block-110,110,unlinked-signs,mean_sparse_cv,linked-signs
linked-signs-block-111,111,linked-signs,mean_sparse_cv,unlinked-signs
unlinked-signs-block-111,111,unlinked-signs,mean_sparse_cv,unlinked-signs
linked-signs-block-112,112,linked-signs,mean_sparse_cv,linked-signs
unlinked-signs-block-112,112,unlinked-signs,mean_sparse_cv,unlinked-signs
linked-signs-block-113,113,linked-signs,mean_sparse_cv,linked-signs
unlinked-signs-block-113,113,unlinked-signs,mean_sparse_cv,linked-signs
linked-signs-block-114,114,linked-signs,mean_sparse_cv,unlinked-signs
unlinked-signs-block-114,114,unlinked-signs,mean_sparse_cv,unlinked-signs
linked-signs-block-115,115,linked-signs,mean_sparse_cv,linked-signs
unlinked-signs-block-115,115,unlinked-signs,mean_sparse_cv,linked-signs
linked-signs-block-116,116,linked-signs,mean_sparse_cv,linked-signs
unlinked-signs-block-116,116,unlinked-signs,mean_sparse_cv,unlinked-signs
linked-signs-block-117,117,linked-signs,mean_sparse_cv,linked-signs
unlinked-signs-block-117,117,unlinked-signs,mean_sparse_cv,unlinked-signs
linked-signs-block-118,118,linked-signs,mean_sparse_cv,unlinked-signs
unlinked-signs-block-118,118,unlinked-signs,mean_sparse_cv,linked-signs
linked-signs-block-119,119,linked-signs,mean_sparse_cv,unlinked-signs
unlinked-signs-block-119,119,unlinked-signs,mean_sparse_cv,linked-signs
linked-signs-block-120,120,linked-signs,mean_sparse_cv,unlinked-signs
unlinked-signs-block-120,120,unlinked-signs,mean_sparse_cv,unlinked-signs
linked-signs-block-121,121,linked-signs,mean_sparse_cv,unlinked-signs
unlinked-signs-block-121,121,unlinked-signs,mean_sparse_cv,linked-signs
linked-signs-block-122,122,linked-signs,mean_sparse_cv,linked-signs
unlinked-signs-block-122,122,unlinked-signs,mean_sparse_cv,unlinked-signs
linked-signs-block-123,123,linked-signs,mean_sparse_cv,unlinked-signs
unlinked-signs-block-123,123,unlinked-signs,mean_sparse_cv,unlinked-signs
linked-signs-block-124,124,linked-signs,mean_sparse_cv,unlinked-signs
unlinked-signs-block-124,124,unlinked-signs,mean_sparse_cv,unlinked-signs
linked-signs-block-125,125,linked-signs,mean_sparse_cv,unlinked-signs
unlinked-signs-block-125,125,unlinked-signs,mean_sparse_cv,linked-signs
linked-signs-block-126,126,linked-signs,mean_sparse_cv,unlinked-signs
unlinked-signs-block-126,126,unlinked-signs,mean_sparse_cv,unlinked-signs
linked-signs-block-127,127,linked-signs,mean_sparse_cv,unlinked-signs
unlinked-signs-block-127,127,unlinked-signs,mean_sparse_cv,unlinked-signs
