original_run_path,metadata_records,catalogue,sha256,n_spis,decision,current_physical_path,storage_status,recommendation
/g/data/ql44/we2614/covariance_modulation_260909,640,configs/pyspi/benchmarked_p90.yaml,bc4bafa16b4add8bb6283db490a9fa3d8dde4fde47093147d32579b989397965,289,p90_verified,/g/data/ql44/we2614/mts-spi-study/representation/synthetic/covariance-modulation/covariance_modulation_260909,live,retain
/g/data/ql44/we2614/hcp_working_memory_audit_260912,654,configs/pyspi/benchmarked_p90.yaml,bc4bafa16b4add8bb6283db490a9fa3d8dde4fde47093147d32579b989397965,289,p90_verified,/g/data/ql44/we2614/mts-spi-study/representation/empirical/hcp-working-memory/processed/hcp_working_memory_audit_260912,live,retain
/g/data/ql44/we2614/interaction_share_260908,520,configs/pyspi/benchmarked_p90.yaml,bc4bafa16b4add8bb6283db490a9fa3d8dde4fde47093147d32579b989397965,289,p90_verified,/g/data/ql44/we2614/mts-spi-study/representation/synthetic/interaction-share/pilot/interaction_share_260908,live,retain
/g/data/ql44/we2614/interaction_share_confirmation_260908,1200,configs/pyspi/benchmarked_p90.yaml,bc4bafa16b4add8bb6283db490a9fa3d8dde4fde47093147d32579b989397965,289,p90_verified,/g/data/ql44/we2614/mts-spi-study/representation/synthetic/interaction-share/confirmation/interaction_share_confirmation_260908,live,retain
/g/data/ql44/we2614/interaction_share_phase_260908,1200,configs/pyspi/benchmarked_p90.yaml,bc4bafa16b4add8bb6283db490a9fa3d8dde4fde47093147d32579b989397965,289,p90_verified,/g/data/ql44/we2614/mts-spi-study/representation/synthetic/interaction-share/controls/interaction_share_phase_260908,live,retain
/g/data/ql44/we2614/large_m_pair_baselines_260917,48,configs/pyspi/benchmarked_p90.yaml,bc4bafa16b4add8bb6283db490a9fa3d8dde4fde47093147d32579b989397965,289,p90_verified,/g/data/ql44/we2614/mts-spi-study/pyspi-optimisation/large-m-260917,live,retain
/g/data/ql44/we2614/mts-spi-data-v2/_discarded_smokes/post-heatmap-fix-pre-final-commit,4,configs/pyspi/benchmarked_p90.yaml,bc4bafa16b4add8bb6283db490a9fa3d8dde4fde47093147d32579b989397965,289,p90_verified,,deleted_authorized,already_removed
/g/data/ql44/we2614/mts-spi-data-v2/_discarded_smokes/pre-no-heatmap-fix,2,configs/pyspi/benchmarked_p90.yaml,bc4bafa16b4add8bb6283db490a9fa3d8dde4fde47093147d32579b989397965,289,p90_verified,,deleted_authorized,already_removed
/g/data/ql44/we2614/mts-spi-data-v2/embeddings/cml_param_sweep_260508,820,configs/pyspi/benchmarked_p90.yaml,bc4bafa16b4add8bb6283db490a9fa3d8dde4fde47093147d32579b989397965,289,p90_verified,/g/data/ql44/we2614/mts-spi-study/order-parameter-inference/quadratic-cml/runs/cml_param_sweep_260508,deleted_authorized,User authorised deletion on 2026-09-23; compact derived features retained.
/g/data/ql44/we2614/mts-spi-data-v2/embeddings/cross_mt_cml_development_260824,360,configs/pyspi/benchmarked_p90.yaml,bc4bafa16b4add8bb6283db490a9fa3d8dde4fde47093147d32579b989397965,289,p90_verified,/g/data/ql44/we2614/mts-spi-study/representation/cross-mt/data/development/cross_mt_cml_development_260824,live,retain
/g/data/ql44/we2614/mts-spi-data-v2/embeddings/cross_mt_confirmation_260824,2520,configs/pyspi/benchmarked_p90.yaml,bc4bafa16b4add8bb6283db490a9fa3d8dde4fde47093147d32579b989397965,289,p90_verified,/g/data/ql44/we2614/mts-spi-study/representation/cross-mt/data/confirmation/cross_mt_confirmation_260824,live,retain
/g/data/ql44/we2614/mts-spi-data-v2/embeddings/multi_p90_260701,900,configs/pyspi/benchmarked_p90.yaml,bc4bafa16b4add8bb6283db490a9fa3d8dde4fde47093147d32579b989397965,289,p90_verified,/g/data/ql44/we2614/mts-spi-study/proof/data/development/multi_p90_260701,live,retain
/g/data/ql44/we2614/mts-spi-data/order_parameter/cml2d_confirmation_260911,1408,configs/pyspi/benchmarked_p90.yaml,bc4bafa16b4add8bb6283db490a9fa3d8dde4fde47093147d32579b989397965,289,p90_verified,/g/data/ql44/we2614/mts-spi-study/order-parameter-inference/cml2d/runs/cml2d_confirmation_260911,live,retain
/g/data/ql44/we2614/mts-spi-data/order_parameter/cml2d_full_observation_260914,680,configs/pyspi/benchmarked_p90.yaml,bc4bafa16b4add8bb6283db490a9fa3d8dde4fde47093147d32579b989397965,289,p90_verified,/g/data/ql44/we2614/mts-spi-study/order-parameter-inference/cml2d/runs/cml2d_full_observation_260914,live,retain
/g/data/ql44/we2614/mts-spi-data/order_parameter/finite_regime_260915/hindmarsh-rose,168,configs/pyspi/benchmarked_p90.yaml,bc4bafa16b4add8bb6283db490a9fa3d8dde4fde47093147d32579b989397965,289,p90_verified,/g/data/ql44/we2614/mts-spi-study/order-parameter-inference/finite-regime/runs/finite_regime_260915/hindmarsh-rose,live,retain
/g/data/ql44/we2614/mts-spi-data/order_parameter/finite_regime_260915/lorenz96,168,configs/pyspi/benchmarked_p90.yaml,bc4bafa16b4add8bb6283db490a9fa3d8dde4fde47093147d32579b989397965,289,p90_verified,/g/data/ql44/we2614/mts-spi-study/order-parameter-inference/finite-regime/runs/finite_regime_260915/lorenz96,live,retain
/g/data/ql44/we2614/mts-spi-data/order_parameter/finite_regime_260915/rossler,840,configs/pyspi/benchmarked_p90.yaml,bc4bafa16b4add8bb6283db490a9fa3d8dde4fde47093147d32579b989397965,289,p90_verified,/g/data/ql44/we2614/mts-spi-study/order-parameter-inference/finite-regime/runs/finite_regime_260915/rossler,live,retain
/g/data/ql44/we2614/mts-spi-data/zenodo_7118947/runs/p90-zscore/zenodo-7118947-p90-zscore,1053,configs/pyspi/benchmarked_p90.yaml,bc4bafa16b4add8bb6283db490a9fa3d8dde4fde47093147d32579b989397965,289,p90_verified,/g/data/ql44/we2614/mts-spi-study/archives/zenodo/7118947/unseeded-p90-260825.tar.zst,archived_superseded,superseded_archive_preserved
/g/data/ql44/we2614/mts-spi-data/zenodo_7118947/runs/p90-zscore/zenodo-7118947-p90-zscore-seed1729,1053,configs/pyspi/benchmarked_p90.yaml,bc4bafa16b4add8bb6283db490a9fa3d8dde4fde47093147d32579b989397965,289,p90_verified,/g/data/ql44/we2614/mts-spi-study/zenodo/7118947/runs/authoritative-seed1729,live,retain
/g/data/ql44/we2614/neurotycho_source_f64_extra_260910,448,configs/pyspi/benchmarked_p90.yaml,bc4bafa16b4add8bb6283db490a9fa3d8dde4fde47093147d32579b989397965,289,p90_verified,/g/data/ql44/we2614/mts-spi-study/representation/empirical/neurotycho/source/neurotycho_source_f64_extra_260910,live,retain
/g/data/ql44/we2614/neurotycho_source_f64_scout_260910,256,configs/pyspi/benchmarked_p90.yaml,bc4bafa16b4add8bb6283db490a9fa3d8dde4fde47093147d32579b989397965,289,p90_verified,/g/data/ql44/we2614/mts-spi-study/representation/empirical/neurotycho/source/neurotycho_source_f64_scout_260910,live,retain
/g/data/ql44/we2614/neurotycho_source_scout_260910,2,configs/pyspi/benchmarked_p90.yaml,bc4bafa16b4add8bb6283db490a9fa3d8dde4fde47093147d32579b989397965,289,p90_verified,/g/data/ql44/we2614/mts-spi-study/representation/empirical/neurotycho/legacy-float32-scout/neurotycho_source_scout_260910,live,obsolete_float32_precision_scout_retained
/g/data/ql44/we2614/neurotycho_target_pf_260910,256,configs/pyspi/benchmarked_p90.yaml,bc4bafa16b4add8bb6283db490a9fa3d8dde4fde47093147d32579b989397965,289,p90_verified,/g/data/ql44/we2614/mts-spi-study/representation/empirical/neurotycho/target/neurotycho_target_pf_260910,live,retain
/g/data/ql44/we2614/oscillatory_coorganization_pilot_260909,520,configs/pyspi/benchmarked_p90.yaml,bc4bafa16b4add8bb6283db490a9fa3d8dde4fde47093147d32579b989397965,289,p90_verified,/g/data/ql44/we2614/mts-spi-study/representation/synthetic/oscillatory-coorganization/pilot/oscillatory_coorganization_pilot_260909,live,retain
/g/data/ql44/we2614/oscillatory_coorganization_scout_260909,96,configs/pyspi/benchmarked_p90.yaml,bc4bafa16b4add8bb6283db490a9fa3d8dde4fde47093147d32579b989397965,289,p90_verified,/g/data/ql44/we2614/mts-spi-study/representation/synthetic/oscillatory-coorganization/scout/oscillatory_coorganization_scout_260909,live,retain
/g/data/ql44/we2614/oscillatory_coorganization_transfer_260909,400,configs/pyspi/benchmarked_p90.yaml,bc4bafa16b4add8bb6283db490a9fa3d8dde4fde47093147d32579b989397965,289,p90_verified,/g/data/ql44/we2614/mts-spi-study/representation/synthetic/oscillatory-coorganization/transfer-faster/oscillatory_coorganization_transfer_260909,live,retain
/g/data/ql44/we2614/oscillatory_mechanism_transfer_260910,400,configs/pyspi/benchmarked_p90.yaml,bc4bafa16b4add8bb6283db490a9fa3d8dde4fde47093147d32579b989397965,289,p90_verified,/g/data/ql44/we2614/mts-spi-study/representation/synthetic/oscillatory-coorganization/transfer-mechanism/oscillatory_mechanism_transfer_260910,live,retain
/g/data/ql44/we2614/representation_stage_b_260907,672,configs/pyspi/benchmarked_p90.yaml,bc4bafa16b4add8bb6283db490a9fa3d8dde4fde47093147d32579b989397965,289,p90_verified,/g/data/ql44/we2614/mts-spi-study/representation/synthetic/representation-stage-b/representation_stage_b_260907,live,retain
/scratch/ql44/we2614/mts-spi-data/embeddings/cml-embedding,540,configs/pyspi-v2/benchmarked90_amortized_config.yaml,,297,flag_delete_non_p90,/scratch/ql44/we2614/mts-spi-study/legacy-non-p90/data/cml-embedding,live,flagged_for_deletion_not_deleted
/scratch/ql44/we2614/mts-spi-data/embeddings/kuramoto_explosive_260616,670,configs/pyspi-v2/benchmarked90_amortized_config.yaml,,297,flag_delete_non_p90,/scratch/ql44/we2614/mts-spi-study/legacy-non-p90/data/kuramoto_explosive_260616,live,flagged_for_deletion_not_deleted
/scratch/ql44/we2614/mts-spi-data/embeddings/kuramoto_k_sweep_260616,410,configs/pyspi-v2/benchmarked90_amortized_config.yaml,,297,flag_delete_non_p90,/scratch/ql44/we2614/mts-spi-study/legacy-non-p90/data/kuramoto_k_sweep_260616,live,flagged_for_deletion_not_deleted
/scratch/ql44/we2614/mts-spi-data/order_parameter/cml2d_period_doubling_260911,690,configs/pyspi/benchmarked_p90.yaml,bc4bafa16b4add8bb6283db490a9fa3d8dde4fde47093147d32579b989397965,289,p90_verified,/scratch/ql44/we2614/mts-spi-study/order-parameter-inference/cml2d/runs/cml2d_period_doubling_260911,live,retain
/scratch/ql44/we2614/mts-spi-data/order_parameter/desai_zwanzig_T_sensitivity,336,configs/pyspi/benchmarked_p90.yaml,bc4bafa16b4add8bb6283db490a9fa3d8dde4fde47093147d32579b989397965,289,p90_verified,/scratch/ql44/we2614/mts-spi-study/order-parameter-inference/desai-zwanzig/runs/desai_zwanzig_T_sensitivity,live,retain
/scratch/ql44/we2614/mts-spi-data/order_parameter/desai_zwanzig_fine_boundary,336,configs/pyspi/benchmarked_p90.yaml,bc4bafa16b4add8bb6283db490a9fa3d8dde4fde47093147d32579b989397965,289,p90_verified,/scratch/ql44/we2614/mts-spi-study/order-parameter-inference/desai-zwanzig/runs/desai_zwanzig_fine_boundary,live,retain
/scratch/ql44/we2614/mts-spi-data/order_parameter/kuramoto_confirmation,1152,configs/pyspi/benchmarked_p90.yaml,bc4bafa16b4add8bb6283db490a9fa3d8dde4fde47093147d32579b989397965,289,p90_verified,/scratch/ql44/we2614/mts-spi-study/order-parameter-inference/kuramoto/runs/kuramoto_confirmation,live,retain
/scratch/ql44/we2614/mts-spi-data/order_parameter/kuramoto_feature_scout,72,configs/pyspi/benchmarked_p90.yaml,bc4bafa16b4add8bb6283db490a9fa3d8dde4fde47093147d32579b989397965,289,p90_verified,/scratch/ql44/we2614/mts-spi-study/order-parameter-inference/kuramoto/runs/kuramoto_feature_scout,live,retain
/scratch/ql44/we2614/mts-spi-data/order_parameter/kuramoto_final_confirmation,1536,configs/pyspi/benchmarked_p90.yaml,bc4bafa16b4add8bb6283db490a9fa3d8dde4fde47093147d32579b989397965,289,p90_verified,/scratch/ql44/we2614/mts-spi-study/order-parameter-inference/kuramoto/runs/kuramoto_final_confirmation,live,retain
/scratch/ql44/we2614/mts-spi-data/order_parameter/kuramoto_full_observation_260916,256,configs/pyspi/benchmarked_p90.yaml,bc4bafa16b4add8bb6283db490a9fa3d8dde4fde47093147d32579b989397965,289,p90_verified,/scratch/ql44/we2614/mts-spi-study/order-parameter-inference/kuramoto/runs/kuramoto_full_observation_260916,live,retain
/scratch/ql44/we2614/mts-spi-data/order_parameter/kuramoto_order_benchmark,880,configs/pyspi/benchmarked_p90.yaml,bc4bafa16b4add8bb6283db490a9fa3d8dde4fde47093147d32579b989397965,289,p90_verified,/scratch/ql44/we2614/mts-spi-study/order-parameter-inference/kuramoto/runs/kuramoto_order_benchmark,live,retain
/scratch/ql44/we2614/mts-spi-data/order_parameter/kuramoto_p90_pilot,6,configs/pyspi/benchmarked_p90.yaml,bc4bafa16b4add8bb6283db490a9fa3d8dde4fde47093147d32579b989397965,289,p90_verified,/scratch/ql44/we2614/mts-spi-study/order-parameter-inference/kuramoto/runs/kuramoto_p90_pilot,live,retain
/scratch/ql44/we2614/mts-spi-data/order_parameter/kuramoto_smoke,2,configs/pyspi/benchmarked_p90.yaml,,290,flag_obsolete_p90_revision_smoke,,deleted_authorized,already_removed
/scratch/ql44/we2614/mts-spi-data/order_parameter/miller_huse_confirmation,216,configs/pyspi/benchmarked_p90.yaml,bc4bafa16b4add8bb6283db490a9fa3d8dde4fde47093147d32579b989397965,289,p90_verified,/scratch/ql44/we2614/mts-spi-study/order-parameter-inference/miller-huse/runs/miller_huse_confirmation,live,retain
/scratch/ql44/we2614/mts-spi-data/order_parameter/miller_huse_development,288,configs/pyspi/benchmarked_p90.yaml,bc4bafa16b4add8bb6283db490a9fa3d8dde4fde47093147d32579b989397965,289,p90_verified,/scratch/ql44/we2614/mts-spi-study/order-parameter-inference/miller-huse/runs/miller_huse_development,live,retain
/scratch/ql44/we2614/mts-spi-data/order_parameter/quadratic_cml_development,1224,configs/pyspi/benchmarked_p90.yaml,bc4bafa16b4add8bb6283db490a9fa3d8dde4fde47093147d32579b989397965,289,p90_verified,/scratch/ql44/we2614/mts-spi-study/order-parameter-inference/quadratic-cml/runs/quadratic_cml_development,live,retain
/scratch/ql44/we2614/mts-spi-data/order_parameter/spin_order_smoke,1,configs/pyspi/benchmarked_p90.yaml,bc4bafa16b4add8bb6283db490a9fa3d8dde4fde47093147d32579b989397965,289,p90_verified,,deleted_authorized,already_removed
/scratch/ql44/we2614/mts-spi-data/order_parameter/stuart_landau_confirmation,1296,configs/pyspi/benchmarked_p90.yaml,bc4bafa16b4add8bb6283db490a9fa3d8dde4fde47093147d32579b989397965,289,p90_verified,/scratch/ql44/we2614/mts-spi-study/order-parameter-inference/stuart-landau/runs/stuart_landau_confirmation,live,retain
/scratch/ql44/we2614/mts-spi-data/order_parameter/stuart_landau_development,1440,configs/pyspi/benchmarked_p90.yaml,bc4bafa16b4add8bb6283db490a9fa3d8dde4fde47093147d32579b989397965,289,p90_verified,/scratch/ql44/we2614/mts-spi-study/order-parameter-inference/stuart-landau/runs/stuart_landau_development,live,retain
/scratch/ql44/we2614/mts-spi-data/order_parameter/stuart_landau_locking_boundary_confirmation,152,configs/pyspi/benchmarked_p90.yaml,bc4bafa16b4add8bb6283db490a9fa3d8dde4fde47093147d32579b989397965,289,p90_verified,/scratch/ql44/we2614/mts-spi-study/order-parameter-inference/stuart-landau/runs/stuart_landau_locking_boundary_confirmation,live,retain
/scratch/ql44/we2614/mts-spi-data/order_parameter/stuart_landau_locking_boundary_preproduction_smoke_178136812,2,configs/pyspi/benchmarked_p90.yaml,bc4bafa16b4add8bb6283db490a9fa3d8dde4fde47093147d32579b989397965,289,p90_verified,,deleted_authorized,already_removed
/g/data/ql44/we2614/mts-spi-archives/storage-cleanup-260922/260726_r1_demo.tar.zst,24,configs/pyspi-v2/benchmarked90_amortized_config.yaml,,297,flag_delete_non_p90_archive,/g/data/ql44/we2614/eeml-2026-application/archives/july-2026/260726_r1_demo.tar.zst,available_archive,flagged_for_deletion_not_deleted
/g/data/ql44/we2614/mts-spi-archives/storage-cleanup-260922/260726_r1_nonlinear.tar.zst,4500,configs/pyspi-v2/benchmarked90_amortized_config.yaml,,297,flag_delete_non_p90_archive,/g/data/ql44/we2614/eeml-2026-application/archives/july-2026/260726_r1_nonlinear.tar.zst,available_archive,flagged_for_deletion_not_deleted
/g/data/ql44/we2614/mts-spi-archives/storage-cleanup-260922/260727_r0_297.tar.zst,3000,configs/pyspi-v2/benchmarked90_amortized_config.yaml,,297,flag_delete_non_p90_archive,/g/data/ql44/we2614/eeml-2026-application/archives/july-2026/260727_r0_297.tar.zst,available_archive,flagged_for_deletion_not_deleted
/g/data/ql44/we2614/mts-spi-archives/storage-cleanup-260922/260727_r1_probe.tar.zst,9,configs/pyspi-v2/benchmarked90_amortized_config.yaml,,297,flag_delete_non_p90_archive,/g/data/ql44/we2614/eeml-2026-application/archives/july-2026/260727_r1_probe.tar.zst,available_archive,flagged_for_deletion_not_deleted
/g/data/ql44/we2614/mts-spi-archives/storage-cleanup-260922/260728_r1b_obs.tar.zst,3000,configs/pyspi-v2/benchmarked90_amortized_config.yaml,,297,flag_delete_non_p90_archive,/g/data/ql44/we2614/eeml-2026-application/archives/july-2026/260728_r1b_obs.tar.zst,available_archive,flagged_for_deletion_not_deleted
/g/data/ql44/we2614/mts-spi-archives/legacy-proof-v2/proof_benchmarked80_260603.tar.zst,900,configs/pyspi-v2/benchmarked80_amortized_config.yaml,,267,flag_delete_non_p90_archive,/g/data/ql44/we2614/mts-spi-study/archives/proof/legacy-v2/proof_benchmarked80_260603.tar.zst,available_archive,flagged_for_deletion_not_deleted
/g/data/ql44/we2614/mts-spi-archives/legacy-proof-v2/proof_benchmarked90_260603.tar.zst,900,configs/pyspi-v2/benchmarked90_amortized_config.yaml,,297,flag_delete_non_p90_archive,/g/data/ql44/we2614/mts-spi-study/archives/proof/legacy-v2/proof_benchmarked90_260603.tar.zst,available_archive,flagged_for_deletion_not_deleted
/g/data/ql44/we2614/mts-spi-archives/legacy-proof-v2/proof_benchmarked95_260603.tar.zst,900,configs/pyspi-v2/benchmarked95_amortized_config.yaml,,312,flag_delete_non_p90_archive,/g/data/ql44/we2614/mts-spi-study/archives/proof/legacy-v2/proof_benchmarked95_260603.tar.zst,available_archive,flagged_for_deletion_not_deleted
/g/data/ql44/we2614/mts-spi-archives/cml2d_period_doubling_260911.tar,690,configs/pyspi/benchmarked_p90.yaml,bc4bafa16b4add8bb6283db490a9fa3d8dde4fde47093147d32579b989397965,289,p90_verified_archive,/g/data/ql44/we2614/mts-spi-study/archives/order-parameter-inference/cml2d/cml2d_period_doubling_260911.tar,available_archive,retain
/scratch/ql44/we2614/spi-spi-direction-v2/cml_embedding.npz,1,configs/pyspi-v2/benchmarked90_amortized_config.yaml,,,flag_delete_non_p90_feature_provenance,/scratch/ql44/we2614/mts-spi-study/legacy-non-p90/features/cml_embedding.npz,live,flagged_for_deletion_not_deleted
