path,class,instance,beta_tag,beta,r_rho,r_mi,rho_mi,r_mi_dce,rho_mi_dce,mi_median_abs_change
/Users/wedi0306/Code/mts-spi-study-cluster/data/cases/r-rho-mi-260924/data/iter1_L/M32_T2000_I0,iter1_L,0,baseline,5.0,0.9997525763264355,0.8374299782202199,0.8365195970743008,0.8380504873500777,0.8371519614468823,0.014682068216161692
/Users/wedi0306/Code/mts-spi-study-cluster/data/cases/r-rho-mi-260924/data/iter1_L/M32_T2000_I1,iter1_L,1,baseline,5.0,0.9997774230833558,0.8600630153131354,0.8629719895931707,0.8605348156366158,0.8634418107300655,0.016563146393669292
/Users/wedi0306/Code/mts-spi-study-cluster/data/cases/r-rho-mi-260924/data/iter1_L/M32_T2000_I10,iter1_L,10,baseline,5.0,0.9999621303259677,0.8223425248788386,0.8227530136619678,0.8226227713681757,0.8230326738931099,0.014255306533060619
/Users/wedi0306/Code/mts-spi-study-cluster/data/cases/r-rho-mi-260924/data/iter1_L/M32_T2000_I11,iter1_L,11,baseline,5.0,0.999483384796976,0.9047170173296115,0.9060383112796114,0.904808718786152,0.9061492418648167,0.017845517887466578
/Users/wedi0306/Code/mts-spi-study-cluster/data/cases/r-rho-mi-260924/data/iter1_L/M32_T2000_I12,iter1_L,12,baseline,5.0,0.9998115070065896,0.8688772223630942,0.8722534766483262,0.8691067303233199,0.8724817286159157,0.013792699307457301
/Users/wedi0306/Code/mts-spi-study-cluster/data/cases/r-rho-mi-260924/data/iter1_L/M32_T2000_I13,iter1_L,13,baseline,5.0,0.9998890589274582,0.8328670586213561,0.8338835517665271,0.8333354529993363,0.8343471122076432,0.015207011289595673
/Users/wedi0306/Code/mts-spi-study-cluster/data/cases/r-rho-mi-260924/data/iter1_L/M32_T2000_I14,iter1_L,14,baseline,5.0,0.999774231071672,0.8426361666557421,0.8430480230100919,0.843083489853036,0.8435036527806642,0.012849606811710768
/Users/wedi0306/Code/mts-spi-study-cluster/data/cases/r-rho-mi-260924/data/iter1_L/M32_T2000_I15,iter1_L,15,baseline,5.0,0.9998641903119897,0.8568628990814473,0.8542865922263103,0.8569717987498157,0.8543977848906991,0.01291299721143302
/Users/wedi0306/Code/mts-spi-study-cluster/data/cases/r-rho-mi-260924/data/iter1_L/M32_T2000_I16,iter1_L,16,baseline,5.0,0.9998440857837578,0.8692231356396187,0.8707524718678799,0.8694602270644108,0.8709895385512362,0.01894403059020755
/Users/wedi0306/Code/mts-spi-study-cluster/data/cases/r-rho-mi-260924/data/iter1_L/M32_T2000_I17,iter1_L,17,baseline,5.0,0.9997826339730084,0.8445751446455043,0.8462696568300053,0.8447443574509627,0.8464412063423523,0.012510735025322184
/Users/wedi0306/Code/mts-spi-study-cluster/data/cases/r-rho-mi-260924/data/iter1_L/M32_T2000_I18,iter1_L,18,baseline,5.0,0.9998520568331338,0.7916118090546109,0.7947183459033962,0.7919828887028529,0.795086681854551,0.015757300919629902
/Users/wedi0306/Code/mts-spi-study-cluster/data/cases/r-rho-mi-260924/data/iter1_L/M32_T2000_I19,iter1_L,19,baseline,5.0,0.9999526779395775,0.7530008236149499,0.7528058899016274,0.7531523959853962,0.7529601109294501,0.015458614074367993
/Users/wedi0306/Code/mts-spi-study-cluster/data/cases/r-rho-mi-260924/data/iter1_L/M32_T2000_I2,iter1_L,2,baseline,5.0,0.9993793749523481,0.8808049777761582,0.8780806462619053,0.8809277653858186,0.878209109818842,0.015118038708637815
/Users/wedi0306/Code/mts-spi-study-cluster/data/cases/r-rho-mi-260924/data/iter1_L/M32_T2000_I20,iter1_L,20,baseline,5.0,0.9999372050029501,0.810428986670565,0.8086453550494384,0.8105850867928068,0.8088055094311769,0.01438616410873772
/Users/wedi0306/Code/mts-spi-study-cluster/data/cases/r-rho-mi-260924/data/iter1_L/M32_T2000_I21,iter1_L,21,baseline,5.0,0.9998407612954306,0.791313004429414,0.7914598655201704,0.7916278595631616,0.7917709855549793,0.013718350691855008
/Users/wedi0306/Code/mts-spi-study-cluster/data/cases/r-rho-mi-260924/data/iter1_L/M32_T2000_I22,iter1_L,22,baseline,5.0,0.9998460112246016,0.8467084178533266,0.8476459404234172,0.8471344203234378,0.8480661064781045,0.020232714299374788
/Users/wedi0306/Code/mts-spi-study-cluster/data/cases/r-rho-mi-260924/data/iter1_L/M32_T2000_I23,iter1_L,23,baseline,5.0,0.9997798923097159,0.850607696537521,0.8522170958566145,0.8511564689087195,0.8527625970029274,0.014314897829495798
/Users/wedi0306/Code/mts-spi-study-cluster/data/cases/r-rho-mi-260924/data/iter1_L/M32_T2000_I24,iter1_L,24,baseline,5.0,0.9999114813598466,0.7618239177249709,0.7631070430405309,0.7621415526862909,0.7634230403443135,0.015384195192023942
/Users/wedi0306/Code/mts-spi-study-cluster/data/cases/r-rho-mi-260924/data/iter1_L/M32_T2000_I25,iter1_L,25,baseline,5.0,0.9998371161166323,0.8236399160324795,0.825567897156777,0.8237442020817648,0.8256721194315348,0.014433311758838663
/Users/wedi0306/Code/mts-spi-study-cluster/data/cases/r-rho-mi-260924/data/iter1_L/M32_T2000_I26,iter1_L,26,baseline,5.0,0.9998518614493448,0.7981580246272483,0.7985632849476438,0.7988421629067523,0.7992508675084626,0.014872746925858493
/Users/wedi0306/Code/mts-spi-study-cluster/data/cases/r-rho-mi-260924/data/iter1_L/M32_T2000_I27,iter1_L,27,baseline,5.0,0.9997797879712534,0.8015219248014203,0.8070011667062795,0.8016264275334672,0.8071069890292524,0.012058711587401572
/Users/wedi0306/Code/mts-spi-study-cluster/data/cases/r-rho-mi-260924/data/iter1_L/M32_T2000_I28,iter1_L,28,baseline,5.0,0.9998363251443257,0.8441879000506068,0.8466045204606748,0.8445085610777553,0.8469225468680376,0.014822053970934501
/Users/wedi0306/Code/mts-spi-study-cluster/data/cases/r-rho-mi-260924/data/iter1_L/M32_T2000_I29,iter1_L,29,baseline,5.0,0.9995901837888761,0.8414782655285209,0.84916621232334,0.8416208688604773,0.8493031787668032,0.01889812147764136
/Users/wedi0306/Code/mts-spi-study-cluster/data/cases/r-rho-mi-260924/data/iter1_L/M32_T2000_I3,iter1_L,3,baseline,5.0,0.9999040266252173,0.7870828875808344,0.7902856974231383,0.7871894338755222,0.7903881621757533,0.014903075868535343
/Users/wedi0306/Code/mts-spi-study-cluster/data/cases/r-rho-mi-260924/data/iter1_L/M32_T2000_I30,iter1_L,30,baseline,5.0,0.9998659186686543,0.8439630139404123,0.8466940507870931,0.8441552260900508,0.8468837943558563,0.012368796022027784
/Users/wedi0306/Code/mts-spi-study-cluster/data/cases/r-rho-mi-260924/data/iter1_L/M32_T2000_I31,iter1_L,31,baseline,5.0,0.9998815040348461,0.8415873933044126,0.8429249143701293,0.8418551080492325,0.8431926398261065,0.012869826304367393
/Users/wedi0306/Code/mts-spi-study-cluster/data/cases/r-rho-mi-260924/data/iter1_L/M32_T2000_I32,iter1_L,32,baseline,5.0,0.9998800134256354,0.8093923846841465,0.8105792255155636,0.8098355268256296,0.8110251750948859,0.016307861645938893
/Users/wedi0306/Code/mts-spi-study-cluster/data/cases/r-rho-mi-260924/data/iter1_L/M32_T2000_I33,iter1_L,33,baseline,5.0,0.999681623856675,0.8777823654573896,0.8801285769656887,0.878034670707656,0.8803891730328355,0.016160601821805898
/Users/wedi0306/Code/mts-spi-study-cluster/data/cases/r-rho-mi-260924/data/iter1_L/M32_T2000_I34,iter1_L,34,baseline,5.0,0.9999559318683118,0.7700504525083802,0.7720536484453675,0.7704994209738639,0.7725027311654609,0.017703582396678463
/Users/wedi0306/Code/mts-spi-study-cluster/data/cases/r-rho-mi-260924/data/iter1_L/M32_T2000_I35,iter1_L,35,baseline,5.0,0.9998036094375633,0.861554690484748,0.8636005733682814,0.8614508965187249,0.863508395073577,0.01430268259284384
/Users/wedi0306/Code/mts-spi-study-cluster/data/cases/r-rho-mi-260924/data/iter1_L/M32_T2000_I36,iter1_L,36,baseline,5.0,0.999987617439345,0.7300950636178345,0.7316921789300378,0.7309932333877326,0.7325880561987508,0.018081606663744587
/Users/wedi0306/Code/mts-spi-study-cluster/data/cases/r-rho-mi-260924/data/iter1_L/M32_T2000_I37,iter1_L,37,baseline,5.0,0.9996156084501202,0.826894373909547,0.8324899470684632,0.8271282070597682,0.8327239499637366,0.011692515545650206
/Users/wedi0306/Code/mts-spi-study-cluster/data/cases/r-rho-mi-260924/data/iter1_L/M32_T2000_I38,iter1_L,38,baseline,5.0,0.9998417940384478,0.7798487289663794,0.7854754534910553,0.7801277649017715,0.7857602537376203,0.017974112990065017
/Users/wedi0306/Code/mts-spi-study-cluster/data/cases/r-rho-mi-260924/data/iter1_L/M32_T2000_I39,iter1_L,39,baseline,5.0,0.9996163412851977,0.8397952183414168,0.8431482701045202,0.8401506259359641,0.8435012090970457,0.013249727620721075
/Users/wedi0306/Code/mts-spi-study-cluster/data/cases/r-rho-mi-260924/data/iter1_L/M32_T2000_I4,iter1_L,4,baseline,5.0,0.9999648569887563,0.7353429523899354,0.7374871296559555,0.7357069538431211,0.7378495415174433,0.012758491396925642
/Users/wedi0306/Code/mts-spi-study-cluster/data/cases/r-rho-mi-260924/data/iter1_L/M32_T2000_I40,iter1_L,40,baseline,5.0,0.9994914228897043,0.8379877027220543,0.8394528779306818,0.8382015112257852,0.8396591726871477,0.0136293811344812
/Users/wedi0306/Code/mts-spi-study-cluster/data/cases/r-rho-mi-260924/data/iter1_L/M32_T2000_I41,iter1_L,41,baseline,5.0,0.9998659628050691,0.8344431149747071,0.8345912280446148,0.834546809711641,0.8346900372119156,0.012025821320365448
/Users/wedi0306/Code/mts-spi-study-cluster/data/cases/r-rho-mi-260924/data/iter1_L/M32_T2000_I42,iter1_L,42,baseline,5.0,0.9997955569489115,0.8200176333317927,0.8186092150477936,0.8201761385524966,0.8187721828402361,0.01415814705889007
/Users/wedi0306/Code/mts-spi-study-cluster/data/cases/r-rho-mi-260924/data/iter1_L/M32_T2000_I43,iter1_L,43,baseline,5.0,0.9997571872610832,0.7920966905906901,0.7946603892899464,0.792281064034537,0.7948386535868646,0.011201649541615843
/Users/wedi0306/Code/mts-spi-study-cluster/data/cases/r-rho-mi-260924/data/iter1_L/M32_T2000_I44,iter1_L,44,baseline,5.0,0.9995193767098458,0.8593457542837413,0.8552193758919182,0.8596851438865668,0.8555732995209816,0.01555728680810109
/Users/wedi0306/Code/mts-spi-study-cluster/data/cases/r-rho-mi-260924/data/iter1_L/M32_T2000_I45,iter1_L,45,baseline,5.0,0.9998117996474115,0.8750883186064753,0.8764328950505541,0.8753454603462869,0.8766970325014493,0.016976582807270102
/Users/wedi0306/Code/mts-spi-study-cluster/data/cases/r-rho-mi-260924/data/iter1_L/M32_T2000_I46,iter1_L,46,baseline,5.0,0.9998800330675837,0.8430576348434777,0.8434993307249837,0.8434761290051307,0.84392084844635,0.015852685243019415
/Users/wedi0306/Code/mts-spi-study-cluster/data/cases/r-rho-mi-260924/data/iter1_L/M32_T2000_I47,iter1_L,47,baseline,5.0,0.9996359272056724,0.8387708552997193,0.8418911600160084,0.8389528476026421,0.8420625543041974,0.015032369903611453
/Users/wedi0306/Code/mts-spi-study-cluster/data/cases/r-rho-mi-260924/data/iter1_L/M32_T2000_I48,iter1_L,48,baseline,5.0,0.9999512300102977,0.7709801785221465,0.7697926342189839,0.7717198657465316,0.7705332242262593,0.014469112861154265
/Users/wedi0306/Code/mts-spi-study-cluster/data/cases/r-rho-mi-260924/data/iter1_L/M32_T2000_I49,iter1_L,49,baseline,5.0,0.9997708688807101,0.8445766468104592,0.8464504600607103,0.8448360094750609,0.8467040024261927,0.014162825730137829
/Users/wedi0306/Code/mts-spi-study-cluster/data/cases/r-rho-mi-260924/data/iter1_L/M32_T2000_I5,iter1_L,5,baseline,5.0,0.9998927472900573,0.8620750567189491,0.8619004352805791,0.86248649475409,0.8623159559267128,0.013407713559359102
/Users/wedi0306/Code/mts-spi-study-cluster/data/cases/r-rho-mi-260924/data/iter1_L/M32_T2000_I6,iter1_L,6,baseline,5.0,0.9997531056975083,0.8490377650059959,0.851646125675212,0.8495330423056693,0.8521480073452711,0.014540238408089934
/Users/wedi0306/Code/mts-spi-study-cluster/data/cases/r-rho-mi-260924/data/iter1_L/M32_T2000_I7,iter1_L,7,baseline,5.0,0.9998461100799785,0.8572885370716733,0.8569381338341526,0.8574751891640571,0.8571165886910369,0.016183269050249027
/Users/wedi0306/Code/mts-spi-study-cluster/data/cases/r-rho-mi-260924/data/iter1_L/M32_T2000_I8,iter1_L,8,baseline,5.0,0.9996474840309709,0.8820110562748256,0.8801843000980056,0.8820391176007214,0.8802264883695278,0.015020145032730081
/Users/wedi0306/Code/mts-spi-study-cluster/data/cases/r-rho-mi-260924/data/iter1_L/M32_T2000_I9,iter1_L,9,baseline,5.0,0.9998644831001109,0.8586704413497989,0.8599124176145113,0.8588818371629332,0.8601090818026216,0.016352381406695482
/Users/wedi0306/Code/mts-spi-study-cluster/data/cases/r-rho-mi-260924/data/iter2_LM/M32_T2000_I0_beta-2pi,iter2_LM,0,beta-2pi,6.283185307179586,0.32405534766338007,0.4797688036504152,0.8721615270232274,0.47948442572657946,0.8723885308890805,0.011728205863312802
/Users/wedi0306/Code/mts-spi-study-cluster/data/cases/r-rho-mi-260924/data/iter2_LM/M32_T2000_I0_beta-5,iter2_LM,0,beta-5,5.0,0.27422793861533595,0.4445168759575671,0.8645436109564253,0.4446997284183006,0.864625657433231,0.012082449459665856
/Users/wedi0306/Code/mts-spi-study-cluster/data/cases/r-rho-mi-260924/data/iter2_LM/M32_T2000_I0_beta-pi,iter2_LM,0,beta-pi,3.141592653589793,0.26208139255694834,0.3800520613860596,0.8504700581407512,0.3801598824057558,0.8506340450501038,0.012840511889363082
/Users/wedi0306/Code/mts-spi-study-cluster/data/cases/r-rho-mi-260924/data/iter2_LM/M32_T2000_I10_beta-2pi,iter2_LM,10,beta-2pi,6.283185307179586,0.2762062885870074,0.46783222940011954,0.7677554896328744,0.46821818670544463,0.769460910706892,0.01161705207692032
/Users/wedi0306/Code/mts-spi-study-cluster/data/cases/r-rho-mi-260924/data/iter2_LM/M32_T2000_I10_beta-5,iter2_LM,10,beta-5,5.0,0.2186595974971284,0.4077100225577722,0.7791011359553651,0.4082080510760187,0.7806043660312523,0.011946574971989588
/Users/wedi0306/Code/mts-spi-study-cluster/data/cases/r-rho-mi-260924/data/iter2_LM/M32_T2000_I10_beta-pi,iter2_LM,10,beta-pi,3.141592653589793,0.16991897338219655,0.2903534526968915,0.8613909239322921,0.2910687635863913,0.8616405568324617,0.013577830454133188
/Users/wedi0306/Code/mts-spi-study-cluster/data/cases/r-rho-mi-260924/data/iter2_LM/M32_T2000_I11_beta-2pi,iter2_LM,11,beta-2pi,6.283185307179586,0.2618424314849828,0.4640701875166067,0.8416240904535239,0.464015506317985,0.8420525147769381,0.014930496856306874
/Users/wedi0306/Code/mts-spi-study-cluster/data/cases/r-rho-mi-260924/data/iter2_LM/M32_T2000_I11_beta-5,iter2_LM,11,beta-5,5.0,0.20487761917259947,0.4049986798716629,0.8385433346549144,0.40507533309711785,0.8387959993481846,0.01612996533451172
/Users/wedi0306/Code/mts-spi-study-cluster/data/cases/r-rho-mi-260924/data/iter2_LM/M32_T2000_I11_beta-pi,iter2_LM,11,beta-pi,3.141592653589793,0.14174526109198252,0.2832002925697002,0.8752081316385877,0.28411155644580033,0.8751195635791503,0.016872424097662986
/Users/wedi0306/Code/mts-spi-study-cluster/data/cases/r-rho-mi-260924/data/iter2_LM/M32_T2000_I12_beta-2pi,iter2_LM,12,beta-2pi,6.283185307179586,0.25704433933799536,0.43950548144037627,0.7843672910867531,0.4400316591824591,0.7851533581952209,0.011140872174749461
/Users/wedi0306/Code/mts-spi-study-cluster/data/cases/r-rho-mi-260924/data/iter2_LM/M32_T2000_I12_beta-5,iter2_LM,12,beta-5,5.0,0.1790258775035345,0.3729043983724066,0.7699546300300127,0.3739196362518335,0.7704203059402468,0.012053911636548342
/Users/wedi0306/Code/mts-spi-study-cluster/data/cases/r-rho-mi-260924/data/iter2_LM/M32_T2000_I12_beta-pi,iter2_LM,12,beta-pi,3.141592653589793,0.09474553621956584,0.22853513556244787,0.8371950342331689,0.22998712126604384,0.8369814103464877,0.012632486324346104
/Users/wedi0306/Code/mts-spi-study-cluster/data/cases/r-rho-mi-260924/data/iter2_LM/M32_T2000_I13_beta-2pi,iter2_LM,13,beta-2pi,6.283185307179586,0.2777083982855985,0.42848974105960175,0.838975024079177,0.42841586826615774,0.839514199547961,0.015479990963541468
/Users/wedi0306/Code/mts-spi-study-cluster/data/cases/r-rho-mi-260924/data/iter2_LM/M32_T2000_I13_beta-5,iter2_LM,13,beta-5,5.0,0.2333521325509136,0.3809399380882106,0.8500578044700221,0.38130942045870614,0.8504484102444522,0.01599932699670692
/Users/wedi0306/Code/mts-spi-study-cluster/data/cases/r-rho-mi-260924/data/iter2_LM/M32_T2000_I13_beta-pi,iter2_LM,13,beta-pi,3.141592653589793,0.2246987376054652,0.30969111543590494,0.8933588837328296,0.30998752771934807,0.893600241665719,0.016933461700026964
/Users/wedi0306/Code/mts-spi-study-cluster/data/cases/r-rho-mi-260924/data/iter2_LM/M32_T2000_I14_beta-2pi,iter2_LM,14,beta-2pi,6.283185307179586,0.2628181971037118,0.4472344505774733,0.8316257857694397,0.4475373486550028,0.8322451595465278,0.011569654832175313
/Users/wedi0306/Code/mts-spi-study-cluster/data/cases/r-rho-mi-260924/data/iter2_LM/M32_T2000_I14_beta-5,iter2_LM,14,beta-5,5.0,0.2101076854483945,0.39043888208178223,0.8223216956749893,0.3913591775658911,0.8227936684029196,0.01200650254435498
/Users/wedi0306/Code/mts-spi-study-cluster/data/cases/r-rho-mi-260924/data/iter2_LM/M32_T2000_I14_beta-pi,iter2_LM,14,beta-pi,3.141592653589793,0.16233663687529992,0.2808229132432131,0.8342141927722863,0.28224266195033093,0.8344596371888068,0.012380447812516238
/Users/wedi0306/Code/mts-spi-study-cluster/data/cases/r-rho-mi-260924/data/iter2_LM/M32_T2000_I15_beta-2pi,iter2_LM,15,beta-2pi,6.283185307179586,0.27369968852151966,0.43643631285273765,0.8447701550772199,0.4372611283744357,0.845587353359933,0.0116990191600026
/Users/wedi0306/Code/mts-spi-study-cluster/data/cases/r-rho-mi-260924/data/iter2_LM/M32_T2000_I15_beta-5,iter2_LM,15,beta-5,5.0,0.21126634966223207,0.37898291396719297,0.8321048397536811,0.37968324583336593,0.8329007031535459,0.012220015581346555
/Users/wedi0306/Code/mts-spi-study-cluster/data/cases/r-rho-mi-260924/data/iter2_LM/M32_T2000_I15_beta-pi,iter2_LM,15,beta-pi,3.141592653589793,0.1228506398250615,0.2528920293145389,0.8476100228503671,0.2547185810914488,0.847746108673509,0.012921406272535574
/Users/wedi0306/Code/mts-spi-study-cluster/data/cases/r-rho-mi-260924/data/iter2_LM/M32_T2000_I16_beta-2pi,iter2_LM,16,beta-2pi,6.283185307179586,0.3132292271087608,0.4711982950833541,0.7664205945959705,0.4720231503163545,0.7679080296767977,0.012203824550729436
/Users/wedi0306/Code/mts-spi-study-cluster/data/cases/r-rho-mi-260924/data/iter2_LM/M32_T2000_I16_beta-5,iter2_LM,16,beta-5,5.0,0.24634769677405965,0.41757781065630717,0.786206804653125,0.41925746145058124,0.7871841318138071,0.01281484242321751
/Users/wedi0306/Code/mts-spi-study-cluster/data/cases/r-rho-mi-260924/data/iter2_LM/M32_T2000_I16_beta-pi,iter2_LM,16,beta-pi,3.141592653589793,0.18320347809375184,0.3073961299862443,0.8166652554260587,0.3094282267221249,0.8166153344602074,0.013734641146849302
/Users/wedi0306/Code/mts-spi-study-cluster/data/cases/r-rho-mi-260924/data/iter2_LM/M32_T2000_I17_beta-2pi,iter2_LM,17,beta-2pi,6.283185307179586,0.23232003139454746,0.47312555039588416,0.8032828074633352,0.4744702318862849,0.8038156018712079,0.012984129238390096
/Users/wedi0306/Code/mts-spi-study-cluster/data/cases/r-rho-mi-260924/data/iter2_LM/M32_T2000_I17_beta-5,iter2_LM,17,beta-5,5.0,0.16645471872106696,0.4080151869059148,0.7899702639126681,0.4089970621060431,0.790518210920563,0.013949375060526403
/Users/wedi0306/Code/mts-spi-study-cluster/data/cases/r-rho-mi-260924/data/iter2_LM/M32_T2000_I17_beta-pi,iter2_LM,17,beta-pi,3.141592653589793,0.11971721587745246,0.2718408808692623,0.8216983855348812,0.2741238634833141,0.8217807247271697,0.014352378346575545
/Users/wedi0306/Code/mts-spi-study-cluster/data/cases/r-rho-mi-260924/data/iter2_LM/M32_T2000_I18_beta-2pi,iter2_LM,18,beta-2pi,6.283185307179586,0.2925673727889345,0.494365916521345,0.8819531681841081,0.4948055416697936,0.881990869950977,0.012058557766339462
/Users/wedi0306/Code/mts-spi-study-cluster/data/cases/r-rho-mi-260924/data/iter2_LM/M32_T2000_I18_beta-5,iter2_LM,18,beta-5,5.0,0.24880155323073663,0.45032020443742216,0.8733797546963157,0.4510626808835035,0.8732774619467313,0.012353086287387072
/Users/wedi0306/Code/mts-spi-study-cluster/data/cases/r-rho-mi-260924/data/iter2_LM/M32_T2000_I18_beta-pi,iter2_LM,18,beta-pi,3.141592653589793,0.2592279684581098,0.3709215005654981,0.8513427204355914,0.3722301217470974,0.8512340456754686,0.013531372575924294
/Users/wedi0306/Code/mts-spi-study-cluster/data/cases/r-rho-mi-260924/data/iter2_LM/M32_T2000_I19_beta-2pi,iter2_LM,19,beta-2pi,6.283185307179586,0.27734697606290487,0.4277393282253907,0.754432934119507,0.42865959734232467,0.7549895275893542,0.013878449056882403
/Users/wedi0306/Code/mts-spi-study-cluster/data/cases/r-rho-mi-260924/data/iter2_LM/M32_T2000_I19_beta-5,iter2_LM,19,beta-5,5.0,0.2328360157648736,0.3791150861071226,0.7564082727307707,0.38026224894979405,0.7567684722864731,0.013917742846045744
/Users/wedi0306/Code/mts-spi-study-cluster/data/cases/r-rho-mi-260924/data/iter2_LM/M32_T2000_I19_beta-pi,iter2_LM,19,beta-pi,3.141592653589793,0.2212282426468371,0.2982961419790224,0.8090947529889303,0.29952664803075035,0.8092363936938612,0.014984196344020706
/Users/wedi0306/Code/mts-spi-study-cluster/data/cases/r-rho-mi-260924/data/iter2_LM/M32_T2000_I1_beta-2pi,iter2_LM,1,beta-2pi,6.283185307179586,0.28713923702761107,0.4982764178376542,0.8672881915850543,0.49790595194756404,0.8678166567827247,0.010798864584181445
/Users/wedi0306/Code/mts-spi-study-cluster/data/cases/r-rho-mi-260924/data/iter2_LM/M32_T2000_I1_beta-5,iter2_LM,1,beta-5,5.0,0.21991107611834224,0.44392659967598147,0.8496530195820672,0.4443187902504582,0.8499532176655781,0.011246267956104283
/Users/wedi0306/Code/mts-spi-study-cluster/data/cases/r-rho-mi-260924/data/iter2_LM/M32_T2000_I1_beta-pi,iter2_LM,1,beta-pi,3.141592653589793,0.13135619066128223,0.30545511807788206,0.8579416614682005,0.3061740807696626,0.8582513382787286,0.011796132237759771
/Users/wedi0306/Code/mts-spi-study-cluster/data/cases/r-rho-mi-260924/data/iter2_LM/M32_T2000_I20_beta-2pi,iter2_LM,20,beta-2pi,6.283185307179586,0.27633260679806415,0.4760480357615149,0.8423128219097533,0.4759422904023056,0.8431223873572832,0.013240059458501374
/Users/wedi0306/Code/mts-spi-study-cluster/data/cases/r-rho-mi-260924/data/iter2_LM/M32_T2000_I20_beta-5,iter2_LM,20,beta-5,5.0,0.21209888169466853,0.42330594061255167,0.8199545077294534,0.42386155028019734,0.8205793582572658,0.013648133220475867
/Users/wedi0306/Code/mts-spi-study-cluster/data/cases/r-rho-mi-260924/data/iter2_LM/M32_T2000_I20_beta-pi,iter2_LM,20,beta-pi,3.141592653589793,0.11601420070752849,0.2865217975645825,0.8068756713589844,0.2865466987325324,0.8073533272803192,0.014820672893854248
/Users/wedi0306/Code/mts-spi-study-cluster/data/cases/r-rho-mi-260924/data/iter2_LM/M32_T2000_I21_beta-2pi,iter2_LM,21,beta-2pi,6.283185307179586,0.26889847580132964,0.43973869563060713,0.800480146318112,0.4396536189404384,0.801460755445996,0.011846944476065602
/Users/wedi0306/Code/mts-spi-study-cluster/data/cases/r-rho-mi-260924/data/iter2_LM/M32_T2000_I21_beta-5,iter2_LM,21,beta-5,5.0,0.19267257982916886,0.37989032474781786,0.80057015843712,0.38038308300746976,0.8012994959219438,0.012334078615472865
/Users/wedi0306/Code/mts-spi-study-cluster/data/cases/r-rho-mi-260924/data/iter2_LM/M32_T2000_I21_beta-pi,iter2_LM,21,beta-pi,3.141592653589793,0.11489698694913276,0.247836228457902,0.8860633457360898,0.2488172737588542,0.8862145663188268,0.012985226333849909
/Users/wedi0306/Code/mts-spi-study-cluster/data/cases/r-rho-mi-260924/data/iter2_LM/M32_T2000_I22_beta-2pi,iter2_LM,22,beta-2pi,6.283185307179586,0.2784708411301169,0.46492535389910405,0.8519943871496113,0.46557301715616045,0.8521963174282084,0.0119893305851968
/Users/wedi0306/Code/mts-spi-study-cluster/data/cases/r-rho-mi-260924/data/iter2_LM/M32_T2000_I22_beta-5,iter2_LM,22,beta-5,5.0,0.21433463519267978,0.413872305085954,0.8290991807005053,0.414737580185604,0.8291443720368875,0.012287816261717488
/Users/wedi0306/Code/mts-spi-study-cluster/data/cases/r-rho-mi-260924/data/iter2_LM/M32_T2000_I22_beta-pi,iter2_LM,22,beta-pi,3.141592653589793,0.16416279257343505,0.3008687698826299,0.7984848874195813,0.30173131008321447,0.798577812083256,0.012701638338081356
/Users/wedi0306/Code/mts-spi-study-cluster/data/cases/r-rho-mi-260924/data/iter2_LM/M32_T2000_I23_beta-2pi,iter2_LM,23,beta-2pi,6.283185307179586,0.2492956653707261,0.4998747239867158,0.8241211025936331,0.5009308482877213,0.825074473736956,0.013120667467681812
/Users/wedi0306/Code/mts-spi-study-cluster/data/cases/r-rho-mi-260924/data/iter2_LM/M32_T2000_I23_beta-5,iter2_LM,23,beta-5,5.0,0.181894487577658,0.43658758092437294,0.810318147751456,0.4388100725005248,0.8108139843776482,0.01352664740657561
/Users/wedi0306/Code/mts-spi-study-cluster/data/cases/r-rho-mi-260924/data/iter2_LM/M32_T2000_I23_beta-pi,iter2_LM,23,beta-pi,3.141592653589793,0.09654654251935091,0.2769410814259799,0.8581729953425992,0.2799058741785907,0.8580929151697066,0.014589131010406486
/Users/wedi0306/Code/mts-spi-study-cluster/data/cases/r-rho-mi-260924/data/iter2_LM/M32_T2000_I24_beta-2pi,iter2_LM,24,beta-2pi,6.283185307179586,0.29040291712116456,0.46057609943172534,0.8501380194670641,0.46084765117891663,0.8503859750125967,0.011391729973953435
/Users/wedi0306/Code/mts-spi-study-cluster/data/cases/r-rho-mi-260924/data/iter2_LM/M32_T2000_I24_beta-5,iter2_LM,24,beta-5,5.0,0.24106356727420816,0.41514264695190245,0.8499921634632139,0.41599814445366695,0.8501124699888462,0.01169584250625455
/Users/wedi0306/Code/mts-spi-study-cluster/data/cases/r-rho-mi-260924/data/iter2_LM/M32_T2000_I24_beta-pi,iter2_LM,24,beta-pi,3.141592653589793,0.2362776651047956,0.3401331180914489,0.8733256823313272,0.34116872366883805,0.8734178849373071,0.012014614333139662
/Users/wedi0306/Code/mts-spi-study-cluster/data/cases/r-rho-mi-260924/data/iter2_LM/M32_T2000_I25_beta-2pi,iter2_LM,25,beta-2pi,6.283185307179586,0.22612150266410327,0.4609524348293857,0.8160213935835141,0.46104852547364705,0.8166508677686599,0.010465579257393554
/Users/wedi0306/Code/mts-spi-study-cluster/data/cases/r-rho-mi-260924/data/iter2_LM/M32_T2000_I25_beta-5,iter2_LM,25,beta-5,5.0,0.16139047148190663,0.39034378373050227,0.8045081475811201,0.39092282856085536,0.8048137009031877,0.010879134577868044
/Users/wedi0306/Code/mts-spi-study-cluster/data/cases/r-rho-mi-260924/data/iter2_LM/M32_T2000_I25_beta-pi,iter2_LM,25,beta-pi,3.141592653589793,0.10457829232236579,0.24753196018334112,0.8302545104227588,0.24869831950150775,0.8301685643333933,0.011582342738702955
/Users/wedi0306/Code/mts-spi-study-cluster/data/cases/r-rho-mi-260924/data/iter2_LM/M32_T2000_I26_beta-2pi,iter2_LM,26,beta-2pi,6.283185307179586,0.2279105461863726,0.43370854147140153,0.8323876732700389,0.4345690367595603,0.8326947209027562,0.01053374157921727
/Users/wedi0306/Code/mts-spi-study-cluster/data/cases/r-rho-mi-260924/data/iter2_LM/M32_T2000_I26_beta-5,iter2_LM,26,beta-5,5.0,0.17066216562970915,0.37371186007107615,0.8153872966116604,0.3748468508594752,0.8156318976795136,0.010680836012394668
/Users/wedi0306/Code/mts-spi-study-cluster/data/cases/r-rho-mi-260924/data/iter2_LM/M32_T2000_I26_beta-pi,iter2_LM,26,beta-pi,3.141592653589793,0.12821253778578207,0.25560378372194964,0.8023693172609925,0.2568910284158271,0.8028650738796257,0.011562699487185135
/Users/wedi0306/Code/mts-spi-study-cluster/data/cases/r-rho-mi-260924/data/iter2_LM/M32_T2000_I27_beta-2pi,iter2_LM,27,beta-2pi,6.283185307179586,0.23881477512934923,0.5116217317771787,0.7756623935702558,0.5120624479306203,0.7768837278404933,0.010598934970368568
/Users/wedi0306/Code/mts-spi-study-cluster/data/cases/r-rho-mi-260924/data/iter2_LM/M32_T2000_I27_beta-5,iter2_LM,27,beta-5,5.0,0.18053265725367396,0.4375625068178678,0.7748866302199393,0.43876468946448816,0.7757897349381606,0.010780396069389742
/Users/wedi0306/Code/mts-spi-study-cluster/data/cases/r-rho-mi-260924/data/iter2_LM/M32_T2000_I27_beta-pi,iter2_LM,27,beta-pi,3.141592653589793,0.1487084354691684,0.30618182040154684,0.8395961712450455,0.3081837680810973,0.8397499759774318,0.011381064079449388
/Users/wedi0306/Code/mts-spi-study-cluster/data/cases/r-rho-mi-260924/data/iter2_LM/M32_T2000_I28_beta-2pi,iter2_LM,28,beta-2pi,6.283185307179586,0.24269841045780047,0.4280765853800514,0.7351751983892537,0.42973790965204456,0.7366065262677599,0.010698536146645843
/Users/wedi0306/Code/mts-spi-study-cluster/data/cases/r-rho-mi-260924/data/iter2_LM/M32_T2000_I28_beta-5,iter2_LM,28,beta-5,5.0,0.18528384420224478,0.3673328156899401,0.7819986144311838,0.36859856809925623,0.7830141073807515,0.01154582702408824
/Users/wedi0306/Code/mts-spi-study-cluster/data/cases/r-rho-mi-260924/data/iter2_LM/M32_T2000_I28_beta-pi,iter2_LM,28,beta-pi,3.141592653589793,0.16038734489881273,0.2680857634303112,0.9106117989363997,0.26969942002118624,0.9104575001329361,0.012687986312514443
/Users/wedi0306/Code/mts-spi-study-cluster/data/cases/r-rho-mi-260924/data/iter2_LM/M32_T2000_I29_beta-2pi,iter2_LM,29,beta-2pi,6.283185307179586,0.22020804847003694,0.4597559874040502,0.8139772377083943,0.46091935989065064,0.8146675331149557,0.009996258795767154
/Users/wedi0306/Code/mts-spi-study-cluster/data/cases/r-rho-mi-260924/data/iter2_LM/M32_T2000_I29_beta-5,iter2_LM,29,beta-5,5.0,0.15292986393108132,0.38986093611789385,0.8009273649904761,0.3918941215632471,0.80134740606724,0.010369008995251505
/Users/wedi0306/Code/mts-spi-study-cluster/data/cases/r-rho-mi-260924/data/iter2_LM/M32_T2000_I29_beta-pi,iter2_LM,29,beta-pi,3.141592653589793,0.10454125746259668,0.248134098842842,0.8225932442152177,0.25093821844035097,0.8227547353900436,0.011313569268790236
/Users/wedi0306/Code/mts-spi-study-cluster/data/cases/r-rho-mi-260924/data/iter2_LM/M32_T2000_I2_beta-2pi,iter2_LM,2,beta-2pi,6.283185307179586,0.3377154885336246,0.5029607081650159,0.8683871453219658,0.5031046599476663,0.8689106649522743,0.011834321458974895
/Users/wedi0306/Code/mts-spi-study-cluster/data/cases/r-rho-mi-260924/data/iter2_LM/M32_T2000_I2_beta-5,iter2_LM,2,beta-5,5.0,0.2997005430482368,0.46278505083259486,0.8537487807707493,0.4632769106567107,0.8541262739807787,0.01228252371497085
/Users/wedi0306/Code/mts-spi-study-cluster/data/cases/r-rho-mi-260924/data/iter2_LM/M32_T2000_I2_beta-pi,iter2_LM,2,beta-pi,3.141592653589793,0.32323375819379907,0.39931298651848013,0.8215452927671286,0.399689573927698,0.8218090916225227,0.013250700090632783
/Users/wedi0306/Code/mts-spi-study-cluster/data/cases/r-rho-mi-260924/data/iter2_LM/M32_T2000_I30_beta-2pi,iter2_LM,30,beta-2pi,6.283185307179586,0.2661573626270848,0.4617794614168641,0.856222774570871,0.4618361156599436,0.8565978155995413,0.010055199600842002
/Users/wedi0306/Code/mts-spi-study-cluster/data/cases/r-rho-mi-260924/data/iter2_LM/M32_T2000_I30_beta-5,iter2_LM,30,beta-5,5.0,0.2216361156874299,0.4061310336427947,0.8406288173446308,0.4068266082123409,0.8407998501808474,0.010540887915055475
/Users/wedi0306/Code/mts-spi-study-cluster/data/cases/r-rho-mi-260924/data/iter2_LM/M32_T2000_I30_beta-pi,iter2_LM,30,beta-pi,3.141592653589793,0.2258716899295442,0.3125448414979251,0.8001293010272313,0.31400916422599745,0.8002832645595708,0.010889165874852669
/Users/wedi0306/Code/mts-spi-study-cluster/data/cases/r-rho-mi-260924/data/iter2_LM/M32_T2000_I31_beta-2pi,iter2_LM,31,beta-2pi,6.283185307179586,0.3131455668851516,0.4948847728050702,0.8067405289178801,0.4954113503990739,0.80740956701077,0.01106262961452531
/Users/wedi0306/Code/mts-spi-study-cluster/data/cases/r-rho-mi-260924/data/iter2_LM/M32_T2000_I31_beta-5,iter2_LM,31,beta-5,5.0,0.27812629432497343,0.44558635903111204,0.7936480448562245,0.446338825501902,0.7942755795866598,0.011480191095481374
/Users/wedi0306/Code/mts-spi-study-cluster/data/cases/r-rho-mi-260924/data/iter2_LM/M32_T2000_I31_beta-pi,iter2_LM,31,beta-pi,3.141592653589793,0.33370352258805513,0.3751038752252414,0.7775391355933119,0.3755058956424096,0.7781834432913283,0.012588284757710344
/Users/wedi0306/Code/mts-spi-study-cluster/data/cases/r-rho-mi-260924/data/iter2_LM/M32_T2000_I32_beta-2pi,iter2_LM,32,beta-2pi,6.283185307179586,0.28765174578863917,0.4876469029821416,0.8854255574917832,0.48826459462133176,0.8856567440800898,0.010899780481808286
/Users/wedi0306/Code/mts-spi-study-cluster/data/cases/r-rho-mi-260924/data/iter2_LM/M32_T2000_I32_beta-5,iter2_LM,32,beta-5,5.0,0.21485030906888322,0.42934833457964483,0.8700139213659247,0.4301928312416942,0.8702277409694789,0.01130856789045609
/Users/wedi0306/Code/mts-spi-study-cluster/data/cases/r-rho-mi-260924/data/iter2_LM/M32_T2000_I32_beta-pi,iter2_LM,32,beta-pi,3.141592653589793,0.11224230754871517,0.2843820203201439,0.863820806357833,0.2852181717673414,0.8639581373179547,0.012561772289969575
/Users/wedi0306/Code/mts-spi-study-cluster/data/cases/r-rho-mi-260924/data/iter2_LM/M32_T2000_I33_beta-2pi,iter2_LM,33,beta-2pi,6.283185307179586,0.2361762268718883,0.4269693598213475,0.820205554775693,0.4276916453057171,0.8203943633900515,0.012517183653193875
/Users/wedi0306/Code/mts-spi-study-cluster/data/cases/r-rho-mi-260924/data/iter2_LM/M32_T2000_I33_beta-5,iter2_LM,33,beta-5,5.0,0.1881624668273034,0.36806219940582596,0.8250612412343052,0.3688836807568791,0.8252243189604548,0.012559987687974061
/Users/wedi0306/Code/mts-spi-study-cluster/data/cases/r-rho-mi-260924/data/iter2_LM/M32_T2000_I33_beta-pi,iter2_LM,33,beta-pi,3.141592653589793,0.1957499408809542,0.28134232834846656,0.8607343369294583,0.2821984546081191,0.8608289067520805,0.013448834664959275
/Users/wedi0306/Code/mts-spi-study-cluster/data/cases/r-rho-mi-260924/data/iter2_LM/M32_T2000_I34_beta-2pi,iter2_LM,34,beta-2pi,6.283185307179586,0.23510094317366304,0.44761922487100475,0.8235108630202949,0.4479754896209829,0.8239965032844567,0.012034192525464782
/Users/wedi0306/Code/mts-spi-study-cluster/data/cases/r-rho-mi-260924/data/iter2_LM/M32_T2000_I34_beta-5,iter2_LM,34,beta-5,5.0,0.18364647338100532,0.38573593271841805,0.8244788166020368,0.38640264733400004,0.8249034340347886,0.012378361904655577
/Users/wedi0306/Code/mts-spi-study-cluster/data/cases/r-rho-mi-260924/data/iter2_LM/M32_T2000_I34_beta-pi,iter2_LM,34,beta-pi,3.141592653589793,0.18629654858298078,0.2888090036961107,0.8410915871726257,0.2888307801744123,0.841585699512465,0.013494684798847523
/Users/wedi0306/Code/mts-spi-study-cluster/data/cases/r-rho-mi-260924/data/iter2_LM/M32_T2000_I35_beta-2pi,iter2_LM,35,beta-2pi,6.283185307179586,0.2661125865152184,0.47148784947371314,0.7965829447377567,0.4719932489709141,0.79775712409638,0.01221711713155793
/Users/wedi0306/Code/mts-spi-study-cluster/data/cases/r-rho-mi-260924/data/iter2_LM/M32_T2000_I35_beta-5,iter2_LM,35,beta-5,5.0,0.2114833024661232,0.4105093523206289,0.8073785730516184,0.4119497404522206,0.8081265391009043,0.012632308956760596
/Users/wedi0306/Code/mts-spi-study-cluster/data/cases/r-rho-mi-260924/data/iter2_LM/M32_T2000_I35_beta-pi,iter2_LM,35,beta-pi,3.141592653589793,0.1496667875055337,0.2846835423471705,0.8671789827962737,0.2853954840171388,0.8674205359970397,0.013876559715730874
/Users/wedi0306/Code/mts-spi-study-cluster/data/cases/r-rho-mi-260924/data/iter2_LM/M32_T2000_I36_beta-2pi,iter2_LM,36,beta-2pi,6.283185307179586,0.3037479269102277,0.488927227075196,0.8484668522960666,0.48915524391925236,0.8489701526121342,0.012696782497264358
/Users/wedi0306/Code/mts-spi-study-cluster/data/cases/r-rho-mi-260924/data/iter2_LM/M32_T2000_I36_beta-5,iter2_LM,36,beta-5,5.0,0.27770489298894674,0.4438597901604299,0.8414405967392985,0.4442274572020218,0.8418801649907689,0.012942915147791112
/Users/wedi0306/Code/mts-spi-study-cluster/data/cases/r-rho-mi-260924/data/iter2_LM/M32_T2000_I36_beta-pi,iter2_LM,36,beta-pi,3.141592653589793,0.34816721313562277,0.39545584848424514,0.8218041385135838,0.3964435390862965,0.8222496554226225,0.01353807970557197
/Users/wedi0306/Code/mts-spi-study-cluster/data/cases/r-rho-mi-260924/data/iter2_LM/M32_T2000_I37_beta-2pi,iter2_LM,37,beta-2pi,6.283185307179586,0.26520329704052564,0.4666097743635931,0.8440926233237767,0.4676778375258201,0.8447875226392164,0.010208115869251522
/Users/wedi0306/Code/mts-spi-study-cluster/data/cases/r-rho-mi-260924/data/iter2_LM/M32_T2000_I37_beta-5,iter2_LM,37,beta-5,5.0,0.2058177345898138,0.4059996184715729,0.8448137977690929,0.4075756223149153,0.845204580995015,0.010756085577924068
/Users/wedi0306/Code/mts-spi-study-cluster/data/cases/r-rho-mi-260924/data/iter2_LM/M32_T2000_I37_beta-pi,iter2_LM,37,beta-pi,3.141592653589793,0.16243326907651487,0.28398458804023324,0.8530050861141322,0.28593044012509405,0.8528630272980448,0.011230757247792322
/Users/wedi0306/Code/mts-spi-study-cluster/data/cases/r-rho-mi-260924/data/iter2_LM/M32_T2000_I38_beta-2pi,iter2_LM,38,beta-2pi,6.283185307179586,0.22852969230478842,0.4435684351641042,0.8259459593557965,0.44470337799931187,0.826111344190471,0.010209488013253942
/Users/wedi0306/Code/mts-spi-study-cluster/data/cases/r-rho-mi-260924/data/iter2_LM/M32_T2000_I38_beta-5,iter2_LM,38,beta-5,5.0,0.18037482040685124,0.3828293023283782,0.821055349508011,0.38362110529899585,0.8211639057649422,0.011065224112357441
/Users/wedi0306/Code/mts-spi-study-cluster/data/cases/r-rho-mi-260924/data/iter2_LM/M32_T2000_I38_beta-pi,iter2_LM,38,beta-pi,3.141592653589793,0.16695660821476918,0.27230838500961524,0.8294837825063969,0.2739761740075304,0.8292629582918128,0.011142505689331728
/Users/wedi0306/Code/mts-spi-study-cluster/data/cases/r-rho-mi-260924/data/iter2_LM/M32_T2000_I39_beta-2pi,iter2_LM,39,beta-2pi,6.283185307179586,0.27902019904075737,0.43911611635708236,0.8587042908546533,0.43949470990729217,0.8591145344729756,0.009896917468100064
/Users/wedi0306/Code/mts-spi-study-cluster/data/cases/r-rho-mi-260924/data/iter2_LM/M32_T2000_I39_beta-5,iter2_LM,39,beta-5,5.0,0.22688185072816625,0.3888238467216283,0.8771742457346042,0.38907835210626024,0.8775051782054368,0.00998143529393003
/Users/wedi0306/Code/mts-spi-study-cluster/data/cases/r-rho-mi-260924/data/iter2_LM/M32_T2000_I39_beta-pi,iter2_LM,39,beta-pi,3.141592653589793,0.21475373504886094,0.3030470577964271,0.868066135267303,0.3040247182128539,0.8678811568512558,0.010900365353930574
/Users/wedi0306/Code/mts-spi-study-cluster/data/cases/r-rho-mi-260924/data/iter2_LM/M32_T2000_I3_beta-2pi,iter2_LM,3,beta-2pi,6.283185307179586,0.19997411278566046,0.41264897804846773,0.8389398243089747,0.41285835004966315,0.8391825364480623,0.011365585077919516
/Users/wedi0306/Code/mts-spi-study-cluster/data/cases/r-rho-mi-260924/data/iter2_LM/M32_T2000_I3_beta-5,iter2_LM,3,beta-5,5.0,0.1493902618147013,0.3502739455535599,0.831663458698568,0.35081936158838656,0.8318067792450453,0.011809180574301692
/Users/wedi0306/Code/mts-spi-study-cluster/data/cases/r-rho-mi-260924/data/iter2_LM/M32_T2000_I3_beta-pi,iter2_LM,3,beta-pi,3.141592653589793,0.11680223340652443,0.2311956355835834,0.8300652987324763,0.2318462608247461,0.8302335523755049,0.012777840785194616
/Users/wedi0306/Code/mts-spi-study-cluster/data/cases/r-rho-mi-260924/data/iter2_LM/M32_T2000_I40_beta-2pi,iter2_LM,40,beta-2pi,6.283185307179586,0.255209582819567,0.4297073827118309,0.7882659063050101,0.4304627029602338,0.7890939063375332,0.009513208980204801
/Users/wedi0306/Code/mts-spi-study-cluster/data/cases/r-rho-mi-260924/data/iter2_LM/M32_T2000_I40_beta-5,iter2_LM,40,beta-5,5.0,0.21224849818612815,0.3731530005370837,0.8154835519769987,0.3735141698250588,0.8160830141145097,0.010088834923885681
/Users/wedi0306/Code/mts-spi-study-cluster/data/cases/r-rho-mi-260924/data/iter2_LM/M32_T2000_I40_beta-pi,iter2_LM,40,beta-pi,3.141592653589793,0.2400136946350303,0.2980186769117416,0.834896514017889,0.29848745461099313,0.8348800511966058,0.011112291237330041
/Users/wedi0306/Code/mts-spi-study-cluster/data/cases/r-rho-mi-260924/data/iter2_LM/M32_T2000_I41_beta-2pi,iter2_LM,41,beta-2pi,6.283185307179586,0.2559628597783165,0.446543731322785,0.8530473595925793,0.4468282521411706,0.8532861353198177,0.01060689925833369
/Users/wedi0306/Code/mts-spi-study-cluster/data/cases/r-rho-mi-260924/data/iter2_LM/M32_T2000_I41_beta-5,iter2_LM,41,beta-5,5.0,0.20333104377074213,0.389443283248672,0.8479684493797525,0.3900216585304268,0.8481332238562332,0.010787931446610166
/Users/wedi0306/Code/mts-spi-study-cluster/data/cases/r-rho-mi-260924/data/iter2_LM/M32_T2000_I41_beta-pi,iter2_LM,41,beta-pi,3.141592653589793,0.18289978262810538,0.29469914585281637,0.8653695933520472,0.29529603173939245,0.8654490915884523,0.011264583547658802
/Users/wedi0306/Code/mts-spi-study-cluster/data/cases/r-rho-mi-260924/data/iter2_LM/M32_T2000_I42_beta-2pi,iter2_LM,42,beta-2pi,6.283185307179586,0.2479780458284781,0.46892506477790313,0.8596621764888551,0.4699028657536108,0.8596720487974853,0.009979225756256316
/Users/wedi0306/Code/mts-spi-study-cluster/data/cases/r-rho-mi-260924/data/iter2_LM/M32_T2000_I42_beta-5,iter2_LM,42,beta-5,5.0,0.1868802637281786,0.4088196587911928,0.8597635335132312,0.40955254558544374,0.8599039241573128,0.010441617169800299
/Users/wedi0306/Code/mts-spi-study-cluster/data/cases/r-rho-mi-260924/data/iter2_LM/M32_T2000_I42_beta-pi,iter2_LM,42,beta-pi,3.141592653589793,0.15052831156957527,0.286779608472167,0.8805811286330834,0.2882275049380365,0.8804525113099912,0.010967930431785788
/Users/wedi0306/Code/mts-spi-study-cluster/data/cases/r-rho-mi-260924/data/iter2_LM/M32_T2000_I43_beta-2pi,iter2_LM,43,beta-2pi,6.283185307179586,0.2721944856589513,0.5184281148144991,0.7790027851666149,0.5193063069783256,0.7796474344391929,0.010876498413022073
/Users/wedi0306/Code/mts-spi-study-cluster/data/cases/r-rho-mi-260924/data/iter2_LM/M32_T2000_I43_beta-5,iter2_LM,43,beta-5,5.0,0.1987422805544931,0.4526719881351444,0.7630658378991965,0.4531889702176312,0.7638264159168362,0.011238334285263996
/Users/wedi0306/Code/mts-spi-study-cluster/data/cases/r-rho-mi-260924/data/iter2_LM/M32_T2000_I43_beta-pi,iter2_LM,43,beta-pi,3.141592653589793,0.1320957289022634,0.3034520704353431,0.8659531831872362,0.3045227989113256,0.8661303692869218,0.012269478064475425
/Users/wedi0306/Code/mts-spi-study-cluster/data/cases/r-rho-mi-260924/data/iter2_LM/M32_T2000_I44_beta-2pi,iter2_LM,44,beta-2pi,6.283185307179586,0.3133712270318037,0.49137714654820447,0.9058171716511476,0.4917481669024731,0.9060860525193798,0.01076365631770626
/Users/wedi0306/Code/mts-spi-study-cluster/data/cases/r-rho-mi-260924/data/iter2_LM/M32_T2000_I44_beta-5,iter2_LM,44,beta-5,5.0,0.2643312079497394,0.44915219092809533,0.895793292970641,0.4497562436766669,0.8959164737641216,0.011107577280413228
/Users/wedi0306/Code/mts-spi-study-cluster/data/cases/r-rho-mi-260924/data/iter2_LM/M32_T2000_I44_beta-pi,iter2_LM,44,beta-pi,3.141592653589793,0.22502637216500865,0.36733622173400626,0.8793649561660654,0.3678655419343417,0.8796077436775646,0.01261373990649517
/Users/wedi0306/Code/mts-spi-study-cluster/data/cases/r-rho-mi-260924/data/iter2_LM/M32_T2000_I45_beta-2pi,iter2_LM,45,beta-2pi,6.283185307179586,0.29485632570146925,0.48584415173746254,0.8368934271837677,0.48690551211557437,0.8374235655101256,0.013040265155352948
/Users/wedi0306/Code/mts-spi-study-cluster/data/cases/r-rho-mi-260924/data/iter2_LM/M32_T2000_I45_beta-5,iter2_LM,45,beta-5,5.0,0.2401011072647038,0.4366866661242067,0.8186682501141951,0.437440407280705,0.8193582220421367,0.013592357752667095
/Users/wedi0306/Code/mts-spi-study-cluster/data/cases/r-rho-mi-260924/data/iter2_LM/M32_T2000_I45_beta-pi,iter2_LM,45,beta-pi,3.141592653589793,0.2329668607175064,0.3462884146440736,0.7976296527131896,0.3480375066710442,0.7980421768714998,0.014625132513224948
/Users/wedi0306/Code/mts-spi-study-cluster/data/cases/r-rho-mi-260924/data/iter2_LM/M32_T2000_I46_beta-2pi,iter2_LM,46,beta-2pi,6.283185307179586,0.24576911742827254,0.5587826699960466,0.8271304245441509,0.5586614335372618,0.8281022813671907,0.010278416072107
/Users/wedi0306/Code/mts-spi-study-cluster/data/cases/r-rho-mi-260924/data/iter2_LM/M32_T2000_I46_beta-5,iter2_LM,46,beta-5,5.0,0.1881080885507251,0.4907012469654447,0.827367059696305,0.49133606921813144,0.8279694917097951,0.010847168965019804
/Users/wedi0306/Code/mts-spi-study-cluster/data/cases/r-rho-mi-260924/data/iter2_LM/M32_T2000_I46_beta-pi,iter2_LM,46,beta-pi,3.141592653589793,0.15353572659965994,0.35544630132776506,0.8671040065401572,0.35685861592446305,0.8669824856805778,0.011534885561017116
/Users/wedi0306/Code/mts-spi-study-cluster/data/cases/r-rho-mi-260924/data/iter2_LM/M32_T2000_I47_beta-2pi,iter2_LM,47,beta-2pi,6.283185307179586,0.25295548126229095,0.4866203544310453,0.8059378552603587,0.4871484583982821,0.8068506700491174,0.012083249230135262
/Users/wedi0306/Code/mts-spi-study-cluster/data/cases/r-rho-mi-260924/data/iter2_LM/M32_T2000_I47_beta-5,iter2_LM,47,beta-5,5.0,0.19991522264638192,0.42756318500371265,0.8047218247020533,0.42835673621198384,0.80526597002224,0.012540596897022471
/Users/wedi0306/Code/mts-spi-study-cluster/data/cases/r-rho-mi-260924/data/iter2_LM/M32_T2000_I47_beta-pi,iter2_LM,47,beta-pi,3.141592653589793,0.19532981716004447,0.3199115138275632,0.8421698360079094,0.32159740698309164,0.8421103556870673,0.013474903075362032
/Users/wedi0306/Code/mts-spi-study-cluster/data/cases/r-rho-mi-260924/data/iter2_LM/M32_T2000_I48_beta-2pi,iter2_LM,48,beta-2pi,6.283185307179586,0.27407576953456136,0.48974766355500754,0.8581097773429224,0.4909803951199001,0.8587636483487336,0.010522730190965834
/Users/wedi0306/Code/mts-spi-study-cluster/data/cases/r-rho-mi-260924/data/iter2_LM/M32_T2000_I48_beta-5,iter2_LM,48,beta-5,5.0,0.21093384926922523,0.4334892745573122,0.8638710599127953,0.43508230033432477,0.864346793858045,0.010790028201020707
/Users/wedi0306/Code/mts-spi-study-cluster/data/cases/r-rho-mi-260924/data/iter2_LM/M32_T2000_I48_beta-pi,iter2_LM,48,beta-pi,3.141592653589793,0.15057644239195833,0.30566841783525245,0.9145792667680135,0.30695949627791014,0.9144744489583536,0.012939922366566048
/Users/wedi0306/Code/mts-spi-study-cluster/data/cases/r-rho-mi-260924/data/iter2_LM/M32_T2000_I49_beta-2pi,iter2_LM,49,beta-2pi,6.283185307179586,0.32205269353099475,0.48851672112956257,0.9076868510489284,0.4886571768019182,0.9078090555755924,0.014397777665404732
/Users/wedi0306/Code/mts-spi-study-cluster/data/cases/r-rho-mi-260924/data/iter2_LM/M32_T2000_I49_beta-5,iter2_LM,49,beta-5,5.0,0.28192748467003526,0.4577497163654518,0.9025985030022562,0.4576390987859768,0.9027311498948488,0.015414936561587655
/Users/wedi0306/Code/mts-spi-study-cluster/data/cases/r-rho-mi-260924/data/iter2_LM/M32_T2000_I49_beta-pi,iter2_LM,49,beta-pi,3.141592653589793,0.28484923064280493,0.4190794402191944,0.8778008250753957,0.41979380385519965,0.8776270668044858,0.01657011341369863
/Users/wedi0306/Code/mts-spi-study-cluster/data/cases/r-rho-mi-260924/data/iter2_LM/M32_T2000_I4_beta-2pi,iter2_LM,4,beta-2pi,6.283185307179586,0.33838347171316013,0.4695816617129194,0.8379834019120126,0.4696579868148239,0.8386553938000856,0.012321303907619985
/Users/wedi0306/Code/mts-spi-study-cluster/data/cases/r-rho-mi-260924/data/iter2_LM/M32_T2000_I4_beta-5,iter2_LM,4,beta-5,5.0,0.2836767147662763,0.4364142434717899,0.8350119567859579,0.43638200939764826,0.8356854526972686,0.01248817915623679
/Users/wedi0306/Code/mts-spi-study-cluster/data/cases/r-rho-mi-260924/data/iter2_LM/M32_T2000_I4_beta-pi,iter2_LM,4,beta-pi,3.141592653589793,0.25490447231931623,0.3861135279073864,0.8637667181592095,0.38663936410201716,0.8638575104121557,0.013452673256221015
/Users/wedi0306/Code/mts-spi-study-cluster/data/cases/r-rho-mi-260924/data/iter2_LM/M32_T2000_I5_beta-2pi,iter2_LM,5,beta-2pi,6.283185307179586,0.2571107048540651,0.43627479763217664,0.8449445649695613,0.43665360455710334,0.8454108992832536,0.014254448614982262
/Users/wedi0306/Code/mts-spi-study-cluster/data/cases/r-rho-mi-260924/data/iter2_LM/M32_T2000_I5_beta-5,iter2_LM,5,beta-5,5.0,0.21434330460247358,0.3876409004998776,0.8554406763936874,0.3880847417720889,0.8558180410836604,0.014376479087607752
/Users/wedi0306/Code/mts-spi-study-cluster/data/cases/r-rho-mi-260924/data/iter2_LM/M32_T2000_I5_beta-pi,iter2_LM,5,beta-pi,3.141592653589793,0.2330106110587805,0.3191304972748867,0.8785676308044946,0.3195086811702532,0.8786656902528596,0.01533180086039021
/Users/wedi0306/Code/mts-spi-study-cluster/data/cases/r-rho-mi-260924/data/iter2_LM/M32_T2000_I6_beta-2pi,iter2_LM,6,beta-2pi,6.283185307179586,0.2577606206694657,0.4252443847216712,0.8573457058486549,0.42593335651057546,0.8578798585404813,0.012818922854954451
/Users/wedi0306/Code/mts-spi-study-cluster/data/cases/r-rho-mi-260924/data/iter2_LM/M32_T2000_I6_beta-5,iter2_LM,6,beta-5,5.0,0.23296296372210804,0.37682153988535855,0.8627535788611697,0.3776317603725807,0.8632033871843617,0.013204680846921946
/Users/wedi0306/Code/mts-spi-study-cluster/data/cases/r-rho-mi-260924/data/iter2_LM/M32_T2000_I6_beta-pi,iter2_LM,6,beta-pi,3.141592653589793,0.28367204831278514,0.31342616195936956,0.8262059788354944,0.3144667691284529,0.8264514206678688,0.014354830386555495
/Users/wedi0306/Code/mts-spi-study-cluster/data/cases/r-rho-mi-260924/data/iter2_LM/M32_T2000_I7_beta-2pi,iter2_LM,7,beta-2pi,6.283185307179586,0.23878616904673453,0.4385931936424456,0.8324024760760284,0.43921390031018676,0.8329271693085591,0.012294770487127238
/Users/wedi0306/Code/mts-spi-study-cluster/data/cases/r-rho-mi-260924/data/iter2_LM/M32_T2000_I7_beta-5,iter2_LM,7,beta-5,5.0,0.19072447018755195,0.383622423275717,0.8313078838958347,0.3846484550047655,0.8316635285972233,0.012599550353323163
/Users/wedi0306/Code/mts-spi-study-cluster/data/cases/r-rho-mi-260924/data/iter2_LM/M32_T2000_I7_beta-pi,iter2_LM,7,beta-pi,3.141592653589793,0.1914329214848137,0.29318090745091857,0.8559529866406028,0.29370061097113415,0.8562046056176634,0.013714785336285562
/Users/wedi0306/Code/mts-spi-study-cluster/data/cases/r-rho-mi-260924/data/iter2_LM/M32_T2000_I8_beta-2pi,iter2_LM,8,beta-2pi,6.283185307179586,0.30729558048970423,0.4677195048159457,0.8044244182478115,0.46825011997703947,0.8054473462049646,0.014376864231453013
/Users/wedi0306/Code/mts-spi-study-cluster/data/cases/r-rho-mi-260924/data/iter2_LM/M32_T2000_I8_beta-5,iter2_LM,8,beta-5,5.0,0.26239448951444955,0.4182722813405359,0.8144079316504818,0.41899905415669775,0.8153287084496984,0.014749217615344978
/Users/wedi0306/Code/mts-spi-study-cluster/data/cases/r-rho-mi-260924/data/iter2_LM/M32_T2000_I8_beta-pi,iter2_LM,8,beta-pi,3.141592653589793,0.2805464701026358,0.3475590267330528,0.8519995897414693,0.3482707474941233,0.8524554203810715,0.01636611625885598
/Users/wedi0306/Code/mts-spi-study-cluster/data/cases/r-rho-mi-260924/data/iter2_LM/M32_T2000_I9_beta-2pi,iter2_LM,9,beta-2pi,6.283185307179586,0.2755664472790976,0.44605661728414375,0.8299682503853324,0.446722093524966,0.8306851924367624,0.011570698537722635
/Users/wedi0306/Code/mts-spi-study-cluster/data/cases/r-rho-mi-260924/data/iter2_LM/M32_T2000_I9_beta-5,iter2_LM,9,beta-5,5.0,0.22399268420507612,0.399484725456517,0.8214002732119894,0.40006451383482733,0.8220089205569341,0.012540084793081885
/Users/wedi0306/Code/mts-spi-study-cluster/data/cases/r-rho-mi-260924/data/iter2_LM/M32_T2000_I9_beta-pi,iter2_LM,9,beta-pi,3.141592653589793,0.19494100452582652,0.3153792363769323,0.8344951146809804,0.31658338476205455,0.8348769487242591,0.013376439065289958
/Users/wedi0306/Code/mts-spi-study-cluster/data/cases/r-rho-mi-260924/data/iter3_LMNM/M32_T2000_I0_beta-2pi,iter3_LMNM,0,beta-2pi,6.283185307179586,0.9960327605470841,0.3549433526968045,0.3504217544624404,0.3596466094250906,0.3551866848506103,0.008596347945426963
/Users/wedi0306/Code/mts-spi-study-cluster/data/cases/r-rho-mi-260924/data/iter3_LMNM/M32_T2000_I0_beta-5,iter3_LMNM,0,beta-5,5.0,0.9969561082174188,0.38771739458676535,0.38302509448002536,0.3926022445738236,0.38798254237431296,0.00889320612299338
/Users/wedi0306/Code/mts-spi-study-cluster/data/cases/r-rho-mi-260924/data/iter3_LMNM/M32_T2000_I0_beta-pi,iter3_LMNM,0,beta-pi,3.141592653589793,0.9986661426271991,0.44138685872982586,0.44018894852484847,0.4466748764549473,0.4455095877577213,0.009506767992980336
/Users/wedi0306/Code/mts-spi-study-cluster/data/cases/r-rho-mi-260924/data/iter3_LMNM/M32_T2000_I10_beta-2pi,iter3_LMNM,10,beta-2pi,6.283185307179586,0.9951746936326815,0.4975725764100145,0.49316868559239235,0.5004387966887432,0.4960744878663113,0.007094746197525481
/Users/wedi0306/Code/mts-spi-study-cluster/data/cases/r-rho-mi-260924/data/iter3_LMNM/M32_T2000_I10_beta-5,iter3_LMNM,10,beta-5,5.0,0.9961553149547304,0.529904381335655,0.5292897427300062,0.5326683233689535,0.5320717683707531,0.007196928391797641
/Users/wedi0306/Code/mts-spi-study-cluster/data/cases/r-rho-mi-260924/data/iter3_LMNM/M32_T2000_I10_beta-pi,iter3_LMNM,10,beta-pi,3.141592653589793,0.9981297902377196,0.5662451647989682,0.5721622835614534,0.5692943902684476,0.5752330450664869,0.008145607055145554
/Users/wedi0306/Code/mts-spi-study-cluster/data/cases/r-rho-mi-260924/data/iter3_LMNM/M32_T2000_I11_beta-2pi,iter3_LMNM,11,beta-2pi,6.283185307179586,0.994801665063481,0.5453249033334618,0.5177529766202968,0.5488943536640369,0.5214970247457054,0.00794497242198089
/Users/wedi0306/Code/mts-spi-study-cluster/data/cases/r-rho-mi-260924/data/iter3_LMNM/M32_T2000_I11_beta-5,iter3_LMNM,11,beta-5,5.0,0.9957800848281472,0.5889663987900801,0.569767836288509,0.5925347298587519,0.5734730641549125,0.008157517588192498
/Users/wedi0306/Code/mts-spi-study-cluster/data/cases/r-rho-mi-260924/data/iter3_LMNM/M32_T2000_I11_beta-pi,iter3_LMNM,11,beta-pi,3.141592653589793,0.9978294752783101,0.6304251644531902,0.6290643901800043,0.6339296061418463,0.632628994414566,0.00874960929274371
/Users/wedi0306/Code/mts-spi-study-cluster/data/cases/r-rho-mi-260924/data/iter3_LMNM/M32_T2000_I12_beta-2pi,iter3_LMNM,12,beta-2pi,6.283185307179586,0.9955288150254016,0.3423956546190239,0.3462604498436436,0.34742113013588993,0.3513459717456862,0.009208238608732433
/Users/wedi0306/Code/mts-spi-study-cluster/data/cases/r-rho-mi-260924/data/iter3_LMNM/M32_T2000_I12_beta-5,iter3_LMNM,12,beta-5,5.0,0.9964584012388069,0.37233897746451283,0.37666162207966447,0.377600836470006,0.38197661981569475,0.009420654522416694
/Users/wedi0306/Code/mts-spi-study-cluster/data/cases/r-rho-mi-260924/data/iter3_LMNM/M32_T2000_I12_beta-pi,iter3_LMNM,12,beta-pi,3.141592653589793,0.9983050197732432,0.4207423859550621,0.4268148908397764,0.4264547220216842,0.43254960965852957,0.010278694545811096
/Users/wedi0306/Code/mts-spi-study-cluster/data/cases/r-rho-mi-260924/data/iter3_LMNM/M32_T2000_I13_beta-2pi,iter3_LMNM,13,beta-2pi,6.283185307179586,0.9938192651624786,0.446280671449868,0.42479440232243937,0.4504486810227006,0.429039594148224,0.009291729011078775
/Users/wedi0306/Code/mts-spi-study-cluster/data/cases/r-rho-mi-260924/data/iter3_LMNM/M32_T2000_I13_beta-5,iter3_LMNM,13,beta-5,5.0,0.9950091190382182,0.4707171126936558,0.45413908631495026,0.4752386963271535,0.4586965861023642,0.009911167529567333
/Users/wedi0306/Code/mts-spi-study-cluster/data/cases/r-rho-mi-260924/data/iter3_LMNM/M32_T2000_I13_beta-pi,iter3_LMNM,13,beta-pi,3.141592653589793,0.9973733564250775,0.5036240527270363,0.4976586712977514,0.508771321896522,0.5028423821188499,0.011356275563006779
/Users/wedi0306/Code/mts-spi-study-cluster/data/cases/r-rho-mi-260924/data/iter3_LMNM/M32_T2000_I14_beta-2pi,iter3_LMNM,14,beta-2pi,6.283185307179586,0.9945813300595936,0.43435868636888014,0.41262763450638923,0.4411140048132149,0.41952443372632436,0.009529170827683675
/Users/wedi0306/Code/mts-spi-study-cluster/data/cases/r-rho-mi-260924/data/iter3_LMNM/M32_T2000_I14_beta-5,iter3_LMNM,14,beta-5,5.0,0.9956714919639679,0.4648065972044742,0.4469890605021274,0.47203797324955915,0.45430185698865894,0.009792320737242122
/Users/wedi0306/Code/mts-spi-study-cluster/data/cases/r-rho-mi-260924/data/iter3_LMNM/M32_T2000_I14_beta-pi,iter3_LMNM,14,beta-pi,3.141592653589793,0.997841119689815,0.5015745744682745,0.4951908616379385,0.5097608496999159,0.503480162472667,0.011554670438334469
/Users/wedi0306/Code/mts-spi-study-cluster/data/cases/r-rho-mi-260924/data/iter3_LMNM/M32_T2000_I15_beta-2pi,iter3_LMNM,15,beta-2pi,6.283185307179586,0.9955537360315283,0.33937622124190836,0.3477843862048204,0.34774298561354516,0.3561730625890391,0.010380567894803683
/Users/wedi0306/Code/mts-spi-study-cluster/data/cases/r-rho-mi-260924/data/iter3_LMNM/M32_T2000_I15_beta-5,iter3_LMNM,15,beta-5,5.0,0.9964918705551231,0.36983933419337356,0.37636117616932213,0.3790843150899567,0.3856341633151835,0.011189221348974598
/Users/wedi0306/Code/mts-spi-study-cluster/data/cases/r-rho-mi-260924/data/iter3_LMNM/M32_T2000_I15_beta-pi,iter3_LMNM,15,beta-pi,3.141592653589793,0.9982973075271654,0.42020554259682025,0.42507300753492394,0.4302504628210704,0.4351147520459433,0.011907448457488812
/Users/wedi0306/Code/mts-spi-study-cluster/data/cases/r-rho-mi-260924/data/iter3_LMNM/M32_T2000_I16_beta-2pi,iter3_LMNM,16,beta-2pi,6.283185307179586,0.9946206509479637,0.5132538486085754,0.514718469088193,0.517414476034145,0.518904110104309,0.010410034837121884
/Users/wedi0306/Code/mts-spi-study-cluster/data/cases/r-rho-mi-260924/data/iter3_LMNM/M32_T2000_I16_beta-5,iter3_LMNM,16,beta-5,5.0,0.9956501009904926,0.547771593562241,0.5523473262748411,0.5519028560499812,0.5564857707897292,0.010997664725825196
/Users/wedi0306/Code/mts-spi-study-cluster/data/cases/r-rho-mi-260924/data/iter3_LMNM/M32_T2000_I16_beta-pi,iter3_LMNM,16,beta-pi,3.141592653589793,0.9977155842399331,0.5969448132323237,0.6074605991630195,0.6011581794409074,0.6116542235968057,0.01201246904147224
/Users/wedi0306/Code/mts-spi-study-cluster/data/cases/r-rho-mi-260924/data/iter3_LMNM/M32_T2000_I17_beta-2pi,iter3_LMNM,17,beta-2pi,6.283185307179586,0.9945058500410795,0.3534903643362749,0.38086717710294593,0.3582302587958166,0.3855728579876403,0.008138781999751377
/Users/wedi0306/Code/mts-spi-study-cluster/data/cases/r-rho-mi-260924/data/iter3_LMNM/M32_T2000_I17_beta-5,iter3_LMNM,17,beta-5,5.0,0.9954826536427656,0.37816608917418065,0.4031627866599809,0.38317571949016466,0.4081617071888834,0.008785966919313104
/Users/wedi0306/Code/mts-spi-study-cluster/data/cases/r-rho-mi-260924/data/iter3_LMNM/M32_T2000_I17_beta-pi,iter3_LMNM,17,beta-pi,3.141592653589793,0.9973962712489971,0.4174450776097205,0.43788444645732927,0.4227247891664031,0.443139407442696,0.009786179755453706
/Users/wedi0306/Code/mts-spi-study-cluster/data/cases/r-rho-mi-260924/data/iter3_LMNM/M32_T2000_I18_beta-2pi,iter3_LMNM,18,beta-2pi,6.283185307179586,0.9948501392929079,0.28594418917485465,0.3155405055864988,0.29110607082872214,0.3207035148570521,0.01090376257321779
/Users/wedi0306/Code/mts-spi-study-cluster/data/cases/r-rho-mi-260924/data/iter3_LMNM/M32_T2000_I18_beta-5,iter3_LMNM,18,beta-5,5.0,0.9957357715780316,0.3141964537094858,0.3395157999653138,0.31968380972636823,0.3449996211601151,0.01088272692840997
/Users/wedi0306/Code/mts-spi-study-cluster/data/cases/r-rho-mi-260924/data/iter3_LMNM/M32_T2000_I18_beta-pi,iter3_LMNM,18,beta-pi,3.141592653589793,0.9974210313533625,0.3744749361500141,0.39414672596635775,0.38095469415551586,0.4006400278462788,0.012385423350096403
/Users/wedi0306/Code/mts-spi-study-cluster/data/cases/r-rho-mi-260924/data/iter3_LMNM/M32_T2000_I19_beta-2pi,iter3_LMNM,19,beta-2pi,6.283185307179586,0.9954875829621509,0.32652093239092045,0.3212437360105872,0.33163082681952005,0.3263976180717416,0.00922444154962987
/Users/wedi0306/Code/mts-spi-study-cluster/data/cases/r-rho-mi-260924/data/iter3_LMNM/M32_T2000_I19_beta-5,iter3_LMNM,19,beta-5,5.0,0.9964747258442145,0.3545217452041162,0.34895136560484863,0.35980635494399904,0.3542660063851057,0.00986507166072581
/Users/wedi0306/Code/mts-spi-study-cluster/data/cases/r-rho-mi-260924/data/iter3_LMNM/M32_T2000_I19_beta-pi,iter3_LMNM,19,beta-pi,3.141592653589793,0.9984005564453625,0.41229723643203114,0.40890548922871434,0.41835452074073787,0.41500560553511545,0.010964031209124148
/Users/wedi0306/Code/mts-spi-study-cluster/data/cases/r-rho-mi-260924/data/iter3_LMNM/M32_T2000_I1_beta-2pi,iter3_LMNM,1,beta-2pi,6.283185307179586,0.9941346695781376,0.514189470910388,0.4857666519631049,0.5185238783520675,0.4902363996931378,0.008163829640775333
/Users/wedi0306/Code/mts-spi-study-cluster/data/cases/r-rho-mi-260924/data/iter3_LMNM/M32_T2000_I1_beta-5,iter3_LMNM,1,beta-5,5.0,0.9952170149908033,0.5608296731142467,0.5373979497620904,0.5653185855560873,0.5420151044264919,0.008578436871648165
/Users/wedi0306/Code/mts-spi-study-cluster/data/cases/r-rho-mi-260924/data/iter3_LMNM/M32_T2000_I1_beta-pi,iter3_LMNM,1,beta-pi,3.141592653589793,0.9974841678580194,0.640382642764787,0.6325456037565962,0.6446954315973451,0.6369838478576171,0.009273137699629785
/Users/wedi0306/Code/mts-spi-study-cluster/data/cases/r-rho-mi-260924/data/iter3_LMNM/M32_T2000_I20_beta-2pi,iter3_LMNM,20,beta-2pi,6.283185307179586,0.9942987219500227,0.3630031471744163,0.35969228000927556,0.37033898565812046,0.36712132293346955,0.009677673743829995
/Users/wedi0306/Code/mts-spi-study-cluster/data/cases/r-rho-mi-260924/data/iter3_LMNM/M32_T2000_I20_beta-5,iter3_LMNM,20,beta-5,5.0,0.9953290479302832,0.3809134443868505,0.37951129366296055,0.3884149695709029,0.3870980396880211,0.009782661526166248
/Users/wedi0306/Code/mts-spi-study-cluster/data/cases/r-rho-mi-260924/data/iter3_LMNM/M32_T2000_I20_beta-pi,iter3_LMNM,20,beta-pi,3.141592653589793,0.9974509286470444,0.4100573345741009,0.4134218846598585,0.4177818374957485,0.4211683121317664,0.01022605319190184
/Users/wedi0306/Code/mts-spi-study-cluster/data/cases/r-rho-mi-260924/data/iter3_LMNM/M32_T2000_I21_beta-2pi,iter3_LMNM,21,beta-2pi,6.283185307179586,0.9936694932369381,0.4381697766848173,0.4127008064438433,0.44335809535015874,0.4180851462415828,0.008712256585273082
/Users/wedi0306/Code/mts-spi-study-cluster/data/cases/r-rho-mi-260924/data/iter3_LMNM/M32_T2000_I21_beta-5,iter3_LMNM,21,beta-5,5.0,0.9949835950455911,0.4604818694550192,0.4410551287392937,0.46591647386326185,0.446655216742634,0.009621251816200438
/Users/wedi0306/Code/mts-spi-study-cluster/data/cases/r-rho-mi-260924/data/iter3_LMNM/M32_T2000_I21_beta-pi,iter3_LMNM,21,beta-pi,3.141592653589793,0.9975095450307833,0.4812223188756884,0.4745700903505438,0.486879178625395,0.4803213514730333,0.010280793265478927
/Users/wedi0306/Code/mts-spi-study-cluster/data/cases/r-rho-mi-260924/data/iter3_LMNM/M32_T2000_I22_beta-2pi,iter3_LMNM,22,beta-2pi,6.283185307179586,0.9947273244700927,0.5241974679070749,0.5127285107759941,0.5277106761411872,0.5162812413796025,0.007007233414453307
/Users/wedi0306/Code/mts-spi-study-cluster/data/cases/r-rho-mi-260924/data/iter3_LMNM/M32_T2000_I22_beta-5,iter3_LMNM,22,beta-5,5.0,0.9958109240598456,0.5513750430324859,0.5452528058600897,0.5547982610450427,0.5487005814147216,0.0069159783566021815
/Users/wedi0306/Code/mts-spi-study-cluster/data/cases/r-rho-mi-260924/data/iter3_LMNM/M32_T2000_I22_beta-pi,iter3_LMNM,22,beta-pi,3.141592653589793,0.9979297947361236,0.576982975257461,0.5800917238063269,0.5805138129509303,0.5836653651389294,0.007713674615763999
/Users/wedi0306/Code/mts-spi-study-cluster/data/cases/r-rho-mi-260924/data/iter3_LMNM/M32_T2000_I23_beta-2pi,iter3_LMNM,23,beta-2pi,6.283185307179586,0.9956100122528906,0.4797232675673423,0.4847768029872131,0.48559100862392934,0.4906504563208628,0.009592535431053761
/Users/wedi0306/Code/mts-spi-study-cluster/data/cases/r-rho-mi-260924/data/iter3_LMNM/M32_T2000_I23_beta-5,iter3_LMNM,23,beta-5,5.0,0.9964194612252997,0.5062247674770637,0.5131017178917637,0.5119452964895924,0.5188300848323777,0.009523240120170584
/Users/wedi0306/Code/mts-spi-study-cluster/data/cases/r-rho-mi-260924/data/iter3_LMNM/M32_T2000_I23_beta-pi,iter3_LMNM,23,beta-pi,3.141592653589793,0.9980710716155234,0.5366599188760783,0.5480501223851552,0.5422869911319332,0.5536595410553861,0.010408606590619929
/Users/wedi0306/Code/mts-spi-study-cluster/data/cases/r-rho-mi-260924/data/iter3_LMNM/M32_T2000_I24_beta-2pi,iter3_LMNM,24,beta-2pi,6.283185307179586,0.9954579344826702,0.39814005294508586,0.3754366006209878,0.40369832361096186,0.3810983409795749,0.009741892696024657
/Users/wedi0306/Code/mts-spi-study-cluster/data/cases/r-rho-mi-260924/data/iter3_LMNM/M32_T2000_I24_beta-5,iter3_LMNM,24,beta-5,5.0,0.9964904427741246,0.4231571967030944,0.406021918378381,0.42901382815701605,0.41200816625531195,0.01024721571009568
/Users/wedi0306/Code/mts-spi-study-cluster/data/cases/r-rho-mi-260924/data/iter3_LMNM/M32_T2000_I24_beta-pi,iter3_LMNM,24,beta-pi,3.141592653589793,0.9984118721073146,0.448657401789536,0.4438630459442412,0.454996895230042,0.45027357434536125,0.011767625958623906
/Users/wedi0306/Code/mts-spi-study-cluster/data/cases/r-rho-mi-260924/data/iter3_LMNM/M32_T2000_I25_beta-2pi,iter3_LMNM,25,beta-2pi,6.283185307179586,0.9959957700363724,0.3229829703860292,0.3259137573301446,0.32851423375560934,0.33150632177701284,0.010432616461456323
/Users/wedi0306/Code/mts-spi-study-cluster/data/cases/r-rho-mi-260924/data/iter3_LMNM/M32_T2000_I25_beta-5,iter3_LMNM,25,beta-5,5.0,0.9969021695208883,0.3424899371155649,0.3449499131110499,0.34888151392976985,0.3514165032186826,0.012246890270107169
/Users/wedi0306/Code/mts-spi-study-cluster/data/cases/r-rho-mi-260924/data/iter3_LMNM/M32_T2000_I25_beta-pi,iter3_LMNM,25,beta-pi,3.141592653589793,0.9986139258146848,0.37368872267145775,0.37610416106916444,0.3806564741868848,0.383121884662871,0.013433698997027399
/Users/wedi0306/Code/mts-spi-study-cluster/data/cases/r-rho-mi-260924/data/iter3_LMNM/M32_T2000_I26_beta-2pi,iter3_LMNM,26,beta-2pi,6.283185307179586,0.9937162416226322,0.3711771971067806,0.3529159824790763,0.37480777571585017,0.3566451720167392,0.009175910804331444
/Users/wedi0306/Code/mts-spi-study-cluster/data/cases/r-rho-mi-260924/data/iter3_LMNM/M32_T2000_I26_beta-5,iter3_LMNM,26,beta-5,5.0,0.9948728121642737,0.3858611011631155,0.37051704707972793,0.38973731357392255,0.37446537225821397,0.00945144776148732
/Users/wedi0306/Code/mts-spi-study-cluster/data/cases/r-rho-mi-260924/data/iter3_LMNM/M32_T2000_I26_beta-pi,iter3_LMNM,26,beta-pi,3.141592653589793,0.9971597374659822,0.4063329151357487,0.39884678792468903,0.4103866914894548,0.40295382706138255,0.009491121628196098
/Users/wedi0306/Code/mts-spi-study-cluster/data/cases/r-rho-mi-260924/data/iter3_LMNM/M32_T2000_I27_beta-2pi,iter3_LMNM,27,beta-2pi,6.283185307179586,0.9954293775371288,0.4134160226462771,0.41092021564774744,0.41690215192011365,0.41447263469637,0.007880308021544824
/Users/wedi0306/Code/mts-spi-study-cluster/data/cases/r-rho-mi-260924/data/iter3_LMNM/M32_T2000_I27_beta-5,iter3_LMNM,27,beta-5,5.0,0.9963740945107898,0.43617533975157013,0.43508468552949414,0.4397309190220317,0.4386846059447367,0.0079945816958098
/Users/wedi0306/Code/mts-spi-study-cluster/data/cases/r-rho-mi-260924/data/iter3_LMNM/M32_T2000_I27_beta-pi,iter3_LMNM,27,beta-pi,3.141592653589793,0.9981996802228482,0.46753660764091676,0.4697379110747913,0.4711100992647212,0.4733315765523783,0.008436089123050383
/Users/wedi0306/Code/mts-spi-study-cluster/data/cases/r-rho-mi-260924/data/iter3_LMNM/M32_T2000_I28_beta-2pi,iter3_LMNM,28,beta-2pi,6.283185307179586,0.9925596320739225,0.5698248904938376,0.5621739648234735,0.5738045499547197,0.5662334053593353,0.008139972810714102
/Users/wedi0306/Code/mts-spi-study-cluster/data/cases/r-rho-mi-260924/data/iter3_LMNM/M32_T2000_I28_beta-5,iter3_LMNM,28,beta-5,5.0,0.9937607493986661,0.593175725981026,0.5932201922410074,0.5972879598232324,0.5974160726992194,0.00888654900183905
/Users/wedi0306/Code/mts-spi-study-cluster/data/cases/r-rho-mi-260924/data/iter3_LMNM/M32_T2000_I28_beta-pi,iter3_LMNM,28,beta-pi,3.141592653589793,0.9962652574029648,0.6170085742199009,0.6292632298123,0.6211251173903903,0.6333903785301526,0.009411165830000012
/Users/wedi0306/Code/mts-spi-study-cluster/data/cases/r-rho-mi-260924/data/iter3_LMNM/M32_T2000_I29_beta-2pi,iter3_LMNM,29,beta-2pi,6.283185307179586,0.9955548568316062,0.34233304993311653,0.3470367410519315,0.3496524344583593,0.35438163825513536,0.011435270834498024
/Users/wedi0306/Code/mts-spi-study-cluster/data/cases/r-rho-mi-260924/data/iter3_LMNM/M32_T2000_I29_beta-5,iter3_LMNM,29,beta-5,5.0,0.9965208074796345,0.3725566455301711,0.37560445836133527,0.3805103879710438,0.38358893330723,0.011874194410558925
/Users/wedi0306/Code/mts-spi-study-cluster/data/cases/r-rho-mi-260924/data/iter3_LMNM/M32_T2000_I29_beta-pi,iter3_LMNM,29,beta-pi,3.141592653589793,0.9983602190881022,0.42585144599710884,0.42931456236340915,0.43476119875236846,0.43821482743150175,0.013254097026832223
/Users/wedi0306/Code/mts-spi-study-cluster/data/cases/r-rho-mi-260924/data/iter3_LMNM/M32_T2000_I2_beta-2pi,iter3_LMNM,2,beta-2pi,6.283185307179586,0.995858449823794,0.30640817473669707,0.31490437708037455,0.3112083670935237,0.31971832841708964,0.009751732128543189
/Users/wedi0306/Code/mts-spi-study-cluster/data/cases/r-rho-mi-260924/data/iter3_LMNM/M32_T2000_I2_beta-5,iter3_LMNM,2,beta-5,5.0,0.9967455625710887,0.3428020047947114,0.3497584195491391,0.3479062034827141,0.3548653387143884,0.009955783686085962
/Users/wedi0306/Code/mts-spi-study-cluster/data/cases/r-rho-mi-260924/data/iter3_LMNM/M32_T2000_I2_beta-pi,iter3_LMNM,2,beta-pi,3.141592653589793,0.9984268117943693,0.41449425100215853,0.4221877421526565,0.42036569143070934,0.42806119765399997,0.011482857939362656
/Users/wedi0306/Code/mts-spi-study-cluster/data/cases/r-rho-mi-260924/data/iter3_LMNM/M32_T2000_I30_beta-2pi,iter3_LMNM,30,beta-2pi,6.283185307179586,0.9917374601148785,0.5694408711453087,0.5771025532638827,0.5736661665345248,0.5813671187080557,0.008160982140482886
/Users/wedi0306/Code/mts-spi-study-cluster/data/cases/r-rho-mi-260924/data/iter3_LMNM/M32_T2000_I30_beta-5,iter3_LMNM,30,beta-5,5.0,0.9930260334507693,0.5847905288265048,0.5975370436533304,0.5890556803269094,0.6018750609562058,0.0093450683588161
/Users/wedi0306/Code/mts-spi-study-cluster/data/cases/r-rho-mi-260924/data/iter3_LMNM/M32_T2000_I30_beta-pi,iter3_LMNM,30,beta-pi,3.141592653589793,0.9956243258673306,0.5947488933532812,0.6137738269461281,0.5988387202912367,0.6178568330994676,0.009764643853074961
/Users/wedi0306/Code/mts-spi-study-cluster/data/cases/r-rho-mi-260924/data/iter3_LMNM/M32_T2000_I31_beta-2pi,iter3_LMNM,31,beta-2pi,6.283185307179586,0.9941903927042725,0.49348331971735676,0.49261977705226945,0.49756965031184974,0.49675021097137323,0.008136141781264428
/Users/wedi0306/Code/mts-spi-study-cluster/data/cases/r-rho-mi-260924/data/iter3_LMNM/M32_T2000_I31_beta-5,iter3_LMNM,31,beta-5,5.0,0.9953419751915041,0.5206813870298194,0.5232596957067723,0.5248343247960289,0.5274218991871177,0.008488545434084838
/Users/wedi0306/Code/mts-spi-study-cluster/data/cases/r-rho-mi-260924/data/iter3_LMNM/M32_T2000_I31_beta-pi,iter3_LMNM,31,beta-pi,3.141592653589793,0.9976456754250275,0.5564968848117855,0.5636925705121243,0.5610016261341025,0.5682107227895743,0.009844461656276948
/Users/wedi0306/Code/mts-spi-study-cluster/data/cases/r-rho-mi-260924/data/iter3_LMNM/M32_T2000_I32_beta-2pi,iter3_LMNM,32,beta-2pi,6.283185307179586,0.9950412208686383,0.3768669327317265,0.35247882916423967,0.3828941787485308,0.3586486177668578,0.009928326925451536
/Users/wedi0306/Code/mts-spi-study-cluster/data/cases/r-rho-mi-260924/data/iter3_LMNM/M32_T2000_I32_beta-5,iter3_LMNM,32,beta-5,5.0,0.9960052133463198,0.40268898661960695,0.3818791794598902,0.40892631243689603,0.38826438644423383,0.010121605165311909
/Users/wedi0306/Code/mts-spi-study-cluster/data/cases/r-rho-mi-260924/data/iter3_LMNM/M32_T2000_I32_beta-pi,iter3_LMNM,32,beta-pi,3.141592653589793,0.9979718775067942,0.4462706187675936,0.4369704117877835,0.4529408541732916,0.4437342915838484,0.010948411611063857
/Users/wedi0306/Code/mts-spi-study-cluster/data/cases/r-rho-mi-260924/data/iter3_LMNM/M32_T2000_I33_beta-2pi,iter3_LMNM,33,beta-2pi,6.283185307179586,0.9938516642957772,0.4423827032712372,0.4165328476990344,0.4479772664591196,0.4223308921870775,0.008771561095205715
/Users/wedi0306/Code/mts-spi-study-cluster/data/cases/r-rho-mi-260924/data/iter3_LMNM/M32_T2000_I33_beta-5,iter3_LMNM,33,beta-5,5.0,0.9950335480270808,0.46592232296762953,0.44626349844849644,0.4717131244330672,0.4522357479802452,0.00908313579839648
/Users/wedi0306/Code/mts-spi-study-cluster/data/cases/r-rho-mi-260924/data/iter3_LMNM/M32_T2000_I33_beta-pi,iter3_LMNM,33,beta-pi,3.141592653589793,0.9973810300995812,0.4946594278137647,0.48834715896654585,0.5007293840121776,0.49449951332050524,0.01018466755862546
/Users/wedi0306/Code/mts-spi-study-cluster/data/cases/r-rho-mi-260924/data/iter3_LMNM/M32_T2000_I34_beta-2pi,iter3_LMNM,34,beta-2pi,6.283185307179586,0.9950021657779068,0.43939014007965826,0.44488486959300144,0.4438331534698622,0.4493542474022742,0.00992939129042325
/Users/wedi0306/Code/mts-spi-study-cluster/data/cases/r-rho-mi-260924/data/iter3_LMNM/M32_T2000_I34_beta-5,iter3_LMNM,34,beta-5,5.0,0.9960110487747423,0.46656459490776453,0.4723934888301312,0.4714214064079319,0.47731166559141314,0.01122020922235345
/Users/wedi0306/Code/mts-spi-study-cluster/data/cases/r-rho-mi-260924/data/iter3_LMNM/M32_T2000_I34_beta-pi,iter3_LMNM,34,beta-pi,3.141592653589793,0.998003232970926,0.5005698898564932,0.5078604369945846,0.5052045433798081,0.5125289785509454,0.01163310281317198
/Users/wedi0306/Code/mts-spi-study-cluster/data/cases/r-rho-mi-260924/data/iter3_LMNM/M32_T2000_I35_beta-2pi,iter3_LMNM,35,beta-2pi,6.283185307179586,0.9950987178984081,0.2870822391057896,0.29823415387271,0.2927782957534407,0.30396631427913967,0.00892206864750511
/Users/wedi0306/Code/mts-spi-study-cluster/data/cases/r-rho-mi-260924/data/iter3_LMNM/M32_T2000_I35_beta-5,iter3_LMNM,35,beta-5,5.0,0.9959848127085633,0.3034462074676237,0.31323993700906483,0.3094172727763102,0.3192353035652018,0.009265531734610644
/Users/wedi0306/Code/mts-spi-study-cluster/data/cases/r-rho-mi-260924/data/iter3_LMNM/M32_T2000_I35_beta-pi,iter3_LMNM,35,beta-pi,3.141592653589793,0.9977832394022406,0.32857713244914155,0.33773232274239817,0.3351061271348608,0.34426895549291714,0.010192970742463281
/Users/wedi0306/Code/mts-spi-study-cluster/data/cases/r-rho-mi-260924/data/iter3_LMNM/M32_T2000_I36_beta-2pi,iter3_LMNM,36,beta-2pi,6.283185307179586,0.9950709891198425,0.4484272683355598,0.46433806338722794,0.45336287623597615,0.4693173746843787,0.009678169301528872
/Users/wedi0306/Code/mts-spi-study-cluster/data/cases/r-rho-mi-260924/data/iter3_LMNM/M32_T2000_I36_beta-5,iter3_LMNM,36,beta-5,5.0,0.9960297559118814,0.4741243987403471,0.4901631731396057,0.47919094127272555,0.49523563045254776,0.010736755633372397
/Users/wedi0306/Code/mts-spi-study-cluster/data/cases/r-rho-mi-260924/data/iter3_LMNM/M32_T2000_I36_beta-pi,iter3_LMNM,36,beta-pi,3.141592653589793,0.997979204576551,0.5058262738366761,0.5195584580205937,0.5109099958455975,0.5246695955266968,0.011670691299555003
/Users/wedi0306/Code/mts-spi-study-cluster/data/cases/r-rho-mi-260924/data/iter3_LMNM/M32_T2000_I37_beta-2pi,iter3_LMNM,37,beta-2pi,6.283185307179586,0.9943057794073766,0.4277458670266415,0.42725474713060374,0.43394359541412475,0.4334756300727663,0.009165029984099515
/Users/wedi0306/Code/mts-spi-study-cluster/data/cases/r-rho-mi-260924/data/iter3_LMNM/M32_T2000_I37_beta-5,iter3_LMNM,37,beta-5,5.0,0.9952672198570269,0.4487368964329495,0.45172300030351853,0.45504354370736744,0.4580193713210081,0.00919521060018802
/Users/wedi0306/Code/mts-spi-study-cluster/data/cases/r-rho-mi-260924/data/iter3_LMNM/M32_T2000_I37_beta-pi,iter3_LMNM,37,beta-pi,3.141592653589793,0.9973177271941552,0.47662477861927516,0.4870105711760742,0.48348173064196165,0.4938590047694107,0.010418874082660512
/Users/wedi0306/Code/mts-spi-study-cluster/data/cases/r-rho-mi-260924/data/iter3_LMNM/M32_T2000_I38_beta-2pi,iter3_LMNM,38,beta-2pi,6.283185307179586,0.9938694508339502,0.4553629769465547,0.44336636581309263,0.45994419589456403,0.4480111182277285,0.009780038134251878
/Users/wedi0306/Code/mts-spi-study-cluster/data/cases/r-rho-mi-260924/data/iter3_LMNM/M32_T2000_I38_beta-5,iter3_LMNM,38,beta-5,5.0,0.99495433015159,0.47911806237965354,0.4721390057499926,0.48379504162965264,0.47687043557026493,0.010277727378463997
/Users/wedi0306/Code/mts-spi-study-cluster/data/cases/r-rho-mi-260924/data/iter3_LMNM/M32_T2000_I38_beta-pi,iter3_LMNM,38,beta-pi,3.141592653589793,0.997251925947299,0.506562940564142,0.5096690305898386,0.5116653444140761,0.5148240477608538,0.012024591599637091
/Users/wedi0306/Code/mts-spi-study-cluster/data/cases/r-rho-mi-260924/data/iter3_LMNM/M32_T2000_I39_beta-2pi,iter3_LMNM,39,beta-2pi,6.283185307179586,0.9945026629799725,0.43984810339066127,0.43055341528493907,0.4441379857958437,0.4349523300791272,0.0105664568230317
/Users/wedi0306/Code/mts-spi-study-cluster/data/cases/r-rho-mi-260924/data/iter3_LMNM/M32_T2000_I39_beta-5,iter3_LMNM,39,beta-5,5.0,0.9956727651204215,0.474024005458357,0.46773050434358343,0.47836275564830283,0.4721621627084635,0.010333589764472073
/Users/wedi0306/Code/mts-spi-study-cluster/data/cases/r-rho-mi-260924/data/iter3_LMNM/M32_T2000_I39_beta-pi,iter3_LMNM,39,beta-pi,3.141592653589793,0.9979027675696301,0.5280209536498485,0.5290522819474067,0.5326460424251044,0.5337487258175674,0.011427185925484196
/Users/wedi0306/Code/mts-spi-study-cluster/data/cases/r-rho-mi-260924/data/iter3_LMNM/M32_T2000_I3_beta-2pi,iter3_LMNM,3,beta-2pi,6.283185307179586,0.9940113948638005,0.3947043064640821,0.37370411423468153,0.39947877718223784,0.3786101570418691,0.009138411189676177
/Users/wedi0306/Code/mts-spi-study-cluster/data/cases/r-rho-mi-260924/data/iter3_LMNM/M32_T2000_I3_beta-5,iter3_LMNM,3,beta-5,5.0,0.9952166718935499,0.4158679776745304,0.3987368054299618,0.4206438375106873,0.4036490254874793,0.008843455153430657
/Users/wedi0306/Code/mts-spi-study-cluster/data/cases/r-rho-mi-260924/data/iter3_LMNM/M32_T2000_I3_beta-pi,iter3_LMNM,3,beta-pi,3.141592653589793,0.9975465325734288,0.44912844313216066,0.4409518481479426,0.45456106262038837,0.44648278404389724,0.010905659842645576
/Users/wedi0306/Code/mts-spi-study-cluster/data/cases/r-rho-mi-260924/data/iter3_LMNM/M32_T2000_I40_beta-2pi,iter3_LMNM,40,beta-2pi,6.283185307179586,0.9929139671600669,0.49305594846901074,0.4518948376947077,0.49956111121850677,0.45868098870850466,0.009151080804520095
/Users/wedi0306/Code/mts-spi-study-cluster/data/cases/r-rho-mi-260924/data/iter3_LMNM/M32_T2000_I40_beta-5,iter3_LMNM,40,beta-5,5.0,0.9943014465870676,0.5272526767260529,0.4941309274721691,0.5339815576746629,0.5011212966512232,0.009474399537535483
/Users/wedi0306/Code/mts-spi-study-cluster/data/cases/r-rho-mi-260924/data/iter3_LMNM/M32_T2000_I40_beta-pi,iter3_LMNM,40,beta-pi,3.141592653589793,0.997010774761015,0.5701997515412697,0.5570549239252914,0.5773052131700608,0.5642727080390106,0.010179493288430042
/Users/wedi0306/Code/mts-spi-study-cluster/data/cases/r-rho-mi-260924/data/iter3_LMNM/M32_T2000_I41_beta-2pi,iter3_LMNM,41,beta-2pi,6.283185307179586,0.9949900466505742,0.46777335887562305,0.46770794721434544,0.4751218452131865,0.47515210273799763,0.010916569400882814
/Users/wedi0306/Code/mts-spi-study-cluster/data/cases/r-rho-mi-260924/data/iter3_LMNM/M32_T2000_I41_beta-5,iter3_LMNM,41,beta-5,5.0,0.995914429661243,0.5099936208326414,0.5118157114573979,0.5174765193263837,0.5193561117774599,0.01114537939345972
/Users/wedi0306/Code/mts-spi-study-cluster/data/cases/r-rho-mi-260924/data/iter3_LMNM/M32_T2000_I41_beta-pi,iter3_LMNM,41,beta-pi,3.141592653589793,0.9978423865407845,0.5744961339135654,0.5817405784866253,0.5814428732819541,0.5886559752132199,0.011405647334088886
/Users/wedi0306/Code/mts-spi-study-cluster/data/cases/r-rho-mi-260924/data/iter3_LMNM/M32_T2000_I42_beta-2pi,iter3_LMNM,42,beta-2pi,6.283185307179586,0.9959180606874457,0.3880074979882311,0.3933637905264044,0.3960246346399871,0.4014343430167317,0.011963551662384386
/Users/wedi0306/Code/mts-spi-study-cluster/data/cases/r-rho-mi-260924/data/iter3_LMNM/M32_T2000_I42_beta-5,iter3_LMNM,42,beta-5,5.0,0.9968242980954357,0.4233445000141851,0.4267476602461554,0.43171646839346456,0.4351686410335705,0.012055290067945368
/Users/wedi0306/Code/mts-spi-study-cluster/data/cases/r-rho-mi-260924/data/iter3_LMNM/M32_T2000_I42_beta-pi,iter3_LMNM,42,beta-pi,3.141592653589793,0.998502360045178,0.47290921175755796,0.47574847259596015,0.48170382094238445,0.48460669066540235,0.013093051459635241
/Users/wedi0306/Code/mts-spi-study-cluster/data/cases/r-rho-mi-260924/data/iter3_LMNM/M32_T2000_I43_beta-2pi,iter3_LMNM,43,beta-2pi,6.283185307179586,0.993138070999463,0.5157196526574245,0.5355828866681783,0.5202355450301456,0.5400745648033695,0.007858068107012173
/Users/wedi0306/Code/mts-spi-study-cluster/data/cases/r-rho-mi-260924/data/iter3_LMNM/M32_T2000_I43_beta-5,iter3_LMNM,43,beta-5,5.0,0.9941987068568428,0.5353477289039877,0.5554747984294907,0.5397974994474376,0.559872524907307,0.008249098051297477
/Users/wedi0306/Code/mts-spi-study-cluster/data/cases/r-rho-mi-260924/data/iter3_LMNM/M32_T2000_I43_beta-pi,iter3_LMNM,43,beta-pi,3.141592653589793,0.9965274772155839,0.549511695868707,0.5671575518026087,0.5536090067947517,0.5711991720073855,0.007920375859394646
/Users/wedi0306/Code/mts-spi-study-cluster/data/cases/r-rho-mi-260924/data/iter3_LMNM/M32_T2000_I44_beta-2pi,iter3_LMNM,44,beta-2pi,6.283185307179586,0.9951450421839516,0.4956428939312439,0.4781685046403938,0.5026592084832443,0.48539788486593055,0.010840520484043825
/Users/wedi0306/Code/mts-spi-study-cluster/data/cases/r-rho-mi-260924/data/iter3_LMNM/M32_T2000_I44_beta-5,iter3_LMNM,44,beta-5,5.0,0.9961839679517386,0.5336778000476501,0.5217900542094198,0.5408774808575466,0.5291448062079672,0.011104319780598892
/Users/wedi0306/Code/mts-spi-study-cluster/data/cases/r-rho-mi-260924/data/iter3_LMNM/M32_T2000_I44_beta-pi,iter3_LMNM,44,beta-pi,3.141592653589793,0.9981722594180704,0.5765413852122574,0.5761719467334983,0.5834039729887922,0.5831408490034392,0.011459141291398911
/Users/wedi0306/Code/mts-spi-study-cluster/data/cases/r-rho-mi-260924/data/iter3_LMNM/M32_T2000_I45_beta-2pi,iter3_LMNM,45,beta-2pi,6.283185307179586,0.9922016394080382,0.456696473944545,0.4209658889948212,0.4619462386361371,0.426379926486105,0.008020945709055205
/Users/wedi0306/Code/mts-spi-study-cluster/data/cases/r-rho-mi-260924/data/iter3_LMNM/M32_T2000_I45_beta-5,iter3_LMNM,45,beta-5,5.0,0.9936949347345427,0.48378816685204196,0.45435738436472767,0.48960159194209063,0.4603621853598734,0.008793019343606545
/Users/wedi0306/Code/mts-spi-study-cluster/data/cases/r-rho-mi-260924/data/iter3_LMNM/M32_T2000_I45_beta-pi,iter3_LMNM,45,beta-pi,3.141592653589793,0.9966307196092413,0.5257376062720536,0.5116830715561335,0.5321003014151053,0.5181354257313059,0.009737971213244379
/Users/wedi0306/Code/mts-spi-study-cluster/data/cases/r-rho-mi-260924/data/iter3_LMNM/M32_T2000_I46_beta-2pi,iter3_LMNM,46,beta-2pi,6.283185307179586,0.9951032688650715,0.5091184884010197,0.5237404994929594,0.5169927297895544,0.5315772825714405,0.011579401398853939
/Users/wedi0306/Code/mts-spi-study-cluster/data/cases/r-rho-mi-260924/data/iter3_LMNM/M32_T2000_I46_beta-5,iter3_LMNM,46,beta-5,5.0,0.9959410193025595,0.5390119122918159,0.5543157200863947,0.5470103573355511,0.5622933997667532,0.012529407530090797
/Users/wedi0306/Code/mts-spi-study-cluster/data/cases/r-rho-mi-260924/data/iter3_LMNM/M32_T2000_I46_beta-pi,iter3_LMNM,46,beta-pi,3.141592653589793,0.9976855971976097,0.5775442922741558,0.5931892603728444,0.5854586405152252,0.6010356658090149,0.01364160786762314
/Users/wedi0306/Code/mts-spi-study-cluster/data/cases/r-rho-mi-260924/data/iter3_LMNM/M32_T2000_I47_beta-2pi,iter3_LMNM,47,beta-2pi,6.283185307179586,0.9941523550904986,0.4190728733170847,0.3853113638416374,0.42334971355043965,0.38974765680919304,0.009380535707891102
/Users/wedi0306/Code/mts-spi-study-cluster/data/cases/r-rho-mi-260924/data/iter3_LMNM/M32_T2000_I47_beta-5,iter3_LMNM,47,beta-5,5.0,0.9951667898261578,0.4480820328984232,0.41978546170218745,0.45269252946701055,0.42453132989065945,0.010003182606390215
/Users/wedi0306/Code/mts-spi-study-cluster/data/cases/r-rho-mi-260924/data/iter3_LMNM/M32_T2000_I47_beta-pi,iter3_LMNM,47,beta-pi,3.141592653589793,0.9972690598367265,0.49205649421039716,0.4789928827920983,0.49668985348118755,0.48373168378675174,0.010386572821682982
/Users/wedi0306/Code/mts-spi-study-cluster/data/cases/r-rho-mi-260924/data/iter3_LMNM/M32_T2000_I48_beta-2pi,iter3_LMNM,48,beta-2pi,6.283185307179586,0.9958296849250085,0.2908195641844258,0.29128890228246584,0.29836217774112933,0.2988670222267144,0.010543597051583475
/Users/wedi0306/Code/mts-spi-study-cluster/data/cases/r-rho-mi-260924/data/iter3_LMNM/M32_T2000_I48_beta-5,iter3_LMNM,48,beta-5,5.0,0.9967842942401612,0.3126423644071641,0.3117148127653948,0.32103293512682635,0.32016129005610594,0.011270565021771262
/Users/wedi0306/Code/mts-spi-study-cluster/data/cases/r-rho-mi-260924/data/iter3_LMNM/M32_T2000_I48_beta-pi,iter3_LMNM,48,beta-pi,3.141592653589793,0.9985122625691474,0.350854611937234,0.350646874132952,0.3606237530519631,0.3604352958021031,0.011803193192454486
/Users/wedi0306/Code/mts-spi-study-cluster/data/cases/r-rho-mi-260924/data/iter3_LMNM/M32_T2000_I49_beta-2pi,iter3_LMNM,49,beta-2pi,6.283185307179586,0.9953957181156589,0.2996666360562119,0.30598833266246955,0.30442139128753654,0.310743926652763,0.009693871503808626
/Users/wedi0306/Code/mts-spi-study-cluster/data/cases/r-rho-mi-260924/data/iter3_LMNM/M32_T2000_I49_beta-5,iter3_LMNM,49,beta-5,5.0,0.9964230362661275,0.31778207489171467,0.3233045974977192,0.3229466476017831,0.32852219726599896,0.010767532410322023
/Users/wedi0306/Code/mts-spi-study-cluster/data/cases/r-rho-mi-260924/data/iter3_LMNM/M32_T2000_I49_beta-pi,iter3_LMNM,49,beta-pi,3.141592653589793,0.9983212012728154,0.34626446932047467,0.3513261569492322,0.3518090147621498,0.3569166038409344,0.011429534827217314
/Users/wedi0306/Code/mts-spi-study-cluster/data/cases/r-rho-mi-260924/data/iter3_LMNM/M32_T2000_I4_beta-2pi,iter3_LMNM,4,beta-2pi,6.283185307179586,0.9947249829918344,0.48332740589627293,0.4863870398013287,0.48794716427830814,0.4910214073955543,0.008497710162123528
/Users/wedi0306/Code/mts-spi-study-cluster/data/cases/r-rho-mi-260924/data/iter3_LMNM/M32_T2000_I4_beta-5,iter3_LMNM,4,beta-5,5.0,0.995779713527884,0.5161344570800606,0.5206617911326389,0.521024982284104,0.5256011523623054,0.009718667880656895
/Users/wedi0306/Code/mts-spi-study-cluster/data/cases/r-rho-mi-260924/data/iter3_LMNM/M32_T2000_I4_beta-pi,iter3_LMNM,4,beta-pi,3.141592653589793,0.9979077212227416,0.5611964397489717,0.5683009153563555,0.5661617632007883,0.5732728529987442,0.010711370069070636
/Users/wedi0306/Code/mts-spi-study-cluster/data/cases/r-rho-mi-260924/data/iter3_LMNM/M32_T2000_I5_beta-2pi,iter3_LMNM,5,beta-2pi,6.283185307179586,0.9951156238199698,0.43757164027017664,0.4338436105744923,0.44224152140674,0.43858124779824287,0.00798035941759112
/Users/wedi0306/Code/mts-spi-study-cluster/data/cases/r-rho-mi-260924/data/iter3_LMNM/M32_T2000_I5_beta-5,iter3_LMNM,5,beta-5,5.0,0.996017263402808,0.46636412300443125,0.4645775958349941,0.4713029905261169,0.4696280928326471,0.008970413963763413
/Users/wedi0306/Code/mts-spi-study-cluster/data/cases/r-rho-mi-260924/data/iter3_LMNM/M32_T2000_I5_beta-pi,iter3_LMNM,5,beta-pi,3.141592653589793,0.9978467632212321,0.510337675646846,0.5151759729200115,0.5155588625714358,0.5204651194488845,0.010026535803969061
/Users/wedi0306/Code/mts-spi-study-cluster/data/cases/r-rho-mi-260924/data/iter3_LMNM/M32_T2000_I6_beta-2pi,iter3_LMNM,6,beta-2pi,6.283185307179586,0.9937488553541626,0.4360068080008692,0.452383666433923,0.4410411601557917,0.4574312630880087,0.009742255220785534
/Users/wedi0306/Code/mts-spi-study-cluster/data/cases/r-rho-mi-260924/data/iter3_LMNM/M32_T2000_I6_beta-5,iter3_LMNM,6,beta-5,5.0,0.9948379211859709,0.46118080547349427,0.4773803384457706,0.4664906764303039,0.4827519751600737,0.010512028544126473
/Users/wedi0306/Code/mts-spi-study-cluster/data/cases/r-rho-mi-260924/data/iter3_LMNM/M32_T2000_I6_beta-pi,iter3_LMNM,6,beta-pi,3.141592653589793,0.9970950523245686,0.4915495855242702,0.5056245661007306,0.496858835901183,0.5109450249777636,0.011305672090935026
/Users/wedi0306/Code/mts-spi-study-cluster/data/cases/r-rho-mi-260924/data/iter3_LMNM/M32_T2000_I7_beta-2pi,iter3_LMNM,7,beta-2pi,6.283185307179586,0.9949298192539608,0.3267189571667857,0.3440056874727531,0.3332874305971857,0.35051117775041374,0.008541353726185807
/Users/wedi0306/Code/mts-spi-study-cluster/data/cases/r-rho-mi-260924/data/iter3_LMNM/M32_T2000_I7_beta-5,iter3_LMNM,7,beta-5,5.0,0.9958498323145394,0.35826676377058725,0.3731429053125651,0.36537625719557226,0.38022228437223143,0.009004121173637802
/Users/wedi0306/Code/mts-spi-study-cluster/data/cases/r-rho-mi-260924/data/iter3_LMNM/M32_T2000_I7_beta-pi,iter3_LMNM,7,beta-pi,3.141592653589793,0.9977454151474084,0.4130910089098656,0.4247614447631181,0.4211905288398087,0.432797533645238,0.010178038866280659
/Users/wedi0306/Code/mts-spi-study-cluster/data/cases/r-rho-mi-260924/data/iter3_LMNM/M32_T2000_I8_beta-2pi,iter3_LMNM,8,beta-2pi,6.283185307179586,0.9956145530771066,0.3953390933263155,0.41231682092244093,0.3996084202287972,0.416586937803403,0.006723471855864638
/Users/wedi0306/Code/mts-spi-study-cluster/data/cases/r-rho-mi-260924/data/iter3_LMNM/M32_T2000_I8_beta-5,iter3_LMNM,8,beta-5,5.0,0.996464548788197,0.42430699338776884,0.43830272116902247,0.4291353818149064,0.4431474265801639,0.007711706683639186
/Users/wedi0306/Code/mts-spi-study-cluster/data/cases/r-rho-mi-260924/data/iter3_LMNM/M32_T2000_I8_beta-pi,iter3_LMNM,8,beta-pi,3.141592653589793,0.9981010384509514,0.46686789672387674,0.47718665236524876,0.47198443326912953,0.4823317734543513,0.007969698701151717
/Users/wedi0306/Code/mts-spi-study-cluster/data/cases/r-rho-mi-260924/data/iter3_LMNM/M32_T2000_I9_beta-2pi,iter3_LMNM,9,beta-2pi,6.283185307179586,0.9964632276648528,0.333410686678445,0.3372589208218884,0.33743746407484315,0.34132061902989314,0.00915542120395374
/Users/wedi0306/Code/mts-spi-study-cluster/data/cases/r-rho-mi-260924/data/iter3_LMNM/M32_T2000_I9_beta-5,iter3_LMNM,9,beta-5,5.0,0.9971978752212148,0.35731951462634404,0.3583386547752673,0.36154787769823143,0.36260660406498196,0.00944760915291587
/Users/wedi0306/Code/mts-spi-study-cluster/data/cases/r-rho-mi-260924/data/iter3_LMNM/M32_T2000_I9_beta-pi,iter3_LMNM,9,beta-pi,3.141592653589793,0.9986645585030527,0.411088587992376,0.41065235977468567,0.4159643958339429,0.41559854925993767,0.010413104866826117
