block,label,training
0,linked-signs,True
0,unlinked-signs,True
1,linked-signs,True
1,unlinked-signs,True
2,linked-signs,True
2,unlinked-signs,True
3,linked-signs,True
3,unlinked-signs,True
4,linked-signs,True
4,unlinked-signs,True
5,linked-signs,True
5,unlinked-signs,True
6,linked-signs,True
6,unlinked-signs,True
7,linked-signs,True
7,unlinked-signs,True
8,linked-signs,True
8,unlinked-signs,True
9,linked-signs,True
9,unlinked-signs,True
10,linked-signs,True
10,unlinked-signs,True
11,linked-signs,True
11,unlinked-signs,True
12,linked-signs,True
12,unlinked-signs,True
13,linked-signs,True
13,unlinked-signs,True
14,linked-signs,True
14,unlinked-signs,True
15,linked-signs,True
15,unlinked-signs,True
16,linked-signs,True
16,unlinked-signs,True
17,linked-signs,True
17,unlinked-signs,True
18,linked-signs,True
18,unlinked-signs,True
19,linked-signs,True
19,unlinked-signs,True
20,linked-signs,True
20,unlinked-signs,True
21,linked-signs,True
21,unlinked-signs,True
22,linked-signs,True
22,unlinked-signs,True
23,linked-signs,True
23,unlinked-signs,True
24,linked-signs,True
24,unlinked-signs,True
25,linked-signs,True
25,unlinked-signs,True
26,linked-signs,True
26,unlinked-signs,True
27,linked-signs,True
27,unlinked-signs,True
28,linked-signs,True
28,unlinked-signs,True
29,linked-signs,True
29,unlinked-signs,True
30,linked-signs,True
30,unlinked-signs,True
31,linked-signs,True
31,unlinked-signs,True
32,linked-signs,True
32,unlinked-signs,True
33,linked-signs,True
33,unlinked-signs,True
34,linked-signs,True
34,unlinked-signs,True
35,linked-signs,True
35,unlinked-signs,True
36,linked-signs,True
36,unlinked-signs,True
37,linked-signs,True
37,unlinked-signs,True
38,linked-signs,True
38,unlinked-signs,True
39,linked-signs,True
39,unlinked-signs,True
40,linked-signs,True
40,unlinked-signs,True
41,linked-signs,True
41,unlinked-signs,True
42,linked-signs,True
42,unlinked-signs,True
43,linked-signs,True
43,unlinked-signs,True
44,linked-signs,True
44,unlinked-signs,True
45,linked-signs,True
45,unlinked-signs,True
46,linked-signs,True
46,unlinked-signs,True
47,linked-signs,True
47,unlinked-signs,True
48,linked-signs,True
48,unlinked-signs,True
49,linked-signs,True
49,unlinked-signs,True
50,linked-signs,True
50,unlinked-signs,True
51,linked-signs,True
51,unlinked-signs,True
52,linked-signs,True
52,unlinked-signs,True
53,linked-signs,True
53,unlinked-signs,True
54,linked-signs,True
54,unlinked-signs,True
55,linked-signs,True
55,unlinked-signs,True
56,linked-signs,True
56,unlinked-signs,True
57,linked-signs,True
57,unlinked-signs,True
58,linked-signs,True
58,unlinked-signs,True
59,linked-signs,True
59,unlinked-signs,True
60,linked-signs,True
60,unlinked-signs,True
61,linked-signs,True
61,unlinked-signs,True
62,linked-signs,True
62,unlinked-signs,True
63,linked-signs,True
63,unlinked-signs,True
64,linked-signs,True
64,unlinked-signs,True
65,linked-signs,True
65,unlinked-signs,True
66,linked-signs,True
66,unlinked-signs,True
67,linked-signs,True
67,unlinked-signs,True
68,linked-signs,True
68,unlinked-signs,True
69,linked-signs,True
69,unlinked-signs,True
70,linked-signs,True
70,unlinked-signs,True
71,linked-signs,True
71,unlinked-signs,True
72,linked-signs,True
72,unlinked-signs,True
73,linked-signs,True
73,unlinked-signs,True
74,linked-signs,True
74,unlinked-signs,True
75,linked-signs,True
75,unlinked-signs,True
76,linked-signs,True
76,unlinked-signs,True
77,linked-signs,True
77,unlinked-signs,True
78,linked-signs,True
78,unlinked-signs,True
79,linked-signs,True
79,unlinked-signs,True
80,linked-signs,True
80,unlinked-signs,True
81,linked-signs,True
81,unlinked-signs,True
82,linked-signs,True
82,unlinked-signs,True
83,linked-signs,True
83,unlinked-signs,True
84,linked-signs,True
84,unlinked-signs,True
85,linked-signs,True
85,unlinked-signs,True
86,linked-signs,True
86,unlinked-signs,True
87,linked-signs,True
87,unlinked-signs,True
88,linked-signs,True
88,unlinked-signs,True
89,linked-signs,True
89,unlinked-signs,True
90,linked-signs,True
90,unlinked-signs,True
91,linked-signs,True
91,unlinked-signs,True
92,linked-signs,True
92,unlinked-signs,True
93,linked-signs,True
93,unlinked-signs,True
94,linked-signs,True
94,unlinked-signs,True
95,linked-signs,True
95,unlinked-signs,True
96,linked-signs,False
96,unlinked-signs,False
97,linked-signs,False
97,unlinked-signs,False
98,linked-signs,False
98,unlinked-signs,False
99,linked-signs,False
99,unlinked-signs,False
100,linked-signs,False
100,unlinked-signs,False
101,linked-signs,False
101,unlinked-signs,False
102,linked-signs,False
102,unlinked-signs,False
103,linked-signs,False
103,unlinked-signs,False
104,linked-signs,False
104,unlinked-signs,False
105,linked-signs,False
105,unlinked-signs,False
106,linked-signs,False
106,unlinked-signs,False
107,linked-signs,False
107,unlinked-signs,False
108,linked-signs,False
108,unlinked-signs,False
109,linked-signs,False
109,unlinked-signs,False
110,linked-signs,False
110,unlinked-signs,False
111,linked-signs,False
111,unlinked-signs,False
112,linked-signs,False
112,unlinked-signs,False
113,linked-signs,False
113,unlinked-signs,False
114,linked-signs,False
114,unlinked-signs,False
115,linked-signs,False
115,unlinked-signs,False
116,linked-signs,False
116,unlinked-signs,False
117,linked-signs,False
117,unlinked-signs,False
118,linked-signs,False
118,unlinked-signs,False
119,linked-signs,False
119,unlinked-signs,False
120,linked-signs,False
120,unlinked-signs,False
121,linked-signs,False
121,unlinked-signs,False
122,linked-signs,False
122,unlinked-signs,False
123,linked-signs,False
123,unlinked-signs,False
124,linked-signs,False
124,unlinked-signs,False
125,linked-signs,False
125,unlinked-signs,False
126,linked-signs,False
126,unlinked-signs,False
127,linked-signs,False
127,unlinked-signs,False
